{
"type": "FeatureCollection",
"name": "SHPValue_Provinsi2",
"features": [
{ "type": "Feature", "properties": { "KDPPUM": null, "NAMOBJ": "DKI Jakarta", "REMARK": "Wilayah Administrasi Provinsi", "KDPBPS": null, "FCODE": null, "LUASWH": 0.0, "UUPP": null, "SRS_ID": null, "LCODE": "BA0080", "METADATA": null, "KDEBPS": null, "KDEPUM": null, "KDCBPS": null, "KDCPUM": null, "KDBBPS": null, "KDBPUM": null, "WADMKD": null, "WIADKD": null, "WADMKC": null, "WIADKC": null, "WADMKK": null, "WIADKK": null, "WADMPR": "DKI Jakarta", "WIADPR": null, "TIPADM": 0, "SHAPE_Leng": 0.27716774253900001, "SHAPE_Area": 0.00214993243069, "KDPKAB": null, "luas": null, "%_Formal": 0.636715, "Tot_Kerja": 5128464, "Tot_Formal": 3249983, "Tot_Infrml": 1878481, "Tot_15+": 8430623 }, "geometry": { "type": "MultiPolygon", "coordinates": [ [ [ [ 106.51944934100004, -5.95981881299997, 0.0 ], [ 106.519431376000057, -5.95943731999995, 0.0 ], [ 106.519427415000052, -5.95928945199995, 0.0 ], [ 106.519498799000075, -5.959087197999963, 0.0 ], [ 106.519653464000044, -5.958813559999953, 0.0 ], [ 106.519724848000067, -5.958278180999969, 0.0 ], [ 106.519736745000046, -5.957790391999936, 0.0 ], [ 106.519701053000063, -5.957659520999925, 0.0 ], [ 106.519617772000061, -5.95754054799994, 0.0 ], [ 106.519451210000057, -5.957255012999951, 0.0 ], [ 106.519379826000034, -5.956933785999979, 0.0 ], [ 106.519439312000088, -5.956743428999971, 0.0 ], [ 106.519570183000042, -5.956636352999965, 0.0 ], [ 106.51976054000005, -5.956529276999959, 0.0 ], [ 106.519927102000054, -5.956410303999974, 0.0 ], [ 106.519974691000073, -5.956279433999953, 0.0 ], [ 106.519938999000033, -5.956053384999962, 0.0 ], [ 106.519867615000067, -5.955791644999977, 0.0 ], [ 106.519772437000086, -5.955458519999979, 0.0 ], [ 106.519808129000069, -5.955125394999925, 0.0 ], [ 106.519867615000067, -5.954970729999957, 0.0 ], [ 106.520022280000035, -5.95486365499994, 0.0 ], [ 106.520438686000034, -5.954435351999962, 0.0 ], [ 106.520790540000064, -5.95421274399996, 0.0 ], [ 106.520903721000082, -5.954199833999951, 0.0 ], [ 106.520981219000078, -5.954200795999952, 0.0 ], [ 106.521171876000039, -5.95421384399998, 0.0 ], [ 106.521387556000036, -5.954228604999969, 0.0 ], [ 106.521575756000061, -5.954330001999949, 0.0 ], [ 106.521822780000036, -5.954437847999941, 0.0 ], [ 106.522249805000058, -5.954624514999978, 0.0 ], [ 106.522645142000044, -5.954904567999961, 0.0 ], [ 106.522654584000065, -5.95498181499994, 0.0 ], [ 106.522690241000078, -5.955112557999939, 0.0 ], [ 106.522697033000043, -5.955278957999951, 0.0 ], [ 106.522715710000057, -5.955418190999978, 0.0 ], [ 106.522725898000033, -5.955525161999958, 0.0 ], [ 106.522742878000088, -5.955586288999939, 0.0 ], [ 106.522760672000061, -5.95560949999998, 0.0 ], [ 106.522725087000083, -5.955683072999932, 0.0 ], [ 106.522688426000059, -5.95575936399996, 0.0 ], [ 106.522705123000037, -5.955987949999951, 0.0 ], [ 106.522639688000083, -5.956184255999972, 0.0 ], [ 106.522527727000067, -5.956305762999932, 0.0 ], [ 106.52240769000008, -5.956499533999931, 0.0 ], [ 106.522360101000061, -5.956701787999975, 0.0 ], [ 106.522395793000044, -5.956915939999931, 0.0 ], [ 106.522485023000058, -5.95715983499997, 0.0 ], [ 106.522603996000043, -5.957659520999925, 0.0 ], [ 106.522728270000073, -5.958111776999942, 0.0 ], [ 106.522736085000076, -5.958730338999942, 0.0 ], [ 106.522657533000086, -5.95895037899993, 0.0 ], [ 106.522449331000075, -5.959247811999944, 0.0 ], [ 106.522092411000074, -5.959634473999927, 0.0 ], [ 106.521807151000075, -5.959785934999957, 0.0 ], [ 106.521763510000085, -5.959800869999981, 0.0 ], [ 106.521705749000034, -5.959640422999939, 0.0 ], [ 106.521360727000058, -5.959711806999962, 0.0 ], [ 106.521152524000058, -5.959789138999952, 0.0 ], [ 106.520926476000056, -5.959878368999966, 0.0 ], [ 106.520783708000067, -5.959896214999958, 0.0 ], [ 106.520474378000074, -5.959967598999981, 0.0 ], [ 106.520079641000052, -5.960143867999932, 0.0 ], [ 106.519739664000042, -5.960208314999932, 0.0 ], [ 106.519577072000061, -5.960089835999952, 0.0 ], [ 106.51944934100004, -5.95981881299997, 0.0 ] ] ], [ [ [ 106.527233396000042, -5.80325415599998, 0.0 ], [ 106.52756652100004, -5.803401682999947, 0.0 ], [ 106.528218493000054, -5.803577762999964, 0.0 ], [ 106.528680109000049, -5.803691976999971, 0.0 ], [ 106.529213108000079, -5.80385378099993, 0.0 ], [ 106.529441536000036, -5.803863297999953, 0.0 ], [ 106.529517679000037, -5.803868056999931, 0.0 ], [ 106.529798455000048, -5.803987029999973, 0.0 ], [ 106.530036401000075, -5.804072690999931, 0.0 ], [ 106.530088749000072, -5.804139315999976, 0.0 ], [ 106.530055437000044, -5.804158351999945, 0.0 ], [ 106.529993571000034, -5.804167868999969, 0.0 ], [ 106.529898393000053, -5.804167868999969, 0.0 ], [ 106.529760384000042, -5.804167868999969, 0.0 ], [ 106.529393947000074, -5.804210699999942, 0.0 ], [ 106.528965644000039, -5.804282083999965, 0.0 ], [ 106.528789564000078, -5.804315395999936, 0.0 ], [ 106.528670591000036, -5.804301118999945, 0.0 ], [ 106.528451680000046, -5.804329672999927, 0.0 ], [ 106.52825656400006, -5.804362984999955, 0.0 ], [ 106.527994824000075, -5.804358225999977, 0.0 ], [ 106.527147736000074, -5.804362984999955, 0.0 ], [ 106.526024667000058, -5.80437650999994, 0.0 ], [ 106.525690874000077, -5.804360206999945, 0.0 ], [ 106.525134712000067, -5.804329672999927, 0.0 ], [ 106.524449427000036, -5.804282083999965, 0.0 ], [ 106.523715856000081, -5.804239421999966, 0.0 ], [ 106.522940468000058, -5.804166599999974, 0.0 ], [ 106.522744400000079, -5.804136142999937, 0.0 ], [ 106.522574983000084, -5.804099975999975, 0.0 ], [ 106.522439829000064, -5.80409236099996, 0.0 ], [ 106.522279930000082, -5.804094264999947, 0.0 ], [ 106.522232340000073, -5.804079035999962, 0.0 ], [ 106.522204896000062, -5.804053115999977, 0.0 ], [ 106.521939928000052, -5.804025799999977, 0.0 ], [ 106.52192565100006, -5.804131447999964, 0.0 ], [ 106.522096972000043, -5.804162856999938, 0.0 ], [ 106.522094117000051, -5.804254227999934, 0.0 ], [ 106.522368231000087, -5.804299913999955, 0.0 ], [ 106.522353954000039, -5.804482656999937, 0.0 ], [ 106.522311124000055, -5.804916669999955, 0.0 ], [ 106.522265438000034, -5.805330696999931, 0.0 ], [ 106.52205699700005, -5.80534782899997, 0.0 ], [ 106.522011312000075, -5.805413501999965, 0.0 ], [ 106.521985614000073, -5.805507728999942, 0.0 ], [ 106.521959915000082, -5.805639074999931, 0.0 ], [ 106.521908519000078, -5.805716168999936, 0.0 ], [ 106.521879966000085, -5.805696181999963, 0.0 ], [ 106.521885676000068, -5.805659061999961, 0.0 ], [ 106.521908519000078, -5.805604810999967, 0.0 ], [ 106.52191423000005, -5.805493451999951, 0.0 ], [ 106.521931362000032, -5.805390658999954, 0.0 ], [ 106.521974192000073, -5.80516223099994, 0.0 ], [ 106.522162645000037, -5.80515937499996, 0.0 ], [ 106.522196910000048, -5.804836720999958, 0.0 ], [ 106.522251161000042, -5.804414127999962, 0.0 ], [ 106.521897098000068, -5.80437700899995, 0.0 ], [ 106.521488782000063, -5.804325611999957, 0.0 ], [ 106.521468795000033, -5.804485511999928, 0.0 ], [ 106.521445952000079, -5.804773902999955, 0.0 ], [ 106.521425964000059, -5.805085135999946, 0.0 ], [ 106.521660103000045, -5.805122255999947, 0.0 ], [ 106.521620128000052, -5.805356394999933, 0.0 ], [ 106.521600141000079, -5.805633363999959, 0.0 ], [ 106.521563021000077, -5.805630508999968, 0.0 ], [ 106.521531612000047, -5.805596243999958, 0.0 ], [ 106.521528757000056, -5.805541992999963, 0.0 ], [ 106.521523046000084, -5.805242180999926, 0.0 ], [ 106.521254643000077, -5.805202205999933, 0.0 ], [ 106.521388845000047, -5.804182844999957, 0.0 ], [ 106.521677235000084, -5.804208542999959, 0.0 ], [ 106.521691512000075, -5.804102894999971, 0.0 ], [ 106.521879966000085, -5.804125737999925, 0.0 ], [ 106.521888532000048, -5.804022944999929, 0.0 ], [ 106.521725776000039, -5.804008667999938, 0.0 ], [ 106.521425964000059, -5.803968692999945, 0.0 ], [ 106.521388186000081, -5.803950242999974, 0.0 ], [ 106.521276749000037, -5.803957207999929, 0.0 ], [ 106.521176147000062, -5.803943015999948, 0.0 ], [ 106.521137788000033, -5.803919135999934, 0.0 ], [ 106.521084488000042, -5.803882968999972, 0.0 ], [ 106.520998828000074, -5.803873450999959, 0.0 ], [ 106.520897939000065, -5.803873450999959, 0.0 ], [ 106.52082641700008, -5.803890493999972, 0.0 ], [ 106.520749715000079, -5.80387563499994, 0.0 ], [ 106.520661896000036, -5.803831571999979, 0.0 ], [ 106.520589560000076, -5.803797307999957, 0.0 ], [ 106.520370650000075, -5.803764946999934, 0.0 ], [ 106.520191715000067, -5.803736393999941, 0.0 ], [ 106.520105310000076, -5.803750797999953, 0.0 ], [ 106.519881759000043, -5.80372136099993, 0.0 ], [ 106.519763412000088, -5.803665961999968, 0.0 ], [ 106.51970440100007, -5.803643118999958, 0.0 ], [ 106.519489298000053, -5.803606950999949, 0.0 ], [ 106.519060995000075, -5.803525097999966, 0.0 ], [ 106.518908709000073, -5.803498447999971, 0.0 ], [ 106.518720256000051, -5.803488929999958, 0.0 ], [ 106.518564163000065, -5.803477508999947, 0.0 ], [ 106.518457563000084, -5.803458472999978, 0.0 ], [ 106.518021646000079, -5.80339375099993, 0.0 ], [ 106.517779893000068, -5.803359486999966, 0.0 ], [ 106.517583825000088, -5.803319511999973, 0.0 ], [ 106.517389661000038, -5.803292861999978, 0.0 ], [ 106.517262122000034, -5.803271922999954, 0.0 ], [ 106.517201208000074, -5.803270019999957, 0.0 ], [ 106.51715620300007, -5.803287375999957, 0.0 ], [ 106.51712212700005, -5.803273562999948, 0.0 ], [ 106.517115650000051, -5.803265951999947, 0.0 ], [ 106.517107933000034, -5.803228140999977, 0.0 ], [ 106.517102222000062, -5.803191972999969, 0.0 ], [ 106.51708509000008, -5.803171033999945, 0.0 ], [ 106.517043212000033, -5.803132962999939, 0.0 ], [ 106.516944226000078, -5.803054915999951, 0.0 ], [ 106.516738641000074, -5.80290643799998, 0.0 ], [ 106.516588259000059, -5.802792223999973, 0.0 ], [ 106.516544477000082, -5.802735116999941, 0.0 ], [ 106.516141770000047, -5.802496994999956, 0.0 ], [ 106.516163763000066, -5.80246290599996, 0.0 ], [ 106.516640036000069, -5.802735433999942, 0.0 ], [ 106.516754250000076, -5.802754469999968, 0.0 ], [ 106.516916053000045, -5.802692603999958, 0.0 ], [ 106.517035026000087, -5.80258314799994, 0.0 ], [ 106.517120687000045, -5.802540317999956, 0.0 ], [ 106.517253937000078, -5.802516523999941, 0.0 ], [ 106.517377669000041, -5.802497487999972, 0.0 ], [ 106.517534713000089, -5.802426103999949, 0.0 ], [ 106.517748865000044, -5.80237851499993, 0.0 ], [ 106.517986811000071, -5.802373755999952, 0.0 ], [ 106.518415114000049, -5.80244038099994, 0.0 ], [ 106.51869589000006, -5.802449898999953, 0.0 ], [ 106.51920033600004, -5.802459415999976, 0.0 ], [ 106.520052183000075, -5.80252128199993, 0.0 ], [ 106.520642289000079, -5.802545076999934, 0.0 ], [ 106.521379922000051, -5.802549835999969, 0.0 ], [ 106.521931957000049, -5.802507005999928, 0.0 ], [ 106.52235550100005, -5.802445139999975, 0.0 ], [ 106.522560135000049, -5.802468933999933, 0.0 ], [ 106.52282187600008, -5.802507005999928, 0.0 ], [ 106.523345357000039, -5.802483210999981, 0.0 ], [ 106.523478607000072, -5.80250224699995, 0.0 ], [ 106.523864079000077, -5.802597424999931, 0.0 ], [ 106.52437804300007, -5.802730674999964, 0.0 ], [ 106.524934837000046, -5.802825852999945, 0.0 ], [ 106.525843791000057, -5.802973379999969, 0.0 ], [ 106.52657666500005, -5.803073316999928, 0.0 ], [ 106.526928825000084, -5.803139941999973, 0.0 ], [ 106.527233396000042, -5.80325415599998, 0.0 ] ] ], [ [ [ 106.53585473000004, -5.804494505999969, 0.0 ], [ 106.535801430000049, -5.804473185999939, 0.0 ], [ 106.535761836000063, -5.804448820999937, 0.0 ], [ 106.535749653000039, -5.804418363999957, 0.0 ], [ 106.535758791000035, -5.804375723999954, 0.0 ], [ 106.53576488200008, -5.804342220999956, 0.0 ], [ 106.535760313000083, -5.804295011999955, 0.0 ], [ 106.535737471000061, -5.804284351999968, 0.0 ], [ 106.535759901000063, -5.80425361999994, 0.0 ], [ 106.535882142000048, -5.804225722999945, 0.0 ], [ 106.535892603000036, -5.804168181999955, 0.0 ], [ 106.535897370000043, -5.804141964999928, 0.0 ], [ 106.53593924900008, -5.803974450999931, 0.0 ], [ 106.535943056000065, -5.803806936999933, 0.0 ], [ 106.535929991000046, -5.803794960999937, 0.0 ], [ 106.53592804200008, -5.803791593999961, 0.0 ], [ 106.53590650700005, -5.803754398999956, 0.0 ], [ 106.535895086000039, -5.803703002999953, 0.0 ], [ 106.535869388000037, -5.803634473999978, 0.0 ], [ 106.535852256000055, -5.803608775999976, 0.0 ], [ 106.535817991000044, -5.803605920999928, 0.0 ], [ 106.535772306000069, -5.803628762999949, 0.0 ], [ 106.53576374000005, -5.803605920999928, 0.0 ], [ 106.53578372700008, -5.803591643999937, 0.0 ], [ 106.535803715000043, -5.803577366999946, 0.0 ], [ 106.535844070000053, -5.803563280999981, 0.0 ], [ 106.535885949000033, -5.803494751999949, 0.0 ], [ 106.535908792000043, -5.803433837999933, 0.0 ], [ 106.535946863000049, -5.803395766999927, 0.0 ], [ 106.535973513000044, -5.803395766999927, 0.0 ], [ 106.53601158400005, -5.803433837999933, 0.0 ], [ 106.535996356000055, -5.803635615999951, 0.0 ], [ 106.535985700000083, -5.803724770999963, 0.0 ], [ 106.536000021000063, -5.803787805999946, 0.0 ], [ 106.536023065000052, -5.803889233999939, 0.0 ], [ 106.536024984000051, -5.80392932999996, 0.0 ], [ 106.536007159000064, -5.804016228999956, 0.0 ], [ 106.53597999200008, -5.804146804999959, 0.0 ], [ 106.535970345000067, -5.804190393999932, 0.0 ], [ 106.535939420000034, -5.804330131999961, 0.0 ], [ 106.535947625000063, -5.804378768999925, 0.0 ], [ 106.535950670000034, -5.804407703999971, 0.0 ], [ 106.535946078000052, -5.804496106999977, 0.0 ], [ 106.535915645000046, -5.804499074999967, 0.0 ], [ 106.53585473000004, -5.804494505999969, 0.0 ] ] ], [ [ [ 106.498906412000053, -5.799703676999968, 0.0 ], [ 106.498977796000077, -5.799722711999948, 0.0 ], [ 106.499049180000043, -5.79975126599993, 0.0 ], [ 106.499103908000052, -5.79978695799997, 0.0 ], [ 106.499156256000049, -5.799832167999966, 0.0 ], [ 106.499203845000068, -5.799894033999976, 0.0 ], [ 106.499294264000071, -5.79996303799993, 0.0 ], [ 106.499417996000034, -5.80006059599998, 0.0 ], [ 106.499541728000054, -5.800129599999934, 0.0 ], [ 106.499667840000086, -5.800208121999958, 0.0 ], [ 106.499820125000042, -5.800317577999976, 0.0 ], [ 106.49994861600004, -5.800405617999957, 0.0 ], [ 106.500050933000068, -5.800453206999975, 0.0 ], [ 106.500234152000075, -5.800517451999951, 0.0 ], [ 106.500403093000045, -5.800572179999961, 0.0 ], [ 106.50061962400008, -5.800636424999936, 0.0 ], [ 106.500681490000034, -5.800695911999981, 0.0 ], [ 106.500693387000069, -5.800783951999961, 0.0 ], [ 106.500598209000088, -5.800755397999978, 0.0 ], [ 106.500505410000073, -5.80073398299993, 0.0 ], [ 106.500253187000055, -5.800638804999949, 0.0 ], [ 106.499936719000061, -5.800531728999943, 0.0 ], [ 106.499610733000054, -5.800407996999979, 0.0 ], [ 106.499320438000041, -5.800324715999977, 0.0 ], [ 106.498970658000076, -5.800184327999943, 0.0 ], [ 106.49872081400008, -5.800089148999973, 0.0 ], [ 106.498718435000058, -5.800043939999966, 0.0 ], [ 106.498751747000085, -5.799979693999944, 0.0 ], [ 106.498792198000046, -5.799877376999973, 0.0 ], [ 106.498846926000056, -5.799756024999965, 0.0 ], [ 106.498906412000053, -5.799703676999968, 0.0 ] ] ], [ [ [ 106.489385281000068, -5.795524329999978, 0.0 ], [ 106.489614281000058, -5.795577329999958, 0.0 ], [ 106.489958281000042, -5.795606329999941, 0.0 ], [ 106.490255281000088, -5.795701329999929, 0.0 ], [ 106.490591281000036, -5.795823329999962, 0.0 ], [ 106.490850281000064, -5.795943329999943, 0.0 ], [ 106.491346281000062, -5.796129329999928, 0.0 ], [ 106.491994281000075, -5.796245329999977, 0.0 ], [ 106.492171248000034, -5.796231497999941, 0.0 ], [ 106.492458769000052, -5.796173623999948, 0.0 ], [ 106.493089326000074, -5.796102239999925, 0.0 ], [ 106.493858277000072, -5.795980216999965, 0.0 ], [ 106.494054281000047, -5.795945329999938, 0.0 ], [ 106.494151141000089, -5.795922803999929, 0.0 ], [ 106.494356389000075, -5.795792909999932, 0.0 ], [ 106.494919043000039, -5.795603525999979, 0.0 ], [ 106.495130281000058, -5.795497329999932, 0.0 ], [ 106.495359281000049, -5.795390329999975, 0.0 ], [ 106.496168281000053, -5.795366329999979, 0.0 ], [ 106.496976281000059, -5.795596329999967, 0.0 ], [ 106.498195175000035, -5.796546542999977, 0.0 ], [ 106.498445035000088, -5.796556671999952, 0.0 ], [ 106.498622067000042, -5.796431036999934, 0.0 ], [ 106.49874770200006, -5.796307304999971, 0.0 ], [ 106.49874770200006, -5.796170247999953, 0.0 ], [ 106.49877815900004, -5.796044611999946, 0.0 ], [ 106.498842881000087, -5.79592278399997, 0.0 ], [ 106.498919023000042, -5.795827604999943, 0.0 ], [ 106.499075116000085, -5.795770497999968, 0.0 ], [ 106.499314966000043, -5.795732426999962, 0.0 ], [ 106.49947105800004, -5.795781919999968, 0.0 ], [ 106.499646187000053, -5.795896133999975, 0.0 ], [ 106.499745172000075, -5.795972275999929, 0.0 ], [ 106.499851772000056, -5.796109332999947, 0.0 ], [ 106.499908879000088, -5.796162632999938, 0.0 ], [ 106.500053550000075, -5.796086490999926, 0.0 ], [ 106.500175379000041, -5.795968468999945, 0.0 ], [ 106.500278172000037, -5.795873290999964, 0.0 ], [ 106.500331471000038, -5.795800954999947, 0.0 ], [ 106.500392386000044, -5.795778111999937, 0.0 ], [ 106.500426650000065, -5.795808569999963, 0.0 ], [ 106.500377157000059, -5.795915168999954, 0.0 ], [ 106.500156343000072, -5.796067454999957, 0.0 ], [ 106.499946951000084, -5.796227354999928, 0.0 ], [ 106.499813701000051, -5.796337761999951, 0.0 ], [ 106.499235016000057, -5.795896133999975, 0.0 ], [ 106.498679174000074, -5.796505275999948, 0.0 ], [ 106.499402530000054, -5.797015431999966, 0.0 ], [ 106.500270557000078, -5.79636821899993, 0.0 ], [ 106.500316243000043, -5.796318725999981, 0.0 ], [ 106.500365736000049, -5.796280654999975, 0.0 ], [ 106.500457107000045, -5.796208318999959, 0.0 ], [ 106.500491371000066, -5.796162632999938, 0.0 ], [ 106.500540864000072, -5.796174054999938, 0.0 ], [ 106.500491371000066, -5.796250197999939, 0.0 ], [ 106.500304822000032, -5.796429132999947, 0.0 ], [ 106.499585273000037, -5.797004010999956, 0.0 ], [ 106.499931722000042, -5.797369495999931, 0.0 ], [ 106.499962179000079, -5.797350459999961, 0.0 ], [ 106.500323857000069, -5.797715945999926, 0.0 ], [ 106.500681728000075, -5.797380916999941, 0.0 ], [ 106.500617007000073, -5.796688017999941, 0.0 ], [ 106.500693150000075, -5.796577610999975, 0.0 ], [ 106.501020563000054, -5.79625400499998, 0.0 ], [ 106.501096706000055, -5.796181668999964, 0.0 ], [ 106.501153813000087, -5.796124561999932, 0.0 ], [ 106.501195692000067, -5.796071261999941, 0.0 ], [ 106.501218535000078, -5.796120754999947, 0.0 ], [ 106.501096706000055, -5.796269232999975, 0.0 ], [ 106.500971071000038, -5.796482432999937, 0.0 ], [ 106.500891121000052, -5.796642332999966, 0.0 ], [ 106.500879699000052, -5.796779389999926, 0.0 ], [ 106.500921578000089, -5.796943096999939, 0.0 ], [ 106.500940613000068, -5.797163910999927, 0.0 ], [ 106.500921578000089, -5.797335231999966, 0.0 ], [ 106.500879699000052, -5.797556045999954, 0.0 ], [ 106.500841628000046, -5.797757823999973, 0.0 ], [ 106.500811171000066, -5.797814930999948, 0.0 ], [ 106.50079213500004, -5.797845387999928, 0.0 ], [ 106.500704571000085, -5.797818737999933, 0.0 ], [ 106.500632235000069, -5.797818737999933, 0.0 ], [ 106.500533250000046, -5.797860616999969, 0.0 ], [ 106.500487564000082, -5.797898687999975, 0.0 ], [ 106.500464721000071, -5.797940566999955, 0.0 ], [ 106.500502793000067, -5.798028130999967, 0.0 ], [ 106.500601778000032, -5.798104273999968, 0.0 ], [ 106.500700764000044, -5.798195644999964, 0.0 ], [ 106.50071980000007, -5.798267979999935, 0.0 ], [ 106.500676337000073, -5.79835490499994, 0.0 ], [ 106.501005281000062, -5.798561329999927, 0.0 ], [ 106.501524516000075, -5.798826722999934, 0.0 ], [ 106.501851692000059, -5.798927849999927, 0.0 ], [ 106.502279995000038, -5.799130103999971, 0.0 ], [ 106.502534580000088, -5.799423648999948, 0.0 ], [ 106.50317128100005, -5.799796329999936, 0.0 ], [ 106.503252586000087, -5.799831061999953, 0.0 ], [ 106.50369577400005, -5.80013542699993, 0.0 ], [ 106.504730839000047, -5.800664856999958, 0.0 ], [ 106.505224281000039, -5.800850329999946, 0.0 ], [ 106.505842281000071, -5.801095329999953, 0.0 ], [ 106.50636828100005, -5.801321329999951, 0.0 ], [ 106.506811281000068, -5.801509329999931, 0.0 ], [ 106.507665281000072, -5.801766329999964, 0.0 ], [ 106.507917281000061, -5.801724329999956, 0.0 ], [ 106.508085690000087, -5.801714509999954, 0.0 ], [ 106.508819365000079, -5.801820059999955, 0.0 ], [ 106.509638478000056, -5.801925970999946, 0.0 ], [ 106.509959705000085, -5.801931919999959, 0.0 ], [ 106.510346367000068, -5.801991405999956, 0.0 ], [ 106.510854281000036, -5.802115329999936, 0.0 ], [ 106.511036411000077, -5.802288838999971, 0.0 ], [ 106.511238665000064, -5.80246134999993, 0.0 ], [ 106.511306431000037, -5.802497015999961, 0.0 ], [ 106.511464714000056, -5.802504179999971, 0.0 ], [ 106.511458765000043, -5.802663603999974, 0.0 ], [ 106.511434971000085, -5.80270524499997, 0.0 ], [ 106.511440919000052, -5.802788525999972, 0.0 ], [ 106.51148850900006, -5.802880134999953, 0.0 ], [ 106.511590826000088, -5.802982451999981, 0.0 ], [ 106.511598702000072, -5.803026758999977, 0.0 ], [ 106.511594281000043, -5.803027329999964, 0.0 ], [ 106.511564281000062, -5.803031329999953, 0.0 ], [ 106.511511102000043, -5.803021370999943, 0.0 ], [ 106.511321946000066, -5.80293248299995, 0.0 ], [ 106.511074483000073, -5.802872996999952, 0.0 ], [ 106.510874608000051, -5.802844442999969, 0.0 ], [ 106.510634282000069, -5.802787335999938, 0.0 ], [ 106.510339229000067, -5.802734987999941, 0.0 ], [ 106.509932341000081, -5.802696915999945, 0.0 ], [ 106.509734846000072, -5.802699295999957, 0.0 ], [ 106.509670601000039, -5.802713572999949, 0.0 ], [ 106.509634909000056, -5.802739746999976, 0.0 ], [ 106.509598073000063, -5.802788646999943, 0.0 ], [ 106.509204226000065, -5.802673121999931, 0.0 ], [ 106.508921070000042, -5.80258508199995, 0.0 ], [ 106.508887758000071, -5.802537492999932, 0.0 ], [ 106.508773544000064, -5.802468487999931, 0.0 ], [ 106.508533218000082, -5.802389965999964, 0.0 ], [ 106.508323826000037, -5.802363791999937, 0.0 ], [ 106.508095397000034, -5.802318581999941, 0.0 ], [ 106.507740858000034, -5.802221023999948, 0.0 ], [ 106.507493394000051, -5.802140122999958, 0.0 ], [ 106.50725544800008, -5.802061599999945, 0.0 ], [ 106.50683190400008, -5.801916452999933, 0.0 ], [ 106.506291766000061, -5.801747510999974, 0.0 ], [ 106.505951503000063, -5.80166898899995, 0.0 ], [ 106.505863463000082, -5.801661850999949, 0.0 ], [ 106.505801597000072, -5.80164995399997, 0.0 ], [ 106.505677270000035, -5.801561516999925, 0.0 ], [ 106.505483939000044, -5.80144551799998, 0.0 ], [ 106.505281685000057, -5.801368185999934, 0.0 ], [ 106.505121071000076, -5.801323570999955, 0.0 ], [ 106.504912868000076, -5.801207571999953, 0.0 ], [ 106.504722511000068, -5.801100495999947, 0.0 ], [ 106.504478617000075, -5.800975574999939, 0.0 ], [ 106.50425851600005, -5.800883370999941, 0.0 ], [ 106.504190107000056, -5.800877421999928, 0.0 ], [ 106.504157389000056, -5.800895267999977, 0.0 ], [ 106.503987853000069, -5.800814960999958, 0.0 ], [ 106.503958109000052, -5.800901216999932, 0.0 ], [ 106.503797496000061, -5.800841729999945, 0.0 ], [ 106.503812368000069, -5.80078521799993, 0.0 ], [ 106.503684471000042, -5.80072275699996, 0.0 ], [ 106.50365206500004, -5.800799507999955, 0.0 ], [ 106.503595180000048, -5.800775847999944, 0.0 ], [ 106.503630934000057, -5.80069003899996, 0.0 ], [ 106.503565498000057, -5.800636500999929, 0.0 ], [ 106.503446525000072, -5.800591886999939, 0.0 ], [ 106.503351347000034, -5.800582963999943, 0.0 ], [ 106.503262117000077, -5.800594860999979, 0.0 ], [ 106.503166939000039, -5.800574040999948, 0.0 ], [ 106.503125298000043, -5.800529425999969, 0.0 ], [ 106.503068786000085, -5.800505630999965, 0.0 ], [ 106.503077709000081, -5.800446144999967, 0.0 ], [ 106.502994428000079, -5.800410452999927, 0.0 ], [ 106.502878429000077, -5.800383683999939, 0.0 ], [ 106.502691047000042, -5.800336094999977, 0.0 ], [ 106.502622637000059, -5.800306350999961, 0.0 ], [ 106.502569099000084, -5.800291479999942, 0.0 ], [ 106.502473921000046, -5.800282556999946, 0.0 ], [ 106.502381717000048, -5.800315273999956, 0.0 ], [ 106.502235975000076, -5.800288504999969, 0.0 ], [ 106.502221103000068, -5.800321222999969, 0.0 ], [ 106.502131873000053, -5.800294453999925, 0.0 ], [ 106.50215864200004, -5.800217120999946, 0.0 ], [ 106.502102130000083, -5.800202249999927, 0.0 ], [ 106.502036695000072, -5.800246864999963, 0.0 ], [ 106.501917722000087, -5.800229018999971, 0.0 ], [ 106.501846338000064, -5.800199275999944, 0.0 ], [ 106.501727365000079, -5.800223069999959, 0.0 ], [ 106.501658955000039, -5.800297427999965, 0.0 ], [ 106.501632186000052, -5.800374760999944, 0.0 ], [ 106.501620289000073, -5.80044911899995, 0.0 ], [ 106.501578648000077, -5.800493733999929, 0.0 ], [ 106.501534034000088, -5.800526450999939, 0.0 ], [ 106.501495367000075, -5.800597834999962, 0.0 ], [ 106.501465624000048, -5.800728705999973, 0.0 ], [ 106.501441829000044, -5.800838755999962, 0.0 ], [ 106.501412086000073, -5.800868498999932, 0.0 ], [ 106.501385317000086, -5.800868498999932, 0.0 ], [ 106.501358548000042, -5.800809011999945, 0.0 ], [ 106.501302994000071, -5.800630121999973, 0.0 ], [ 106.501096808000057, -5.799940508999953, 0.0 ], [ 106.500546557000064, -5.799756100999957, 0.0 ], [ 106.500513840000053, -5.799711485999978, 0.0 ], [ 106.499948718000041, -5.799541948999945, 0.0 ], [ 106.499725643000033, -5.79963117899996, 0.0 ], [ 106.499142675000087, -5.799446770999964, 0.0 ], [ 106.499172419000047, -5.799298054999952, 0.0 ], [ 106.499130778000051, -5.799244516999977, 0.0 ], [ 106.498836320000066, -5.79914933799995, 0.0 ], [ 106.498547810000048, -5.799128517999975, 0.0 ], [ 106.498503195000069, -5.799277233999931, 0.0 ], [ 106.498303915000065, -5.799235593999981, 0.0 ], [ 106.498294992000069, -5.79928020899996, 0.0 ], [ 106.497737919000087, -5.799104789999944, 0.0 ], [ 106.497723820000033, -5.79911240399997, 0.0 ], [ 106.497638160000065, -5.799121920999937, 0.0 ], [ 106.497595329000035, -5.799143336999975, 0.0 ], [ 106.497559637000052, -5.799205202999929, 0.0 ], [ 106.497523945000069, -5.799290862999953, 0.0 ], [ 106.497497771000042, -5.799426491999952, 0.0 ], [ 106.497447803000057, -5.799576397999942, 0.0 ], [ 106.497433526000066, -5.799657299999978, 0.0 ], [ 106.49745732100007, -5.799702509999975, 0.0 ], [ 106.497588191000034, -5.79975961699995, 0.0 ], [ 106.497807101000035, -5.799823861999926, 0.0 ], [ 106.497835655000074, -5.799814344999959, 0.0 ], [ 106.49787372600008, -5.799800067999968, 0.0 ], [ 106.497949869000081, -5.799764375999928, 0.0 ], [ 106.498016494000069, -5.799723924999967, 0.0 ], [ 106.498147364000033, -5.799712027999931, 0.0 ], [ 106.498204471000065, -5.799728683999945, 0.0 ], [ 106.498290132000079, -5.799745339999959, 0.0 ], [ 106.498373413000081, -5.799781031999942, 0.0 ], [ 106.498437658000057, -5.799857174999943, 0.0 ], [ 106.498442417000035, -5.79994521499998, 0.0 ], [ 106.498406725000052, -5.800014218999934, 0.0 ], [ 106.498332962000063, -5.800021357999981, 0.0 ], [ 106.498204471000065, -5.799985665999941, 0.0 ], [ 106.498068842000066, -5.799961870999937, 0.0 ], [ 106.497940351000068, -5.799957111999959, 0.0 ], [ 106.497826137000061, -5.799911901999963, 0.0 ], [ 106.497628642000052, -5.799850035999953, 0.0 ], [ 106.497523945000069, -5.799797687999956, 0.0 ], [ 106.497400213000049, -5.799752478999949, 0.0 ], [ 106.497347865000052, -5.799709647999975, 0.0 ], [ 106.497369280000044, -5.799602572999959, 0.0 ], [ 106.497443044000079, -5.79934321099995, 0.0 ], [ 106.497519493000084, -5.799079461999952, 0.0 ], [ 106.497468850000075, -5.799063856999965, 0.0 ], [ 106.497485976000064, -5.799000621999937, 0.0 ], [ 106.497378900000058, -5.798950057999946, 0.0 ], [ 106.497149877000084, -5.798848930999952, 0.0 ], [ 106.497016032000033, -5.798825136999938, 0.0 ], [ 106.496977366000067, -5.798810264999929, 0.0 ], [ 106.496992237000086, -5.798759701999927, 0.0 ], [ 106.496938700000044, -5.798706163999952, 0.0 ], [ 106.496867316000078, -5.798655599999961, 0.0 ], [ 106.496807829000034, -5.798637753999969, 0.0 ], [ 106.496751317000076, -5.798658574999934, 0.0 ], [ 106.496730497000044, -5.79870021499994, 0.0 ], [ 106.496641267000086, -5.798685342999931, 0.0 ], [ 106.496629370000051, -5.798709137999936, 0.0 ], [ 106.496427115000074, -5.798655599999961, 0.0 ], [ 106.496418192000078, -5.798691291999944, 0.0 ], [ 106.496168349000072, -5.798619907999978, 0.0 ], [ 106.496159426000077, -5.798584215999938, 0.0 ], [ 106.495918506000066, -5.79849201199994, 0.0 ], [ 106.495867942000075, -5.79845929499993, 0.0 ], [ 106.495629996000048, -5.798381961999951, 0.0 ], [ 106.495350409000082, -5.798307603999945, 0.0 ], [ 106.495356358000038, -5.798260014999926, 0.0 ], [ 106.495192770000074, -5.79821837399993, 0.0 ], [ 106.49516897500007, -5.798173758999951, 0.0 ], [ 106.495085694000068, -5.798149964999936, 0.0 ], [ 106.495050002000085, -5.79825109199993, 0.0 ], [ 106.494954824000047, -5.798221348999959, 0.0 ], [ 106.494972670000038, -5.798141041999941, 0.0 ], [ 106.494853697000053, -5.798099400999945, 0.0 ], [ 106.494820979000053, -5.798132118999945, 0.0 ], [ 106.494710929000064, -5.798090477999949, 0.0 ], [ 106.494722826000043, -5.798039914999947, 0.0 ], [ 106.494594930000062, -5.798001247999935, 0.0 ], [ 106.494562213000052, -5.798114272999953, 0.0 ], [ 106.494401599000071, -5.798084529999926, 0.0 ], [ 106.494410522000067, -5.798016119999943, 0.0 ], [ 106.494345087000056, -5.797998273999951, 0.0 ], [ 106.494326314000034, -5.798097772999938, 0.0 ], [ 106.494265632000065, -5.798078062999934, 0.0 ], [ 106.494288575000041, -5.797989350999956, 0.0 ], [ 106.494220165000058, -5.797971504999964, 0.0 ], [ 106.494184473000075, -5.798096426999962, 0.0 ], [ 106.494056577000038, -5.798057760999939, 0.0 ], [ 106.494092269000078, -5.797941761999937, 0.0 ], [ 106.49399709100004, -5.797917966999933, 0.0 ], [ 106.493958425000073, -5.79804288899993, 0.0 ], [ 106.493910835000065, -5.798025042999939, 0.0 ], [ 106.493913810000038, -5.797912018999966, 0.0 ], [ 106.493851349000067, -5.797897146999958, 0.0 ], [ 106.493815657000084, -5.797995299999968, 0.0 ], [ 106.493726281000079, -5.797947329999943, 0.0 ], [ 106.49375914500007, -5.797846582999966, 0.0 ], [ 106.493675864000068, -5.797790070999952, 0.0 ], [ 106.493536070000061, -5.797727609999981, 0.0 ], [ 106.493265407000081, -5.797587816999965, 0.0 ], [ 106.492857924000077, -5.797421254999961, 0.0 ], [ 106.492530748000036, -5.797343921999925, 0.0 ], [ 106.492295776000049, -5.79729038399995, 0.0 ], [ 106.491882345000079, -5.797138693999955, 0.0 ], [ 106.491677116000062, -5.797022694999953, 0.0 ], [ 106.491391581000073, -5.796957259999942, 0.0 ], [ 106.491022765000082, -5.796862080999972, 0.0 ], [ 106.490722358000085, -5.796838286999957, 0.0 ], [ 106.490674768000076, -5.796835312999974, 0.0 ], [ 106.490645025000049, -5.796942387999934, 0.0 ], [ 106.49045764300007, -5.796894798999972, 0.0 ], [ 106.490356516000077, -5.796826389999978, 0.0 ], [ 106.490157236000073, -5.796757979999938, 0.0 ], [ 106.489925238000069, -5.796686595999972, 0.0 ], [ 106.489690266000082, -5.796555725999951, 0.0 ], [ 106.48966944600005, -5.796511110999973, 0.0 ], [ 106.489526678000061, -5.796445675999962, 0.0 ], [ 106.48939878200008, -5.796436752999966, 0.0 ], [ 106.48912514400007, -5.796386188999975, 0.0 ], [ 106.488777148000054, -5.796299933999933, 0.0 ], [ 106.488473767000073, -5.796267215999933, 0.0 ], [ 106.488357768000071, -5.796267215999933, 0.0 ], [ 106.488268538000057, -5.796291010999937, 0.0 ], [ 106.488051413000051, -5.796291010999937, 0.0 ], [ 106.487661776000039, -5.796201780999979, 0.0 ], [ 106.486941989000059, -5.796124448999933, 0.0 ], [ 106.486391739000055, -5.796115525999937, 0.0 ], [ 106.485945590000085, -5.796130396999956, 0.0 ], [ 106.485466723000059, -5.796091730999933, 0.0 ], [ 106.484833192000053, -5.79602332099995, 0.0 ], [ 106.484369197000035, -5.795931116999952, 0.0 ], [ 106.483988483000076, -5.795856758999946, 0.0 ], [ 106.483875459000046, -5.795794297999976, 0.0 ], [ 106.483583975000045, -5.795696145999955, 0.0 ], [ 106.483072391000064, -5.795526608999978, 0.0 ], [ 106.482626242000038, -5.79533625199997, 0.0 ], [ 106.48187968600007, -5.795080459999951, 0.0 ], [ 106.481421639000075, -5.794869282999969, 0.0 ], [ 106.480984413000044, -5.794670002999965, 0.0 ], [ 106.480627494000032, -5.794488568999952, 0.0 ], [ 106.480333036000047, -5.794304160999957, 0.0 ], [ 106.47999991100005, -5.794125700999928, 0.0 ], [ 106.47972627300004, -5.794003753999959, 0.0 ], [ 106.479476430000034, -5.793929395999953, 0.0 ], [ 106.47923551000008, -5.793846114999951, 0.0 ], [ 106.479024332000051, -5.793768781999972, 0.0 ], [ 106.478786386000081, -5.793655757999943, 0.0 ], [ 106.478569261000075, -5.793515963999937, 0.0 ], [ 106.478447313000061, -5.793414836999943, 0.0 ], [ 106.478442180000059, -5.793376068999976, 0.0 ], [ 106.478548440000054, -5.793319658999962, 0.0 ], [ 106.478747720000058, -5.793257197999935, 0.0 ], [ 106.478911308000079, -5.79321555699994, 0.0 ], [ 106.479146280000066, -5.793173916999933, 0.0 ], [ 106.479437547000089, -5.793175235999968, 0.0 ], [ 106.479803281000045, -5.793127329999948, 0.0 ], [ 106.479868900000042, -5.793126692999977, 0.0 ], [ 106.480651289000036, -5.793162019999954, 0.0 ], [ 106.481308615000046, -5.793209608999973, 0.0 ], [ 106.481811276000087, -5.793263146999948, 0.0 ], [ 106.482600945000058, -5.793355091999956, 0.0 ], [ 106.483579281000061, -5.793613329999971, 0.0 ], [ 106.483961281000063, -5.793764329999931, 0.0 ], [ 106.485067281000056, -5.794217329999981, 0.0 ], [ 106.485433281000041, -5.794320329999948, 0.0 ], [ 106.485800281000081, -5.794380329999967, 0.0 ], [ 106.486448281000037, -5.794576329999927, 0.0 ], [ 106.487562281000066, -5.794873329999973, 0.0 ], [ 106.488005281000085, -5.794971329999953, 0.0 ], [ 106.488302281000074, -5.795012329999963, 0.0 ], [ 106.488714281000057, -5.795276329999979, 0.0 ], [ 106.489385281000068, -5.795524329999978, 0.0 ] ] ], [ [ [ 106.542194149000068, -5.701381211999944, 0.0 ], [ 106.542121862000045, -5.701507653999954, 0.0 ], [ 106.541965720000064, -5.70154301499997, 0.0 ], [ 106.540935498000067, -5.701817514999959, 0.0 ], [ 106.54057909800008, -5.701865806999933, 0.0 ], [ 106.53992422400006, -5.701879921999932, 0.0 ], [ 106.537851850000038, -5.701653757999964, 0.0 ], [ 106.536681818000034, -5.701435260999972, 0.0 ], [ 106.536169507000068, -5.701355699999965, 0.0 ], [ 106.535696594000058, -5.701347945999942, 0.0 ], [ 106.53507158900004, -5.701312978999965, 0.0 ], [ 106.534702387000038, -5.701233170999956, 0.0 ], [ 106.534396008000044, -5.701080931999968, 0.0 ], [ 106.534211043000084, -5.700920889999963, 0.0 ], [ 106.533919311000034, -5.700562397999931, 0.0 ], [ 106.533853926000063, -5.700349820999975, 0.0 ], [ 106.533863727000039, -5.700171978999947, 0.0 ], [ 106.533986890000051, -5.69987759199995, 0.0 ], [ 106.534178974000042, -5.69960793599995, 0.0 ], [ 106.534359270000039, -5.699485489999972, 0.0 ], [ 106.534807731000058, -5.699295110999969, 0.0 ], [ 106.534999603000074, -5.699285890999931, 0.0 ], [ 106.535042311000041, -5.699284546999934, 0.0 ], [ 106.535152784000047, -5.69928063499998, 0.0 ], [ 106.535577065000041, -5.699337542999956, 0.0 ], [ 106.536244166000074, -5.699491469999941, 0.0 ], [ 106.536614975000077, -5.699551602999975, 0.0 ], [ 106.53717804200005, -5.699655579999956, 0.0 ], [ 106.537562919000038, -5.699679321999952, 0.0 ], [ 106.537625860000048, -5.699682300999939, 0.0 ], [ 106.539121870000088, -5.699780175999933, 0.0 ], [ 106.539732701000048, -5.699754595999934, 0.0 ], [ 106.541000355000051, -5.699712291999958, 0.0 ], [ 106.542005691000043, -5.699719466999966, 0.0 ], [ 106.542097588000047, -5.699720124999942, 0.0 ], [ 106.543031133000056, -5.699726784999939, 0.0 ], [ 106.543364843000063, -5.699886909999975, 0.0 ], [ 106.543498093000039, -5.70006774899997, 0.0 ], [ 106.543520503000082, -5.700284028999931, 0.0 ], [ 106.54347905700007, -5.700410391999981, 0.0 ], [ 106.543355326000039, -5.700629301999925, 0.0 ], [ 106.543088095000087, -5.700935650999952, 0.0 ], [ 106.542774205000057, -5.70115214499998, 0.0 ], [ 106.542194149000068, -5.701381211999944, 0.0 ] ] ], [ [ [ 106.532030380000037, -5.689374054999973, 0.0 ], [ 106.532365884000058, -5.689381192999974, 0.0 ], [ 106.532551482000088, -5.689466853999932, 0.0 ], [ 106.532658558000037, -5.689516822999963, 0.0 ], [ 106.532679973000086, -5.689673866999954, 0.0 ], [ 106.532694250000077, -5.689980816999935, 0.0 ], [ 106.532672834000039, -5.690145, 0.0 ], [ 106.532587174000071, -5.690287767999962, 0.0 ], [ 106.532380161000049, -5.690366289999929, 0.0 ], [ 106.532166009000036, -5.69041625899996, 0.0 ], [ 106.531923304000088, -5.690380566999977, 0.0 ], [ 106.53176626000004, -5.690401981999969, 0.0 ], [ 106.531580662000067, -5.690537610999968, 0.0 ], [ 106.531359372000054, -5.690666101999966, 0.0 ], [ 106.531188051000072, -5.690616132999935, 0.0 ], [ 106.531059560000074, -5.690530472999967, 0.0 ], [ 106.531016730000033, -5.69037342799993, 0.0 ], [ 106.531016730000033, -5.690202106999948, 0.0 ], [ 106.531080975000066, -5.690109307999933, 0.0 ], [ 106.531280850000087, -5.689809495999953, 0.0 ], [ 106.531437894000078, -5.689581067999939, 0.0 ], [ 106.531666322000035, -5.68944543899994, 0.0 ], [ 106.532030380000037, -5.689374054999973, 0.0 ] ] ], [ [ [ 106.545034293000072, -5.606165289999979, 0.0 ], [ 106.544855833000042, -5.606242621999968, 0.0 ], [ 106.54477255200004, -5.606308057999968, 0.0 ], [ 106.544641682000076, -5.606337800999938, 0.0 ], [ 106.544481068000039, -5.606361594999953, 0.0 ], [ 106.544255019000047, -5.606403235999949, 0.0 ], [ 106.544159841000067, -5.606153392999943, 0.0 ], [ 106.544082508000088, -5.606022521999932, 0.0 ], [ 106.543999227000086, -5.606010624999954, 0.0 ], [ 106.543909998000061, -5.606040367999981, 0.0 ], [ 106.543689897000036, -5.606159340999966, 0.0 ], [ 106.543487643000049, -5.606254519999936, 0.0 ], [ 106.543344876000049, -5.606224775999976, 0.0 ], [ 106.543221763000076, -5.606147338999961, 0.0 ], [ 106.542955264000057, -5.605985535999935, 0.0 ], [ 106.542831532000037, -5.605795178999927, 0.0 ], [ 106.542888639000068, -5.605566750999969, 0.0 ], [ 106.543031407000058, -5.605366875999948, 0.0 ], [ 106.543221763000076, -5.605138447999934, 0.0 ], [ 106.543402602000072, -5.604986161999932, 0.0 ], [ 106.54359295900008, -5.604805322999937, 0.0 ], [ 106.543745245000082, -5.604662555999937, 0.0 ], [ 106.543916566000064, -5.604538823999974, 0.0 ], [ 106.544059334000053, -5.604415091999954, 0.0 ], [ 106.544306798000036, -5.604291359999934, 0.0 ], [ 106.544620886000075, -5.604215216999933, 0.0 ], [ 106.545011118000048, -5.604120038999952, 0.0 ], [ 106.545439421000083, -5.603901127999961, 0.0 ], [ 106.545652261000043, -5.603791483999942, 0.0 ], [ 106.545837361000054, -5.603726341999959, 0.0 ], [ 106.54600987200007, -5.603637112999934, 0.0 ], [ 106.546212126000057, -5.603625214999965, 0.0 ], [ 106.546414380000044, -5.603666855999961, 0.0 ], [ 106.546658275000084, -5.603809622999961, 0.0 ], [ 106.546693967000067, -5.603904801999931, 0.0 ], [ 106.546688018000054, -5.604148696999971, 0.0 ], [ 106.54669991600008, -5.604398539999977, 0.0 ], [ 106.546712378000052, -5.604508056999975, 0.0 ], [ 106.546667223000043, -5.604595929999959, 0.0 ], [ 106.546307305000084, -5.604767356999957, 0.0 ], [ 106.546081256000036, -5.604910123999957, 0.0 ], [ 106.545920512000066, -5.605046863999974, 0.0 ], [ 106.545811497000045, -5.605088530999979, 0.0 ], [ 106.545593466000071, -5.605171864999932, 0.0 ], [ 106.545544117000077, -5.60528121599998, 0.0 ], [ 106.545677367000053, -5.605443018999949, 0.0 ], [ 106.54579158100006, -5.605566750999969, 0.0 ], [ 106.54567079900005, -5.605659653999965, 0.0 ], [ 106.54552803100006, -5.605748883999979, 0.0 ], [ 106.545450699000071, -5.605826216999958, 0.0 ], [ 106.545319828000061, -5.605903548999947, 0.0 ], [ 106.545099728000082, -5.605546629999935, 0.0 ], [ 106.544754706000049, -5.605719140999952, 0.0 ], [ 106.544475120000072, -5.60584406299995, 0.0 ], [ 106.544570298000053, -5.606218827999953, 0.0 ], [ 106.544760655000061, -5.606165289999979, 0.0 ], [ 106.544849885000076, -5.606087956999943, 0.0 ], [ 106.544968858000061, -5.60605226499996, 0.0 ], [ 106.545034293000072, -5.606165289999979, 0.0 ] ] ], [ [ [ 106.543745068000078, -5.592522978999966, 0.0 ], [ 106.543490938000048, -5.592656094999938, 0.0 ], [ 106.543402013000048, -5.59267493599998, 0.0 ], [ 106.543358769000065, -5.592669847999957, 0.0 ], [ 106.543163665000066, -5.592711393999934, 0.0 ], [ 106.543000443000039, -5.592706589999977, 0.0 ], [ 106.542944873000067, -5.592721744999949, 0.0 ], [ 106.542833941000083, -5.592730997999979, 0.0 ], [ 106.542596163000042, -5.592704255999934, 0.0 ], [ 106.542452062000052, -5.592701118999969, 0.0 ], [ 106.542345945000079, -5.592665746999955, 0.0 ], [ 106.542232106000085, -5.592640009999968, 0.0 ], [ 106.542157153000062, -5.592618594999976, 0.0 ], [ 106.542125030000079, -5.592572195999935, 0.0 ], [ 106.54209647600004, -5.59251865799996, 0.0 ], [ 106.542007247000072, -5.592497242999968, 0.0 ], [ 106.541814510000052, -5.592443704999937, 0.0 ], [ 106.541686019000053, -5.592400873999964, 0.0 ], [ 106.541619882000077, -5.592345200999944, 0.0 ], [ 106.541601584000034, -5.59227548399997, 0.0 ], [ 106.541595034000068, -5.59224543299996, 0.0 ], [ 106.541673200000048, -5.591966268999954, 0.0 ], [ 106.541793941000037, -5.591788639999947, 0.0 ], [ 106.541974749000076, -5.591580711999939, 0.0 ], [ 106.54231739100004, -5.591309453999941, 0.0 ], [ 106.542356539000082, -5.591289879999977, 0.0 ], [ 106.542496226000083, -5.591265870999962, 0.0 ], [ 106.542699670000047, -5.591190917999938, 0.0 ], [ 106.542799607000063, -5.591180210999937, 0.0 ], [ 106.542860283000039, -5.591201625999929, 0.0 ], [ 106.54292096000006, -5.591194487999928, 0.0 ], [ 106.543006620000085, -5.591148087999954, 0.0 ], [ 106.543088473000068, -5.59109121399996, 0.0 ], [ 106.543231104000085, -5.591081025999927, 0.0 ], [ 106.543438492000064, -5.591130241999963, 0.0 ], [ 106.543595537000044, -5.591169502999946, 0.0 ], [ 106.543649075000076, -5.591226609999978, 0.0 ], [ 106.543666921000067, -5.591315839999936, 0.0 ], [ 106.54370261300005, -5.591405069999951, 0.0 ], [ 106.543763289000083, -5.591476453999974, 0.0 ], [ 106.543891780000081, -5.591633497999965, 0.0 ], [ 106.544008407000035, -5.591740154999968, 0.0 ], [ 106.544044880000058, -5.591794863999951, 0.0 ], [ 106.544186276000062, -5.591962770999942, 0.0 ], [ 106.544213007000053, -5.592072508999934, 0.0 ], [ 106.544213007000053, -5.592158168999958, 0.0 ], [ 106.544223715000044, -5.592233121999925, 0.0 ], [ 106.544188248000069, -5.592301387999953, 0.0 ], [ 106.544144817000074, -5.592323103999945, 0.0 ], [ 106.543745068000078, -5.592522978999966, 0.0 ] ] ], [ [ [ 106.540255483000067, -5.57298039799997, 0.0 ], [ 106.540362559000073, -5.572659170999941, 0.0 ], [ 106.540445840000075, -5.572427172999937, 0.0 ], [ 106.540537186000051, -5.572043085999951, 0.0 ], [ 106.54064664100008, -5.571809898999959, 0.0 ], [ 106.54072754300006, -5.571657612999957, 0.0 ], [ 106.540877524000052, -5.571464627999944, 0.0 ], [ 106.540909835000036, -5.571386158999928, 0.0 ], [ 106.541159679000089, -5.571160109999937, 0.0 ], [ 106.541385727000034, -5.570993547999933, 0.0 ], [ 106.541683160000048, -5.570886471999927, 0.0 ], [ 106.542004387000077, -5.570791293999946, 0.0 ], [ 106.54231371700007, -5.570779396999967, 0.0 ], [ 106.542539766000061, -5.57071990999998, 0.0 ], [ 106.542716796000036, -5.570711058999962, 0.0 ], [ 106.542843147000042, -5.570761550999975, 0.0 ], [ 106.542908582000052, -5.57081508899995, 0.0 ], [ 106.543078450000053, -5.571010399999977, 0.0 ], [ 106.543293532000064, -5.571213397999941, 0.0 ], [ 106.543360680000035, -5.571398056999953, 0.0 ], [ 106.543394652000075, -5.571644357999958, 0.0 ], [ 106.54334970900004, -5.571771827999953, 0.0 ], [ 106.543245013000046, -5.572228683999981, 0.0 ], [ 106.543260923000048, -5.572299893999968, 0.0 ], [ 106.54327604100007, -5.572373863999928, 0.0 ], [ 106.543260168000074, -5.572429158999967, 0.0 ], [ 106.543184773000064, -5.572672096999952, 0.0 ], [ 106.543107004000035, -5.572695057999965, 0.0 ], [ 106.543030861000034, -5.572771200999966, 0.0 ], [ 106.542892853000069, -5.573009146999937, 0.0 ], [ 106.542740567000067, -5.573132878999957, 0.0 ], [ 106.542469308000079, -5.573323235999965, 0.0 ], [ 106.542198050000081, -5.573542146999955, 0.0 ], [ 106.542050523000057, -5.57372298599995, 0.0 ], [ 106.541988657000047, -5.57384671799997, 0.0 ], [ 106.541803059000074, -5.574008520999939, 0.0 ], [ 106.541730750000056, -5.574116590999949, 0.0 ], [ 106.54159964300004, -5.574202169999978, 0.0 ], [ 106.541516598000044, -5.574312895999981, 0.0 ], [ 106.541254857000069, -5.574443766999934, 0.0 ], [ 106.541076307000083, -5.57451178599996, 0.0 ], [ 106.540641882000045, -5.57458910899993, 0.0 ], [ 106.540505327000062, -5.57466386699997, 0.0 ], [ 106.540303073000075, -5.574681712999961, 0.0 ], [ 106.540184100000033, -5.574675763999949, 0.0 ], [ 106.539795552000044, -5.574728549999975, 0.0 ], [ 106.539595752000082, -5.574770108999928, 0.0 ], [ 106.539454163000073, -5.574755142999948, 0.0 ], [ 106.539242057000081, -5.574617352999951, 0.0 ], [ 106.539195170000085, -5.574565314999973, 0.0 ], [ 106.539119291000077, -5.57445566399997, 0.0 ], [ 106.539172829000051, -5.574348587999964, 0.0 ], [ 106.539482159000045, -5.574110641999937, 0.0 ], [ 106.539613029000066, -5.574009514999943, 0.0 ], [ 106.53987477000004, -5.57367044199998, 0.0 ], [ 106.540136510000082, -5.573313522999968, 0.0 ], [ 106.540255483000067, -5.57298039799997, 0.0 ] ] ], [ [ [ 106.527608986000075, -5.567728490999968, 0.0 ], [ 106.528365238000049, -5.567807401999971, 0.0 ], [ 106.52856154300008, -5.567813350999927, 0.0 ], [ 106.528823284000055, -5.567837145999931, 0.0 ], [ 106.528976563000072, -5.567829077999932, 0.0 ], [ 106.529121624000084, -5.567856229999961, 0.0 ], [ 106.529333560000055, -5.567947059999938, 0.0 ], [ 106.529447892000064, -5.568086988999937, 0.0 ], [ 106.529513327000075, -5.568205961999979, 0.0 ], [ 106.529560917000083, -5.568342780999956, 0.0 ], [ 106.529551611000045, -5.568600640999932, 0.0 ], [ 106.52949450400007, -5.56875768499998, 0.0 ], [ 106.529465951000077, -5.568843345999937, 0.0 ], [ 106.529415982000046, -5.569043219999969, 0.0 ], [ 106.529333891000078, -5.569235956999933, 0.0 ], [ 106.529212538000081, -5.569435830999964, 0.0 ], [ 106.529119739000066, -5.569550044999971, 0.0 ], [ 106.529030509000052, -5.569664259999968, 0.0 ], [ 106.528951987000085, -5.56982844199996, 0.0 ], [ 106.528855619000069, -5.569953363999957, 0.0 ], [ 106.528766389000054, -5.57002474799998, 0.0 ], [ 106.528659313000048, -5.57016751599997, 0.0 ], [ 106.528545099000041, -5.570288867999977, 0.0 ], [ 106.528452800000082, -5.570433469999955, 0.0 ], [ 106.528371186000072, -5.570490244999974, 0.0 ], [ 106.528085651000083, -5.570633011999973, 0.0 ], [ 106.527764424000054, -5.57074008799998, 0.0 ], [ 106.527575469000055, -5.570735016999947, 0.0 ], [ 106.52747998600006, -5.570723274999978, 0.0 ], [ 106.527241754000045, -5.570603044999928, 0.0 ], [ 106.527146557000037, -5.570530694999945, 0.0 ], [ 106.526994271000035, -5.57034985599995, 0.0 ], [ 106.526765843000078, -5.570178534999968, 0.0 ], [ 106.526546933000077, -5.569931070999928, 0.0 ], [ 106.526317711000047, -5.569724057999963, 0.0 ], [ 106.526196359000039, -5.569524182999942, 0.0 ], [ 106.525860855000076, -5.569238647999953, 0.0 ], [ 106.52579574300006, -5.569201208999971, 0.0 ], [ 106.525610034000067, -5.568964697999945, 0.0 ], [ 106.52537869300005, -5.568653759999961, 0.0 ], [ 106.525261231000059, -5.568367764999948, 0.0 ], [ 106.525222454000073, -5.568188420999945, 0.0 ], [ 106.525224561000073, -5.567779725999969, 0.0 ], [ 106.525155504000054, -5.567647533999946, 0.0 ], [ 106.525019250000071, -5.567519300999948, 0.0 ], [ 106.525000892000037, -5.567447791999939, 0.0 ], [ 106.525022307000086, -5.567404960999966, 0.0 ], [ 106.525086553000051, -5.567437083999948, 0.0 ], [ 106.52522575100005, -5.567529882999963, 0.0 ], [ 106.52536851900004, -5.567597697999929, 0.0 ], [ 106.525486302000047, -5.567626250999979, 0.0 ], [ 106.525596947000054, -5.567622681999978, 0.0 ], [ 106.525777574000074, -5.567557558999965, 0.0 ], [ 106.525896547000059, -5.567539712999974, 0.0 ], [ 106.526064511000072, -5.567539712999974, 0.0 ], [ 106.526301055000033, -5.567563506999932, 0.0 ], [ 106.526443823000079, -5.567587301999936, 0.0 ], [ 106.526634180000087, -5.567611095999951, 0.0 ], [ 106.526835457000061, -5.567676219999953, 0.0 ], [ 106.526896133000037, -5.567676219999953, 0.0 ], [ 106.527010347000044, -5.567634890999955, 0.0 ], [ 106.52708627700008, -5.567634890999955, 0.0 ], [ 106.527201906000073, -5.567660184999966, 0.0 ], [ 106.527608986000075, -5.567728490999968, 0.0 ] ] ], [ [ [ 106.527935243000059, -5.55747071199994, 0.0 ], [ 106.52786861800007, -5.557575407999934, 0.0 ], [ 106.527740128000062, -5.557661068999948, 0.0 ], [ 106.527611637000064, -5.557689621999941, 0.0 ], [ 106.527407003000064, -5.55771817599998, 0.0 ], [ 106.527345137000054, -5.557746728999973, 0.0 ], [ 106.527288030000079, -5.557789558999957, 0.0 ], [ 106.527145262000033, -5.557813353999961, 0.0 ], [ 106.526946524000039, -5.557836032999944, 0.0 ], [ 106.526828740000042, -5.557864586999926, 0.0 ], [ 106.526650281000059, -5.557893139999976, 0.0 ], [ 106.526393299000063, -5.557921693999958, 0.0 ], [ 106.526143455000067, -5.557971661999943, 0.0 ], [ 106.525972134000085, -5.558000215999925, 0.0 ], [ 106.525815090000037, -5.558050184999956, 0.0 ], [ 106.525629492000064, -5.558007353999926, 0.0 ], [ 106.525529555000048, -5.55793596999996, 0.0 ], [ 106.525515278000057, -5.557836032999944, 0.0 ], [ 106.525522416000058, -5.557686126999954, 0.0 ], [ 106.525615215000073, -5.557464836999941, 0.0 ], [ 106.525715152000032, -5.557322068999952, 0.0 ], [ 106.525804382000047, -5.557090071999937, 0.0 ], [ 106.525925735000044, -5.556961580999939, 0.0 ], [ 106.526064933000043, -5.556850935999933, 0.0 ], [ 106.526136317000066, -5.556786690999957, 0.0 ], [ 106.526221978000081, -5.55667961499995, 0.0 ], [ 106.526307692000046, -5.556680730999972, 0.0 ], [ 106.526374317000034, -5.556718801999978, 0.0 ], [ 106.526526602000047, -5.556699765999952, 0.0 ], [ 106.526716959000055, -5.55662362399994, 0.0 ], [ 106.526902557000085, -5.556628381999928, 0.0 ], [ 106.526978700000086, -5.556661694999946, 0.0 ], [ 106.527088155000058, -5.556690247999938, 0.0 ], [ 106.527307066000049, -5.556661694999946, 0.0 ], [ 106.527435557000047, -5.556656935999968, 0.0 ], [ 106.527487905000044, -5.556652176999933, 0.0 ], [ 106.527540253000041, -5.556628381999928, 0.0 ], [ 106.527621155000077, -5.556628381999928, 0.0 ], [ 106.527702056000066, -5.556666453999981, 0.0 ], [ 106.527782958000046, -5.55676639099994, 0.0 ], [ 106.527916208000079, -5.556923435999977, 0.0 ], [ 106.528001868000047, -5.557070961999955, 0.0 ], [ 106.528025663000051, -5.557194693999975, 0.0 ], [ 106.527997109000069, -5.557270836999976, 0.0 ], [ 106.527959038000063, -5.557332702999929, 0.0 ], [ 106.527935243000059, -5.55747071199994, 0.0 ] ] ], [ [ [ 106.532131502000084, -5.556028757999968, 0.0 ], [ 106.532065934000059, -5.556137096999976, 0.0 ], [ 106.531982653000057, -5.556178737999971, 0.0 ], [ 106.531838828000048, -5.556253616999925, 0.0 ], [ 106.531710338000039, -5.556332139999938, 0.0 ], [ 106.531638954000073, -5.556367830999932, 0.0 ], [ 106.531564939000077, -5.55638212599996, 0.0 ], [ 106.531485941000085, -5.556373555999926, 0.0 ], [ 106.531447274000072, -5.556357197999944, 0.0 ], [ 106.531352096000035, -5.556357197999944, 0.0 ], [ 106.531139267000071, -5.556325000999948, 0.0 ], [ 106.531053606000057, -5.556317862999947, 0.0 ], [ 106.530957238000042, -5.55635355499993, 0.0 ], [ 106.530907270000057, -5.556396384999971, 0.0 ], [ 106.530803763000051, -5.55638210799998, 0.0 ], [ 106.530668134000052, -5.556325000999948, 0.0 ], [ 106.530566873000055, -5.556238224999959, 0.0 ], [ 106.530537130000084, -5.556184686999927, 0.0 ], [ 106.530493177000039, -5.556049614999949, 0.0 ], [ 106.530478967000079, -5.555968081999936, 0.0 ], [ 106.530426447000082, -5.555773399999964, 0.0 ], [ 106.530392559000063, -5.555693507999933, 0.0 ], [ 106.530340825000053, -5.555418797999948, 0.0 ], [ 106.530343799000036, -5.555328080999971, 0.0 ], [ 106.53037056800008, -5.555250748999981, 0.0 ], [ 106.530489541000065, -5.555137723999962, 0.0 ], [ 106.53060851400005, -5.555024699999933, 0.0 ], [ 106.530763179000076, -5.554875983999978, 0.0 ], [ 106.530965433000063, -5.554739164999944, 0.0 ], [ 106.531179585000075, -5.554590447999942, 0.0 ], [ 106.531239393000078, -5.55457217299994, 0.0 ], [ 106.531296311000062, -5.554604650999977, 0.0 ], [ 106.531328434000045, -5.554629634999969, 0.0 ], [ 106.531374834000076, -5.55464034299996, 0.0 ], [ 106.531499755000084, -5.554561820999936, 0.0 ], [ 106.531744707000087, -5.554417936999926, 0.0 ], [ 106.531929115000082, -5.554293015999974, 0.0 ], [ 106.532042139000055, -5.554227579999974, 0.0 ], [ 106.532164087000069, -5.554179990999955, 0.0 ], [ 106.532317100000057, -5.554183485999943, 0.0 ], [ 106.532518032000041, -5.554135375999977, 0.0 ], [ 106.532562647000077, -5.554136863999929, 0.0 ], [ 106.532616184000062, -5.554168836999963, 0.0 ], [ 106.53269599500004, -5.554248490999953, 0.0 ], [ 106.532722268000043, -5.554296171999965, 0.0 ], [ 106.532758952000052, -5.554435782999974, 0.0 ], [ 106.532767875000047, -5.554525012999932, 0.0 ], [ 106.532750029000056, -5.554709420999927, 0.0 ], [ 106.532753788000036, -5.554889862999971, 0.0 ], [ 106.532744081000033, -5.555081211999948, 0.0 ], [ 106.532693321000067, -5.555252477999943, 0.0 ], [ 106.532654459000071, -5.555337488999953, 0.0 ], [ 106.53253482100007, -5.555532640999957, 0.0 ], [ 106.532424176000063, -5.555700392999938, 0.0 ], [ 106.532363500000088, -5.555821744999946, 0.0 ], [ 106.532238578000033, -5.555935958999953, 0.0 ], [ 106.532131502000084, -5.556028757999968, 0.0 ] ] ], [ [ [ 106.545609562000038, -5.552376483999979, 0.0 ], [ 106.545571491000032, -5.55245262699998, 0.0 ], [ 106.545514384000057, -5.552485938999951, 0.0 ], [ 106.545457277000082, -5.55256684099993, 0.0 ], [ 106.545357340000066, -5.552838098999928, 0.0 ], [ 106.54533830400004, -5.552928518999977, 0.0 ], [ 106.545347822000053, -5.552985625999952, 0.0 ], [ 106.545352581000088, -5.553109357999972, 0.0 ], [ 106.545352581000088, -5.553185500999973, 0.0 ], [ 106.545290715000078, -5.553318750999949, 0.0 ], [ 106.545181260000049, -5.553375857999981, 0.0 ], [ 106.545114635000061, -5.553456758999971, 0.0 ], [ 106.545043251000038, -5.553585249999969, 0.0 ], [ 106.54481958100007, -5.553713740999967, 0.0 ], [ 106.544691091000061, -5.553794642999947, 0.0 ], [ 106.544638742000075, -5.553856508999957, 0.0 ], [ 106.544657778000044, -5.553918374999967, 0.0 ], [ 106.544686332000083, -5.553985, 0.0 ], [ 106.544681573000048, -5.554051623999953, 0.0 ], [ 106.544619707000038, -5.554099213999962, 0.0 ], [ 106.544538805000059, -5.554070659999979, 0.0 ], [ 106.544481698000084, -5.554032588999974, 0.0 ], [ 106.544377002000033, -5.554089695999949, 0.0 ], [ 106.544124779000072, -5.554280052999957, 0.0 ], [ 106.54392490400005, -5.554489444999945, 0.0 ], [ 106.543739306000077, -5.554727390999972, 0.0 ], [ 106.543634610000083, -5.554822569999942, 0.0 ], [ 106.543587021000064, -5.554908229999967, 0.0 ], [ 106.543491581000069, -5.555005650999931, 0.0 ], [ 106.543456167000045, -5.555036898999958, 0.0 ], [ 106.543215825000061, -5.555122381999979, 0.0 ], [ 106.542954084000087, -5.555189006999967, 0.0 ], [ 106.542844654000078, -5.555237185999943, 0.0 ], [ 106.542768512000066, -5.555313327999954, 0.0 ], [ 106.542649539000081, -5.55535139899996, 0.0 ], [ 106.542559093000079, -5.555322256999943, 0.0 ], [ 106.542473433000055, -5.555293702999961, 0.0 ], [ 106.542311655000049, -5.55535139999995, 0.0 ], [ 106.542033655000068, -5.555447767999965, 0.0 ], [ 106.541805226000065, -5.555469182999957, 0.0 ], [ 106.54171242700005, -5.555412075999925, 0.0 ], [ 106.541526829000077, -5.555397798999934, 0.0 ], [ 106.541455446000043, -5.555433490999974, 0.0 ], [ 106.541316248000044, -5.555469182999957, 0.0 ], [ 106.541252003000068, -5.555438844999969, 0.0 ], [ 106.541188524000063, -5.555336532999945, 0.0 ], [ 106.541088587000047, -5.555265149999968, 0.0 ], [ 106.540936301000045, -5.555169970999941, 0.0 ], [ 106.540752681000072, -5.555048156999931, 0.0 ], [ 106.540595271000086, -5.554944511999963, 0.0 ], [ 106.540556009000056, -5.55490525099998, 0.0 ], [ 106.540563148000047, -5.554733929999941, 0.0 ], [ 106.540553233000082, -5.554459498999961, 0.0 ], [ 106.540588925000066, -5.554019297999957, 0.0 ], [ 106.540828950000048, -5.553043094999964, 0.0 ], [ 106.540816196000037, -5.552830404999952, 0.0 ], [ 106.540826846000073, -5.552738161999969, 0.0 ], [ 106.540898255000059, -5.552686799999947, 0.0 ], [ 106.54111714000004, -5.552671536999981, 0.0 ], [ 106.541168720000087, -5.552588215999947, 0.0 ], [ 106.541253588000075, -5.552548277999961, 0.0 ], [ 106.541321774000039, -5.552571599999965, 0.0 ], [ 106.541388399000084, -5.552571599999965, 0.0 ], [ 106.541455024000072, -5.552481179999972, 0.0 ], [ 106.541575078000051, -5.552288460999932, 0.0 ], [ 106.541789892000054, -5.55217829999998, 0.0 ], [ 106.541892844000074, -5.55218612699997, 0.0 ], [ 106.541954710000084, -5.55218612699997, 0.0 ], [ 106.542016576000037, -5.55214329699993, 0.0 ], [ 106.542108481000071, -5.55201625199993, 0.0 ], [ 106.542409213000042, -5.551865885999973, 0.0 ], [ 106.542754235000075, -5.551758809999967, 0.0 ], [ 106.543194435000032, -5.551604144999942, 0.0 ], [ 106.543444278000038, -5.551580350999927, 0.0 ], [ 106.54407483600005, -5.551616042999967, 0.0 ], [ 106.544186645000082, -5.551643609999928, 0.0 ], [ 106.544296100000054, -5.551662645999954, 0.0 ], [ 106.544462662000058, -5.551648368999963, 0.0 ], [ 106.544677074000049, -5.551618332999965, 0.0 ], [ 106.544792361000077, -5.551623136999979, 0.0 ], [ 106.544971579000048, -5.551666298999976, 0.0 ], [ 106.545015669000065, -5.551692752999941, 0.0 ], [ 106.545270988000084, -5.551749575999963, 0.0 ], [ 106.545627434000039, -5.551877782999952, 0.0 ], [ 106.545685705000039, -5.551952939999978, 0.0 ], [ 106.545685705000039, -5.552043358999981, 0.0 ], [ 106.545623839000086, -5.552162331999966, 0.0 ], [ 106.545609562000038, -5.552224197999976, 0.0 ], [ 106.545623839000086, -5.552286063999929, 0.0 ], [ 106.545609562000038, -5.552376483999979, 0.0 ] ] ], [ [ [ 106.518288750000067, -5.551093755999943, 0.0 ], [ 106.518188812000062, -5.551060443999972, 0.0 ], [ 106.518103152000037, -5.550946229999965, 0.0 ], [ 106.51805080400004, -5.550808220999954, 0.0 ], [ 106.518057234000082, -5.550713215999963, 0.0 ], [ 106.518152412000063, -5.550513340999942, 0.0 ], [ 106.518231643000036, -5.55015624899994, 0.0 ], [ 106.518466501000034, -5.549913716999981, 0.0 ], [ 106.518723483000088, -5.549637698999959, 0.0 ], [ 106.519104197000047, -5.549371199999939, 0.0 ], [ 106.519294554000055, -5.549237949999963, 0.0 ], [ 106.519675267000082, -5.549057110999968, 0.0 ], [ 106.519922731000065, -5.548933378999948, 0.0 ], [ 106.519977177000044, -5.548907339999971, 0.0 ], [ 106.520254185000056, -5.54886658099997, 0.0 ], [ 106.520430265000073, -5.548818990999962, 0.0 ], [ 106.520539720000045, -5.548771401999943, 0.0 ], [ 106.520653934000052, -5.548771401999943, 0.0 ], [ 106.520763389000081, -5.548809473999938, 0.0 ], [ 106.52085548000008, -5.548923860999935, 0.0 ], [ 106.520988730000056, -5.54922843199995, 0.0 ], [ 106.52101252500006, -5.549323609999931, 0.0 ], [ 106.520993489000034, -5.549561555999958, 0.0 ], [ 106.520880521000038, -5.549958557999958, 0.0 ], [ 106.520726990000071, -5.550318224999955, 0.0 ], [ 106.520684159000041, -5.550399126999935, 0.0 ], [ 106.520612775000075, -5.550494304999972, 0.0 ], [ 106.52051421300007, -5.550711819999947, 0.0 ], [ 106.520173283000076, -5.551093755999943, 0.0 ], [ 106.520030515000087, -5.551222246999941, 0.0 ], [ 106.519892507000066, -5.55133170199997, 0.0 ], [ 106.51983623600006, -5.551369859999966, 0.0 ], [ 106.519703821000064, -5.551408017999961, 0.0 ], [ 106.519627678000063, -5.551408017999961, 0.0 ], [ 106.519484911000063, -5.551446089999956, 0.0 ], [ 106.519208893000041, -5.551388982999981, 0.0 ], [ 106.51910252600004, -5.551322183999957, 0.0 ], [ 106.518921686000056, -5.551227005999976, 0.0 ], [ 106.518755124000052, -5.551160380999931, 0.0 ], [ 106.518636151000067, -5.551103273999956, 0.0 ], [ 106.518474348000041, -5.551093755999943, 0.0 ], [ 106.518288750000067, -5.551093755999943, 0.0 ] ] ], [ [ [ 106.52787552500007, -5.550710835999951, 0.0 ], [ 106.527685168000062, -5.550701317999938, 0.0 ], [ 106.527523364000047, -5.550720353999964, 0.0 ], [ 106.527450627000064, -5.550720353999964, 0.0 ], [ 106.527241042000071, -5.550697182999954, 0.0 ], [ 106.527053838000086, -5.550661178999974, 0.0 ], [ 106.52676193700006, -5.55055379199996, 0.0 ], [ 106.526657241000066, -5.550482407999937, 0.0 ], [ 106.526552544000083, -5.550330121999934, 0.0 ], [ 106.526447848000032, -5.550234943999953, 0.0 ], [ 106.526415725000049, -5.550154834999944, 0.0 ], [ 106.526438330000076, -5.550025550999976, 0.0 ], [ 106.526676276000046, -5.549825676999944, 0.0 ], [ 106.526847597000085, -5.549682908999955, 0.0 ], [ 106.527009401000043, -5.549492551999947, 0.0 ], [ 106.527180722000082, -5.549387855999953, 0.0 ], [ 106.527285419000066, -5.549359301999971, 0.0 ], [ 106.527455385000053, -5.549381852999943, 0.0 ], [ 106.527679055000078, -5.549319986999933, 0.0 ], [ 106.528075400000034, -5.549183221999954, 0.0 ], [ 106.528170578000072, -5.549178462999976, 0.0 ], [ 106.528437077000035, -5.549149909999926, 0.0 ], [ 106.52872261300007, -5.549121355999944, 0.0 ], [ 106.529217541000037, -5.549073766999925, 0.0 ], [ 106.529478605000065, -5.54908980099998, 0.0 ], [ 106.52959214100008, -5.549110593999956, 0.0 ], [ 106.529753945000039, -5.549172459999966, 0.0 ], [ 106.529874272000086, -5.549321230999965, 0.0 ], [ 106.529991891000066, -5.549581727999964, 0.0 ], [ 106.530037778000064, -5.54967038999996, 0.0 ], [ 106.530051204000074, -5.549805139999933, 0.0 ], [ 106.530026558000088, -5.550039827999967, 0.0 ], [ 106.530007522000062, -5.550089796999941, 0.0 ], [ 106.529864754000073, -5.550215907999927, 0.0 ], [ 106.529683915000078, -5.550358675999973, 0.0 ], [ 106.529545906000067, -5.550463371999967, 0.0 ], [ 106.529286545000048, -5.550558549999948, 0.0 ], [ 106.528912801000047, -5.550634245999959, 0.0 ], [ 106.528273920000061, -5.550691800999971, 0.0 ], [ 106.52811347100004, -5.550691800999971, 0.0 ], [ 106.52787552500007, -5.550710835999951, 0.0 ] ] ], [ [ [ 106.531378944000039, -5.537856511999962, 0.0 ], [ 106.531081511000082, -5.537939792999964, 0.0 ], [ 106.530903052000042, -5.537963587999968, 0.0 ], [ 106.53079002700008, -5.537987381999926, 0.0 ], [ 106.530665106000072, -5.537993330999939, 0.0 ], [ 106.530540184000074, -5.537892203999945, 0.0 ], [ 106.530349827000066, -5.537802973999931, 0.0 ], [ 106.530189069000073, -5.537681249999935, 0.0 ], [ 106.530046301000084, -5.53765745499993, 0.0 ], [ 106.529927328000042, -5.537647937999964, 0.0 ], [ 106.529818254000077, -5.53767520599996, 0.0 ], [ 106.529786913000066, -5.53765855599994, 0.0 ], [ 106.529789406000077, -5.537596219999955, 0.0 ], [ 106.529854460000081, -5.537559045999956, 0.0 ], [ 106.529981010000085, -5.537547181999969, 0.0 ], [ 106.530141624000066, -5.537475797999946, 0.0 ], [ 106.530254649000085, -5.537428208999927, 0.0 ], [ 106.53051638900007, -5.537279492999971, 0.0 ], [ 106.530623465000076, -5.537106981999955, 0.0 ], [ 106.530730541000082, -5.536976110999944, 0.0 ], [ 106.530772181000088, -5.536886881999976, 0.0 ], [ 106.530992281000067, -5.536791702999949, 0.0 ], [ 106.531140998000069, -5.536767908999934, 0.0 ], [ 106.531254022000041, -5.536696524999968, 0.0 ], [ 106.531378944000039, -5.536619191999932, 0.0 ], [ 106.531551455000056, -5.536452629999928, 0.0 ], [ 106.531765606000079, -5.536387194999975, 0.0 ], [ 106.531932169000072, -5.536387194999975, 0.0 ], [ 106.532086833000051, -5.536321759999964, 0.0 ], [ 106.532306934000076, -5.536161145999927, 0.0 ], [ 106.532402112000057, -5.536065967999946, 0.0 ], [ 106.532556777000082, -5.535964839999963, 0.0 ], [ 106.532669801000054, -5.535905353999965, 0.0 ], [ 106.532800672000064, -5.535869661999925, 0.0 ], [ 106.532967234000068, -5.535810174999938, 0.0 ], [ 106.533169488000055, -5.53575068899994, 0.0 ], [ 106.533306307000032, -5.535744739999927, 0.0 ], [ 106.533413383000038, -5.535703099999978, 0.0 ], [ 106.533550202000072, -5.535572228999968, 0.0 ], [ 106.533764353000038, -5.535453255999926, 0.0 ], [ 106.533889275000035, -5.535364026999957, 0.0 ], [ 106.534026094000069, -5.535352128999932, 0.0 ], [ 106.534222400000033, -5.535286693999979, 0.0 ], [ 106.534383013000081, -5.535161771999981, 0.0 ], [ 106.534567422000066, -5.534989260999964, 0.0 ], [ 106.534769676000053, -5.534923825999954, 0.0 ], [ 106.534924341000078, -5.534876236999935, 0.0 ], [ 106.535028443000044, -5.534861364999927, 0.0 ], [ 106.535147574000064, -5.534794979999958, 0.0 ], [ 106.535328849000052, -5.534673982999948, 0.0 ], [ 106.53551920600006, -5.534614495999961, 0.0 ], [ 106.535810690000062, -5.534560957999929, 0.0 ], [ 106.536012944000049, -5.534543111999938, 0.0 ], [ 106.536250890000076, -5.534578803999977, 0.0 ], [ 106.536346069000047, -5.534685879999927, 0.0 ], [ 106.536363915000038, -5.534846493999964, 0.0 ], [ 106.536393658000065, -5.535007106999956, 0.0 ], [ 106.536361391000071, -5.535373172999925, 0.0 ], [ 106.536190070000089, -5.535653948999936, 0.0 ], [ 106.535890257000062, -5.536029903999975, 0.0 ], [ 106.535507309000081, -5.536321759999964, 0.0 ], [ 106.534939213000087, -5.536726267999938, 0.0 ], [ 106.534805368000036, -5.536756010999966, 0.0 ], [ 106.534620959000051, -5.536833343999945, 0.0 ], [ 106.534567422000066, -5.536863086999972, 0.0 ], [ 106.534484140000075, -5.536976110999944, 0.0 ], [ 106.534376920000057, -5.537038795999933, 0.0 ], [ 106.534238911000045, -5.537076866999939, 0.0 ], [ 106.534086626000033, -5.537129214999936, 0.0 ], [ 106.533986689000074, -5.537200598999959, 0.0 ], [ 106.533843921000084, -5.53727674199996, 0.0 ], [ 106.533705912000073, -5.537305294999953, 0.0 ], [ 106.533577421000075, -5.537262464999969, 0.0 ], [ 106.53349176100005, -5.53727674199996, 0.0 ], [ 106.533387064000067, -5.537329089999957, 0.0 ], [ 106.533276564000062, -5.537398465999956, 0.0 ], [ 106.533026721000056, -5.537446054999975, 0.0 ], [ 106.532759031000069, -5.537529335999977, 0.0 ], [ 106.532574623000073, -5.537553130999925, 0.0 ], [ 106.532414009000036, -5.537612616999979, 0.0 ], [ 106.532217704000061, -5.537660205999941, 0.0 ], [ 106.532045131000075, -5.537651122999932, 0.0 ], [ 106.531500891000064, -5.537805947999971, 0.0 ], [ 106.531378944000039, -5.537856511999962, 0.0 ] ] ], [ [ [ 106.54303116400007, -5.530152193999925, 0.0 ], [ 106.54288839700007, -5.530237854999939, 0.0 ], [ 106.542743105000056, -5.530260503999955, 0.0 ], [ 106.542638409000062, -5.53029857599995, 0.0 ], [ 106.542567025000039, -5.530369959999973, 0.0 ], [ 106.542476605000047, -5.530412789999957, 0.0 ], [ 106.542376668000088, -5.530403271999944, 0.0 ], [ 106.542295766000052, -5.530408030999979, 0.0 ], [ 106.542181552000045, -5.530488932999958, 0.0 ], [ 106.541972160000057, -5.530645976999949, 0.0 ], [ 106.541686624000079, -5.530841092999935, 0.0 ], [ 106.54133223000008, -5.531123013999945, 0.0 ], [ 106.541025279000053, -5.531330026999967, 0.0 ], [ 106.540692169000067, -5.531532718999927, 0.0 ], [ 106.540637455000081, -5.531592642999954, 0.0 ], [ 106.540239912000061, -5.531788117999952, 0.0 ], [ 106.539906788000053, -5.531907090999937, 0.0 ], [ 106.53965932400007, -5.531973715999925, 0.0 ], [ 106.539559386000064, -5.531968956999947, 0.0 ], [ 106.539511797000046, -5.531949921999967, 0.0 ], [ 106.539447696000082, -5.531851128999961, 0.0 ], [ 106.539353410000047, -5.531775580999977, 0.0 ], [ 106.539299872000072, -5.531716094999979, 0.0 ], [ 106.539283513000044, -5.531636977999938, 0.0 ], [ 106.539276375000043, -5.531372856999951, 0.0 ], [ 106.539319205000083, -5.531172982999976, 0.0 ], [ 106.539433419000034, -5.530908862999979, 0.0 ], [ 106.539515793000078, -5.530680749999931, 0.0 ], [ 106.539611734000061, -5.530607905999943, 0.0 ], [ 106.539664083000048, -5.530569833999948, 0.0 ], [ 106.539683118000085, -5.530507967999938, 0.0 ], [ 106.539666044000057, -5.530460403999939, 0.0 ], [ 106.539674089000073, -5.530369690999976, 0.0 ], [ 106.539811754000084, -5.530166470999973, 0.0 ], [ 106.539983075000066, -5.529923765999968, 0.0 ], [ 106.540140119000057, -5.529666783999971, 0.0 ], [ 106.540325717000087, -5.529424078999966, 0.0 ], [ 106.540525592000051, -5.529202788999953, 0.0 ], [ 106.540653938000048, -5.529175469999927, 0.0 ], [ 106.540753876000053, -5.52912312199993, 0.0 ], [ 106.540820501000042, -5.529056496999942, 0.0 ], [ 106.540855583000052, -5.528931514999954, 0.0 ], [ 106.540950326000086, -5.528830237999955, 0.0 ], [ 106.541011002000062, -5.52880057699997, 0.0 ], [ 106.541182179000089, -5.528799514999946, 0.0 ], [ 106.541253563000055, -5.528766202999975, 0.0 ], [ 106.54099182200008, -5.528423559999965, 0.0 ], [ 106.541110795000066, -5.52833789999994, 0.0 ], [ 106.541351143000043, -5.52865283899996, 0.0 ], [ 106.541496412000072, -5.528581749999944, 0.0 ], [ 106.541781947000061, -5.528503226999931, 0.0 ], [ 106.542103175000079, -5.528438981999955, 0.0 ], [ 106.542317326000045, -5.52834618299994, 0.0 ], [ 106.542445817000043, -5.528281937999964, 0.0 ], [ 106.542558460000066, -5.528240976999939, 0.0 ], [ 106.542729868000038, -5.528220070999964, 0.0 ], [ 106.542802736000056, -5.528231968999933, 0.0 ], [ 106.542916950000063, -5.528246245999981, 0.0 ], [ 106.54303830300006, -5.528210553999941, 0.0 ], [ 106.543159358000082, -5.528131604999942, 0.0 ], [ 106.543361562000086, -5.52802655399995, 0.0 ], [ 106.543566543000054, -5.528032093999968, 0.0 ], [ 106.543773556000076, -5.528089200999943, 0.0 ], [ 106.544032726000069, -5.528192868999952, 0.0 ], [ 106.544194721000054, -5.528310490999957, 0.0 ], [ 106.544280381000078, -5.528438981999955, 0.0 ], [ 106.544328566000047, -5.528551410999967, 0.0 ], [ 106.544376750000083, -5.528888699999925, 0.0 ], [ 106.544366042000036, -5.52901719099998, 0.0 ], [ 106.544316073000061, -5.529181373999961, 0.0 ], [ 106.544208998000045, -5.529402663999974, 0.0 ], [ 106.544051953000064, -5.529552569999964, 0.0 ], [ 106.543873494000081, -5.529659645999971, 0.0 ], [ 106.543695034000052, -5.529788135999979, 0.0 ], [ 106.543509436000079, -5.529873796999937, 0.0 ], [ 106.543388084000071, -5.52995231899996, 0.0 ], [ 106.543195347000051, -5.530052256999966, 0.0 ], [ 106.54303116400007, -5.530152193999925, 0.0 ] ] ], [ [ [ 106.524599257000034, -5.521503714999938, 0.0 ], [ 106.524854198000071, -5.521364688999938, 0.0 ], [ 106.525127028000043, -5.521268825999925, 0.0 ], [ 106.525422481000078, -5.521032152999965, 0.0 ], [ 106.525641392000068, -5.520994081999959, 0.0 ], [ 106.52595548100004, -5.521051188999934, 0.0 ], [ 106.526164873000084, -5.521117813999979, 0.0 ], [ 106.526250534000042, -5.52121299199996, 0.0 ], [ 106.526345712000079, -5.521346241999936, 0.0 ], [ 106.52640746600008, -5.52146890399996, 0.0 ], [ 106.526547893000043, -5.521671347999927, 0.0 ], [ 106.526627934000032, -5.521941735999974, 0.0 ], [ 106.526526551000075, -5.522602597999935, 0.0 ], [ 106.526269570000068, -5.522935721999943, 0.0 ], [ 106.525822231000063, -5.523192703999939, 0.0 ], [ 106.525508142000035, -5.523259328999927, 0.0 ], [ 106.525213089000033, -5.523192703999939, 0.0 ], [ 106.524918036000088, -5.523040418999926, 0.0 ], [ 106.524756232000072, -5.522935721999943, 0.0 ], [ 106.524689607000084, -5.522897650999937, 0.0 ], [ 106.524556358000041, -5.522840543999962, 0.0 ], [ 106.524318411000081, -5.522754882999948, 0.0 ], [ 106.52409950100008, -5.522374168999931, 0.0 ], [ 106.524070948000087, -5.52218381299997, 0.0 ], [ 106.524109019000036, -5.52206008099995, 0.0 ], [ 106.524251787000082, -5.521850687999972, 0.0 ], [ 106.524375994000081, -5.521805521999966, 0.0 ], [ 106.52444749700004, -5.52165834699997, 0.0 ], [ 106.524599257000034, -5.521503714999938, 0.0 ] ] ], [ [ [ 106.520797285000071, -5.516488799999934, 0.0 ], [ 106.520725901000048, -5.516667258999973, 0.0 ], [ 106.520690209000065, -5.516833820999977, 0.0 ], [ 106.520666415000051, -5.516905204999944, 0.0 ], [ 106.520606928000063, -5.516940895999937, 0.0 ], [ 106.520517307000034, -5.516918490999956, 0.0 ], [ 106.520511749000036, -5.516917100999933, 0.0 ], [ 106.520440367000049, -5.516821922999952, 0.0 ], [ 106.520416571000055, -5.516667258999973, 0.0 ], [ 106.520487955000078, -5.516441209999925, 0.0 ], [ 106.520559340000034, -5.516298441999936, 0.0 ], [ 106.520678313000076, -5.51619136599993, 0.0 ], [ 106.520797285000071, -5.516131879999932, 0.0 ], [ 106.520845928000085, -5.516131879999932, 0.0 ], [ 106.520904360000088, -5.516131879999932, 0.0 ], [ 106.520975745000044, -5.51617946999994, 0.0 ], [ 106.520928155000036, -5.516346031999944, 0.0 ], [ 106.520797285000071, -5.516488799999934, 0.0 ] ] ], [ [ [ 106.528142205000051, -5.512517251999952, 0.0 ], [ 106.528397340000083, -5.51272976599995, 0.0 ], [ 106.52853447800004, -5.512921429999949, 0.0 ], [ 106.528950036000083, -5.513263066999968, 0.0 ], [ 106.529060930000071, -5.513366797999936, 0.0 ], [ 106.529116854000051, -5.513604555999962, 0.0 ], [ 106.529058298000052, -5.513783124999975, 0.0 ], [ 106.528958360000047, -5.514104352999937, 0.0 ], [ 106.528729932000033, -5.514318503999959, 0.0 ], [ 106.528508642000077, -5.514439856999957, 0.0 ], [ 106.528144585000064, -5.514525516999981, 0.0 ], [ 106.527851911000084, -5.514575485999956, 0.0 ], [ 106.527445023000041, -5.514554070999964, 0.0 ], [ 106.527145211000061, -5.51451124099998, 0.0 ], [ 106.526809707000041, -5.514375610999934, 0.0 ], [ 106.526417096000046, -5.514104352999937, 0.0 ], [ 106.526103007000074, -5.513875923999933, 0.0 ], [ 106.525796057000036, -5.513533281999969, 0.0 ], [ 106.525803195000037, -5.513333406999948, 0.0 ], [ 106.525881717000061, -5.51312401499996, 0.0 ], [ 106.52602448500005, -5.512886068999933, 0.0 ], [ 106.52644089100005, -5.51261243099998, 0.0 ], [ 106.526976269000045, -5.512481559999969, 0.0 ], [ 106.527797183000075, -5.512445867999929, 0.0 ], [ 106.528142205000051, -5.512517251999952, 0.0 ] ] ], [ [ [ 106.533272323000062, -5.51257673899994, 0.0 ], [ 106.533403194000073, -5.51257673899994, 0.0 ], [ 106.533548735000068, -5.512571919999971, 0.0 ], [ 106.533811573000037, -5.512354610999978, 0.0 ], [ 106.534866119000071, -5.511788595999974, 0.0 ], [ 106.535353926000084, -5.511562548999962, 0.0 ], [ 106.535789572000056, -5.511351666999929, 0.0 ], [ 106.536102374000052, -5.511265807999962, 0.0 ], [ 106.536760042000083, -5.511166605999961, 0.0 ], [ 106.537594077000051, -5.511078829999974, 0.0 ], [ 106.537972575000083, -5.511145088999967, 0.0 ], [ 106.538289251000037, -5.511242425999967, 0.0 ], [ 106.53840544600007, -5.511368251999954, 0.0 ], [ 106.538501070000052, -5.511608292999938, 0.0 ], [ 106.538560826000037, -5.512222045999977, 0.0 ], [ 106.538411959000086, -5.512541046999957, 0.0 ], [ 106.538126424000041, -5.512969349999935, 0.0 ], [ 106.537733813000045, -5.513278679999928, 0.0 ], [ 106.537019974000088, -5.513659393999944, 0.0 ], [ 106.536710644000038, -5.513921133999929, 0.0 ], [ 106.536437006000085, -5.514004414999931, 0.0 ], [ 106.535949217000052, -5.514087696999979, 0.0 ], [ 106.53535435200007, -5.514206669999965, 0.0 ], [ 106.5347, -5.514539793999973, 0.0 ], [ 106.533700626000041, -5.515182248999963, 0.0 ], [ 106.533236631000079, -5.515539167999975, 0.0 ], [ 106.532796431000065, -5.515789010999981, 0.0 ], [ 106.532558485000038, -5.515812805999929, 0.0 ], [ 106.532427615000074, -5.515777113999945, 0.0 ], [ 106.532352910000043, -5.515523687999973, 0.0 ], [ 106.532370101000083, -5.515291140999977, 0.0 ], [ 106.53239799000005, -5.515245879999952, 0.0 ], [ 106.532775456000081, -5.51470833299993, 0.0 ], [ 106.533119486000032, -5.514277420999974, 0.0 ], [ 106.533208192000075, -5.514013191999936, 0.0 ], [ 106.533301077000033, -5.513425437999956, 0.0 ], [ 106.533367502000033, -5.512838478999981, 0.0 ], [ 106.533296118000067, -5.512731403999965, 0.0 ], [ 106.533236631000079, -5.51261243099998, 0.0 ], [ 106.533272323000062, -5.51257673899994, 0.0 ] ] ], [ [ [ 106.532096157000069, -5.501522250999926, 0.0 ], [ 106.532387998000047, -5.501475821999975, 0.0 ], [ 106.533006657000044, -5.501399678999974, 0.0 ], [ 106.533596764000038, -5.501551964999976, 0.0 ], [ 106.534196388000055, -5.501799428999959, 0.0 ], [ 106.534510477000083, -5.50199930399998, 0.0 ], [ 106.53486263700006, -5.502265802999943, 0.0 ], [ 106.534902900000077, -5.502339970999969, 0.0 ], [ 106.535043476000055, -5.502598927999941, 0.0 ], [ 106.535043476000055, -5.502893980999943, 0.0 ], [ 106.534948298000074, -5.503160480999952, 0.0 ], [ 106.534811276000084, -5.503362749999951, 0.0 ], [ 106.534606408000059, -5.503498974999957, 0.0 ], [ 106.534311045000038, -5.503592230999971, 0.0 ], [ 106.534014, -5.503613794999978, 0.0 ], [ 106.533724846000041, -5.503565271999946, 0.0 ], [ 106.53336588600007, -5.503532255999971, 0.0 ], [ 106.532552836000036, -5.503480492999927, 0.0 ], [ 106.53228564300008, -5.503356636999968, 0.0 ], [ 106.531769011000051, -5.502978571999961, 0.0 ], [ 106.531694280000067, -5.502838900999961, 0.0 ], [ 106.531678027000055, -5.502455054999928, 0.0 ], [ 106.531666133000044, -5.502218919999962, 0.0 ], [ 106.531676473000061, -5.502054450999935, 0.0 ], [ 106.531683017000034, -5.501950353999973, 0.0 ], [ 106.531800475000068, -5.501699905999942, 0.0 ], [ 106.531933417000062, -5.501592094999978, 0.0 ], [ 106.532096157000069, -5.501522250999926, 0.0 ] ] ], [ [ [ 106.393054, -5.480691, 0.0 ], [ 106.392731521000087, -5.480795358999956, 0.0 ], [ 106.392749056000071, -5.480918105999933, 0.0 ], [ 106.39239499200005, -5.480980922999947, 0.0 ], [ 106.392052350000085, -5.481003765999958, 0.0 ], [ 106.391772525000079, -5.480581173999951, 0.0 ], [ 106.391606915000068, -5.48039272099993, 0.0 ], [ 106.391201455000044, -5.480164291999927, 0.0 ], [ 106.390824548000069, -5.479941574999941, 0.0 ], [ 106.390516170000069, -5.47963890699998, 0.0 ], [ 106.390424798000083, -5.479410478999966, 0.0 ], [ 106.390493327000058, -5.479050704999963, 0.0 ], [ 106.390565643000059, -5.478799725999977, 0.0 ], [ 106.39056770500008, -5.478792569999939, 0.0 ], [ 106.390590409000083, -5.478713772999981, 0.0 ], [ 106.39061593200006, -5.478695542999958, 0.0 ], [ 106.39065, -5.478627, 0.0 ], [ 106.390956, -5.478249, 0.0 ], [ 106.391512, -5.477678, 0.0 ], [ 106.391674026000032, -5.477581156999975, 0.0 ], [ 106.39209803500006, -5.477485970999965, 0.0 ], [ 106.392960352000046, -5.477428863999933, 0.0 ], [ 106.394028254000034, -5.477423152999961, 0.0 ], [ 106.394496532000062, -5.477417442999979, 0.0 ], [ 106.394845026000041, -5.477470815999936, 0.0 ], [ 106.394892, -5.477499, 0.0 ], [ 106.394968, -5.477544, 0.0 ], [ 106.395172014000082, -5.477705342999968, 0.0 ], [ 106.39523321300004, -5.477817191999975, 0.0 ], [ 106.395330295000065, -5.478022777999968, 0.0 ], [ 106.395278899000061, -5.478268337999964, 0.0 ], [ 106.395245919000047, -5.478404380999962, 0.0 ], [ 106.395136, -5.478487, 0.0 ], [ 106.3949, -5.478697, 0.0 ], [ 106.394763, -5.479031, 0.0 ], [ 106.394198, -5.479588, 0.0 ], [ 106.393725, -5.479859, 0.0 ], [ 106.393671, -5.479873, 0.0 ], [ 106.393641, -5.479882, 0.0 ], [ 106.393589947000066, -5.479865205999943, 0.0 ], [ 106.393813151000074, -5.480187134999937, 0.0 ], [ 106.39378935600007, -5.480310866999957, 0.0 ], [ 106.393660865000072, -5.480310866999957, 0.0 ], [ 106.393441955000071, -5.479934911999976, 0.0 ], [ 106.393440331000079, -5.479912178999939, 0.0 ], [ 106.393429034000064, -5.479923389999954, 0.0 ], [ 106.393403884000065, -5.479877804999944, 0.0 ], [ 106.393137384000056, -5.480106233999948, 0.0 ], [ 106.393386135000071, -5.480487651999965, 0.0 ], [ 106.393389, -5.480495, 0.0 ], [ 106.393054, -5.480691, 0.0 ] ] ], [ [ [ 106.52718580700008, -5.476215829999944, 0.0 ], [ 106.526882426000043, -5.476548954999942, 0.0 ], [ 106.526626634000081, -5.476977257999977, 0.0 ], [ 106.526448174000052, -5.477262792999966, 0.0 ], [ 106.526180485000054, -5.477827914999978, 0.0 ], [ 106.525978231000067, -5.478166987999941, 0.0 ], [ 106.525752182000076, -5.478369241999928, 0.0 ], [ 106.525484493000079, -5.478619085999981, 0.0 ], [ 106.525050241000088, -5.479148515999952, 0.0 ], [ 106.524729014000059, -5.479422153999963, 0.0 ], [ 106.52430071100008, -5.479600613999935, 0.0 ], [ 106.523973535000039, -5.479612510999971, 0.0 ], [ 106.523182364000036, -5.479618459999926, 0.0 ], [ 106.522557756000083, -5.479487588999973, 0.0 ], [ 106.522397142000045, -5.479303180999977, 0.0 ], [ 106.522319810000056, -5.479118772999925, 0.0 ], [ 106.522343604000071, -5.478845134999972, 0.0 ], [ 106.522742164000078, -5.478381139999954, 0.0 ], [ 106.523634462000075, -5.47773273699994, 0.0 ], [ 106.524782552000033, -5.477197357999955, 0.0 ], [ 106.525395263000064, -5.476929668999958, 0.0 ], [ 106.526840785000047, -5.476221778999957, 0.0 ], [ 106.527227448000076, -5.47604926799994, 0.0 ], [ 106.527444779000064, -5.476055192999979, 0.0 ], [ 106.527422431000048, -5.476078861999952, 0.0 ], [ 106.52718580700008, -5.476215829999944, 0.0 ] ] ], [ [ [ 106.43869008300004, -5.465317898999956, 0.0 ], [ 106.43839027100006, -5.46536072899994, 0.0 ], [ 106.438204673000087, -5.465260791999981, 0.0 ], [ 106.438061906000087, -5.465018086999976, 0.0 ], [ 106.438019075000057, -5.464818211999955, 0.0 ], [ 106.438019075000057, -5.464661167999964, 0.0 ], [ 106.438119013000062, -5.464561229999958, 0.0 ], [ 106.438190396000039, -5.464504122999926, 0.0 ], [ 106.43839027100006, -5.46443273899996, 0.0 ], [ 106.438533039000049, -5.464447015999951, 0.0 ], [ 106.438718637000079, -5.464561229999958, 0.0 ], [ 106.438975619000075, -5.464960979999944, 0.0 ], [ 106.439004172000068, -5.465089470999942, 0.0 ], [ 106.438918512000043, -5.465175130999967, 0.0 ], [ 106.43869008300004, -5.465317898999956, 0.0 ] ] ], [ [ [ 106.545951426000045, -5.462677773999928, 0.0 ], [ 106.546080392000079, -5.462905363999937, 0.0 ], [ 106.546166054000082, -5.46307668399993, 0.0 ], [ 106.546166054000082, -5.463248005999958, 0.0 ], [ 106.546134645000052, -5.463339377999944, 0.0 ], [ 106.546083423000084, -5.463488386999927, 0.0 ], [ 106.546034235000036, -5.463534438999943, 0.0 ], [ 106.545800730000053, -5.463786072999937, 0.0 ], [ 106.545631483000079, -5.463811459999931, 0.0 ], [ 106.545238064000046, -5.463776245999952, 0.0 ], [ 106.544881145000033, -5.463719138999977, 0.0 ], [ 106.544645176000074, -5.463524728999971, 0.0 ], [ 106.544644882000057, -5.463524486999972, 0.0 ], [ 106.54465745400006, -5.463475820999975, 0.0 ], [ 106.544730032000075, -5.463206397999954, 0.0 ], [ 106.54492790200004, -5.462894737999932, 0.0 ], [ 106.544968362000077, -5.462850845999981, 0.0 ], [ 106.545164483000065, -5.462701570999968, 0.0 ], [ 106.545461382000042, -5.462561775999973, 0.0 ], [ 106.545669983000039, -5.46255346199996, 0.0 ], [ 106.545865624000044, -5.462625819999971, 0.0 ], [ 106.545951426000045, -5.462677773999928, 0.0 ] ] ], [ [ [ 106.490950336000083, -5.418778749999944, 0.0 ], [ 106.491277034000063, -5.418602329999942, 0.0 ], [ 106.491525268000032, -5.418557504999967, 0.0 ], [ 106.491825055000049, -5.418483441999967, 0.0 ], [ 106.491979862000051, -5.41844479699995, 0.0 ], [ 106.492315278000035, -5.418459985999959, 0.0 ], [ 106.493508106000036, -5.418604319999929, 0.0 ], [ 106.493807780000054, -5.418688602999964, 0.0 ], [ 106.494107730000053, -5.418861301999925, 0.0 ], [ 106.494279051000035, -5.418946962999939, 0.0 ], [ 106.494407542000033, -5.419032622999964, 0.0 ], [ 106.494578863000072, -5.419161113999962, 0.0 ], [ 106.494521200000065, -5.41967662299993, 0.0 ], [ 106.494364712000049, -5.420060550999949, 0.0 ], [ 106.49422194400006, -5.420474576999936, 0.0 ], [ 106.494093453000062, -5.420860048999941, 0.0 ], [ 106.493907855000089, -5.421202691999952, 0.0 ], [ 106.493579490000059, -5.42151678099998, 0.0 ], [ 106.493194017000064, -5.421830869999951, 0.0 ], [ 106.49280854400007, -5.422144957999933, 0.0 ], [ 106.492508732000033, -5.422430493999968, 0.0 ], [ 106.492294581000067, -5.422587537999959, 0.0 ], [ 106.491727156000081, -5.423036199999956, 0.0 ], [ 106.491621386000077, -5.423032712999941, 0.0 ], [ 106.491280930000073, -5.422801689999972, 0.0 ], [ 106.490838351000036, -5.422487600999943, 0.0 ], [ 106.49058136900004, -5.422344832999954, 0.0 ], [ 106.490381494000076, -5.422159234999981, 0.0 ], [ 106.490224450000085, -5.42177376199993, 0.0 ], [ 106.490138789000071, -5.421359735999943, 0.0 ], [ 106.490067575000069, -5.420855434999964, 0.0 ], [ 106.490120829000034, -5.420194821999928, 0.0 ], [ 106.490231995000045, -5.419783141999972, 0.0 ], [ 106.490552815000058, -5.419360988999927, 0.0 ], [ 106.49076696700007, -5.419061176999946, 0.0 ], [ 106.490950336000083, -5.418778749999944, 0.0 ] ] ], [ [ [ 106.472554572000035, -5.412227364999978, 0.0 ], [ 106.472721135000086, -5.412441515999944, 0.0 ], [ 106.472863902000086, -5.412560488999929, 0.0 ], [ 106.473042362000058, -5.412655667999957, 0.0 ], [ 106.473232719000066, -5.412738948999959, 0.0 ], [ 106.473304103000032, -5.412846024999965, 0.0 ], [ 106.473292205000064, -5.412929305999967, 0.0 ], [ 106.473197027000083, -5.412976894999929, 0.0 ], [ 106.472982875000071, -5.41310776499995, 0.0 ], [ 106.472733032000065, -5.413500376999934, 0.0 ], [ 106.472506983000073, -5.41389298799993, 0.0 ], [ 106.472209550000059, -5.414475955999933, 0.0 ], [ 106.47205488600008, -5.414702003999935, 0.0 ], [ 106.471828837000032, -5.41498753999997, 0.0 ], [ 106.471519507000039, -5.415273074999959, 0.0 ], [ 106.47110310100004, -5.415629993999971, 0.0 ], [ 106.470996025000034, -5.415677582999933, 0.0 ], [ 106.470734285000049, -5.415594301999931, 0.0 ], [ 106.470436852000034, -5.415320663999978, 0.0 ], [ 106.470258392000062, -5.414999436999949, 0.0 ], [ 106.470198906000064, -5.414773387999958, 0.0 ], [ 106.47017511100006, -5.414392673999942, 0.0 ], [ 106.470222701000068, -5.413702630999978, 0.0 ], [ 106.470341674000053, -5.413250532999939, 0.0 ], [ 106.470532030000072, -5.412893613999927, 0.0 ], [ 106.470936539000036, -5.412608078999938, 0.0 ], [ 106.471388636000086, -5.412322542999959, 0.0 ], [ 106.471935912000049, -5.412132185999951, 0.0 ], [ 106.47219765300008, -5.412132185999951, 0.0 ], [ 106.472554572000035, -5.412227364999978, 0.0 ] ] ], [ [ [ 106.462933279000083, -5.202928533999966, 0.0 ], [ 106.462858105000066, -5.202932297999951, 0.0 ], [ 106.462790133000055, -5.202953990999958, 0.0 ], [ 106.462672147000035, -5.203022459999943, 0.0 ], [ 106.462625746000072, -5.203083583999955, 0.0 ], [ 106.462579420000054, -5.20317701099998, 0.0 ], [ 106.462472258000048, -5.203281345999926, 0.0 ], [ 106.462404492000076, -5.203392768999947, 0.0 ], [ 106.462325896000038, -5.203464735999944, 0.0 ], [ 106.462161750000064, -5.203698414999963, 0.0 ], [ 106.462081558000079, -5.203854730999979, 0.0 ], [ 106.462001366000038, -5.204011047999927, 0.0 ], [ 106.461887423000064, -5.20428050299995, 0.0 ], [ 106.461615809000079, -5.204986304999977, 0.0 ], [ 106.461731075000046, -5.205101570999943, 0.0 ], [ 106.461657177000063, -5.205347031999963, 0.0 ], [ 106.461589047000075, -5.205300529999931, 0.0 ], [ 106.461528583000074, -5.20547295199998, 0.0 ], [ 106.461689954000065, -5.205587431999959, 0.0 ], [ 106.461597252000047, -5.205752750999977, 0.0 ], [ 106.461518381000076, -5.205706273999965, 0.0 ], [ 106.461439884000072, -5.205821310999966, 0.0 ], [ 106.461318682000069, -5.206047711999929, 0.0 ], [ 106.461322085000063, -5.206120948999967, 0.0 ], [ 106.461261310000054, -5.206137526999953, 0.0 ], [ 106.461231526000063, -5.20640922299998, 0.0 ], [ 106.461231526000063, -5.206561507999936, 0.0 ], [ 106.461212491000083, -5.206675721999943, 0.0 ], [ 106.461107794000043, -5.206780418999926, 0.0 ], [ 106.461026893000053, -5.20700884699994, 0.0 ], [ 106.460913868000034, -5.207300330999942, 0.0 ], [ 106.460866279000072, -5.207562071999973, 0.0 ], [ 106.460854382000036, -5.207734581999944, 0.0 ], [ 106.460890074000076, -5.207901144999937, 0.0 ], [ 106.460919817000047, -5.208002271999931, 0.0 ], [ 106.460931714000083, -5.208127193999928, 0.0 ], [ 106.460878176000051, -5.20832349899996, 0.0 ], [ 106.460830587000032, -5.208222371999966, 0.0 ], [ 106.460747306000087, -5.207996322999975, 0.0 ], [ 106.460759203000066, -5.207776222999939, 0.0 ], [ 106.460818690000053, -5.207038589999968, 0.0 ], [ 106.460836536000045, -5.20684823299996, 0.0 ], [ 106.460878176000051, -5.206800643999941, 0.0 ], [ 106.461026893000053, -5.206687619999968, 0.0 ], [ 106.461092328000063, -5.206651927999928, 0.0 ], [ 106.461128020000046, -5.206586492999975, 0.0 ], [ 106.461098277000076, -5.206360443999927, 0.0 ], [ 106.461044739000045, -5.206229572999973, 0.0 ], [ 106.46102094400004, -5.206205778999959, 0.0 ], [ 106.460961458000043, -5.206187932999967, 0.0 ], [ 106.460640230000081, -5.206289059999961, 0.0 ], [ 106.460396336000088, -5.206390186999954, 0.0 ], [ 106.460366592000071, -5.20643182799995, 0.0 ], [ 106.460390387000075, -5.206764951999958, 0.0 ], [ 106.460402284000054, -5.206842284999937, 0.0 ], [ 106.460592641000062, -5.206961257999978, 0.0 ], [ 106.460628333000045, -5.207038589999968, 0.0 ], [ 106.460545052000043, -5.207996322999975, 0.0 ], [ 106.460426079000058, -5.208400831999938, 0.0 ], [ 106.460360644000048, -5.208377036999934, 0.0 ], [ 106.460390387000075, -5.208269960999928, 0.0 ], [ 106.460485565000056, -5.207883298999946, 0.0 ], [ 106.460515309000073, -5.207532327999957, 0.0 ], [ 106.460473668000077, -5.20735981699994, 0.0 ], [ 106.46023572200005, -5.207145665999974, 0.0 ], [ 106.460075108000069, -5.206937462999974, 0.0 ], [ 106.459783624000067, -5.206675721999943, 0.0 ], [ 106.459605165000085, -5.206473467999956, 0.0 ], [ 106.459492140000066, -5.206306905999952, 0.0 ], [ 106.459349373000066, -5.205878602999974, 0.0 ], [ 106.459283938000056, -5.205378915999972, 0.0 ], [ 106.459254194000039, -5.204903023999975, 0.0 ], [ 106.459337475000041, -5.204450925999936, 0.0 ], [ 106.459468346000051, -5.203933393999932, 0.0 ], [ 106.459521884000083, -5.203790625999943, 0.0 ], [ 106.459599216000072, -5.20368949899995, 0.0 ], [ 106.459795522000036, -5.20354673099996, 0.0 ], [ 106.460069160000046, -5.203380168999956, 0.0 ], [ 106.460426079000058, -5.203154119999965, 0.0 ], [ 106.460692190000088, -5.20299990999996, 0.0 ], [ 106.460768758000086, -5.202955981999935, 0.0 ], [ 106.460849665000069, -5.202936957999952, 0.0 ], [ 106.460996532000081, -5.202972508999949, 0.0 ], [ 106.461093187000074, -5.202968695999971, 0.0 ], [ 106.461193372000082, -5.202943338999944, 0.0 ], [ 106.461221938000051, -5.202910969999948, 0.0 ], [ 106.461264717000063, -5.202831907999951, 0.0 ], [ 106.461282502000074, -5.20278161799996, 0.0 ], [ 106.461318212000037, -5.202742053999941, 0.0 ], [ 106.461361140000065, -5.202727596999978, 0.0 ], [ 106.461447121000049, -5.202752522999958, 0.0 ], [ 106.461547430000053, -5.202781003999974, 0.0 ], [ 106.461626242000079, -5.20280235599995, 0.0 ], [ 106.461694347000048, -5.202838089999943, 0.0 ], [ 106.461730214000056, -5.202866719999975, 0.0 ], [ 106.461787554000068, -5.202891711999939, 0.0 ], [ 106.461826952000081, -5.202898798999968, 0.0 ], [ 106.46189849600006, -5.202873507999925, 0.0 ], [ 106.462023708000061, -5.202833736999935, 0.0 ], [ 106.462091647000079, -5.202797686999929, 0.0 ], [ 106.462173841000038, -5.202732890999926, 0.0 ], [ 106.462273835000076, -5.202624981999975, 0.0 ], [ 106.46231300900007, -5.202535160999957, 0.0 ], [ 106.462359434000064, -5.202484804999926, 0.0 ], [ 106.462413070000082, -5.202455966999935, 0.0 ], [ 106.462506111000039, -5.202437804999931, 0.0 ], [ 106.462613522000083, -5.202441143999977, 0.0 ], [ 106.462663751000036, -5.202487687999962, 0.0 ], [ 106.462721066000086, -5.202501910999956, 0.0 ], [ 106.462799745000041, -5.202465836999977, 0.0 ], [ 106.462853372000041, -5.20243340899998, 0.0 ], [ 106.462928521000038, -5.202418877999946, 0.0 ], [ 106.463068170000042, -5.202429320999954, 0.0 ], [ 106.463116122000088, -5.202448421999975, 0.0 ], [ 106.463144613000054, -5.20251761399993, 0.0 ], [ 106.463102972000058, -5.202702021999926, 0.0 ], [ 106.463073229000088, -5.202820995999957, 0.0 ], [ 106.463073229000088, -5.202904276999959, 0.0 ], [ 106.463149108000039, -5.203003248999948, 0.0 ], [ 106.463155469000071, -5.203024926999944, 0.0 ], [ 106.46315564300005, -5.20310029999996, 0.0 ], [ 106.463127094000072, -5.203139846999932, 0.0 ], [ 106.463087754000071, -5.20315788399995, 0.0 ], [ 106.463044710000077, -5.203122091999944, 0.0 ], [ 106.463019541000051, -5.203075490999936, 0.0 ], [ 106.462979945000086, -5.202982263999957, 0.0 ], [ 106.462933279000083, -5.202928533999966, 0.0 ] ] ], [ [ [ 106.554522959000053, -5.820061842999962, 0.0 ], [ 106.554676434000044, -5.820068980999963, 0.0 ], [ 106.55493698500004, -5.820111811999936, 0.0 ], [ 106.555215382000085, -5.820161779999978, 0.0 ], [ 106.555329596000036, -5.820147503999976, 0.0 ], [ 106.555493779000074, -5.820111811999936, 0.0 ], [ 106.555690084000048, -5.820093965999945, 0.0 ], [ 106.555829283000037, -5.820111811999936, 0.0 ], [ 106.555925651000052, -5.820158210999978, 0.0 ], [ 106.556156459000078, -5.820258148999926, 0.0 ], [ 106.556494342000065, -5.820358085999942, 0.0 ], [ 106.556858400000067, -5.820465161999948, 0.0 ], [ 106.557055895000076, -5.820543683999972, 0.0 ], [ 106.557281944000067, -5.820607928999948, 0.0 ], [ 106.557374743000082, -5.820657897999979, 0.0 ], [ 106.55750323400008, -5.820736419999946, 0.0 ], [ 106.557613836000087, -5.820729735999976, 0.0 ], [ 106.557779251000056, -5.820648379999966, 0.0 ], [ 106.557907742000054, -5.820586513999956, 0.0 ], [ 106.557976746000065, -5.820598411999981, 0.0 ], [ 106.55800767900007, -5.820629344999929, 0.0 ], [ 106.557993403000069, -5.820662656999957, 0.0 ], [ 106.557874429000037, -5.820741178999981, 0.0 ], [ 106.557705804000079, -5.820846980999931, 0.0 ], [ 106.557657899000048, -5.820888705999948, 0.0 ], [ 106.557629345000066, -5.820938673999933, 0.0 ], [ 106.55764600100008, -5.820993401999942, 0.0 ], [ 106.557695970000054, -5.821074303999978, 0.0 ], [ 106.557819702000074, -5.821340802999941, 0.0 ], [ 106.557855394000057, -5.821739362999949, 0.0 ], [ 106.557873198000038, -5.822033961999978, 0.0 ], [ 106.557774042000062, -5.822234442999957, 0.0 ], [ 106.557476343000076, -5.82268103499996, 0.0 ], [ 106.557249591000073, -5.822892292999938, 0.0 ], [ 106.556809936000036, -5.823208215999955, 0.0 ], [ 106.556676209000045, -5.823277091999955, 0.0 ], [ 106.556344436000074, -5.823357396999938, 0.0 ], [ 106.556022432000077, -5.823468127999945, 0.0 ], [ 106.555916728000057, -5.823536450999939, 0.0 ], [ 106.555860216000042, -5.823714910999968, 0.0 ], [ 106.555845344000033, -5.823792242999957, 0.0 ], [ 106.555806678000067, -5.823884446999955, 0.0 ], [ 106.555773960000067, -5.824080752999976, 0.0 ], [ 106.555773960000067, -5.824164033999978, 0.0 ], [ 106.55577990900008, -5.82424434099994, 0.0 ], [ 106.555815601000063, -5.824285980999946, 0.0 ], [ 106.555857241000069, -5.824294903999942, 0.0 ], [ 106.555898882000065, -5.82427705799995, 0.0 ], [ 106.555931600000065, -5.824250288999963, 0.0 ], [ 106.555970266000088, -5.82424731499998, 0.0 ], [ 106.55598513700005, -5.82427705799995, 0.0 ], [ 106.555973240000071, -5.824330595999925, 0.0 ], [ 106.555964317000075, -5.82437521099996, 0.0 ], [ 106.55598513700005, -5.824428748999935, 0.0 ], [ 106.555940523000061, -5.824449568999967, 0.0 ], [ 106.555866164000065, -5.824434697999948, 0.0 ], [ 106.555821549000086, -5.824428748999935, 0.0 ], [ 106.555738268000084, -5.824440645999971, 0.0 ], [ 106.555586578000089, -5.824482286999967, 0.0 ], [ 106.555467605000047, -5.824515003999977, 0.0 ], [ 106.555408118000059, -5.824568541999952, 0.0 ], [ 106.555253453000034, -5.824678591999941, 0.0 ], [ 106.555152326000041, -5.824770795999939, 0.0 ], [ 106.555095814000083, -5.824794590999943, 0.0 ], [ 106.555048225000064, -5.824776744999951, 0.0 ], [ 106.555027404000043, -5.824744027999941, 0.0 ], [ 106.555051199000047, -5.824672643999975, 0.0 ], [ 106.555193967000037, -5.824223519999975, 0.0 ], [ 106.555238582000072, -5.82421162299994, 0.0 ], [ 106.555306991000066, -5.82424434099994, 0.0 ], [ 106.55553898800008, -5.82428003299998, 0.0 ], [ 106.555782883000063, -5.823598911999966, 0.0 ], [ 106.555628218000038, -5.823569168999938, 0.0 ], [ 106.555027404000043, -5.823441272999958, 0.0 ], [ 106.555012533000081, -5.823506707999968, 0.0 ], [ 106.554679408000084, -5.823438297999928, 0.0 ], [ 106.554533666000054, -5.823964753999974, 0.0 ], [ 106.554637768000077, -5.823997471999974, 0.0 ], [ 106.554483103000052, -5.824479311999937, 0.0 ], [ 106.554697254000075, -5.824571516999981, 0.0 ], [ 106.554667511000048, -5.824693463999949, 0.0 ], [ 106.554631819000065, -5.824717258999954, 0.0 ], [ 106.554590178000069, -5.824681566999971, 0.0 ], [ 106.55457530700005, -5.824636951999935, 0.0 ], [ 106.554486077000035, -5.824562593999929, 0.0 ], [ 106.554215413000065, -5.824390082999969, 0.0 ], [ 106.554135106000047, -5.824327621999942, 0.0 ], [ 106.55406372300007, -5.824235417999944, 0.0 ], [ 106.554036954000082, -5.824143213999946, 0.0 ], [ 106.554036954000082, -5.824077777999946, 0.0 ], [ 106.554182696000055, -5.823926087999951, 0.0 ], [ 106.554224336000061, -5.823967727999957, 0.0 ], [ 106.55430464300008, -5.823964753999974, 0.0 ], [ 106.554390899000055, -5.823943933999942, 0.0 ], [ 106.554435513000044, -5.823929061999934, 0.0 ], [ 106.554465257000061, -5.82390526699993, 0.0 ], [ 106.554483103000052, -5.823836857999936, 0.0 ], [ 106.554495, -5.823694089999947, 0.0 ], [ 106.554521769000075, -5.82362270699997, 0.0 ], [ 106.554587204000086, -5.823509681999951, 0.0 ], [ 106.554610999000033, -5.823429374999932, 0.0 ], [ 106.554561080000042, -5.823306014999957, 0.0 ], [ 106.554411719000086, -5.823185480999939, 0.0 ], [ 106.554248131000065, -5.823089706999951, 0.0 ], [ 106.553973303000078, -5.82293266299996, 0.0 ], [ 106.553694906000032, -5.822800602999962, 0.0 ], [ 106.553388866000034, -5.822680250999952, 0.0 ], [ 106.552546340000049, -5.82219003299997, 0.0 ], [ 106.552255839000054, -5.821999927999968, 0.0 ], [ 106.551226645000042, -5.821376756999939, 0.0 ], [ 106.551115054000036, -5.821331615999952, 0.0 ], [ 106.550540848000082, -5.821063384999945, 0.0 ], [ 106.550008564000052, -5.820760835999977, 0.0 ], [ 106.550006954000082, -5.820759918999954, 0.0 ], [ 106.54962596200005, -5.820575941999948, 0.0 ], [ 106.54927981600008, -5.820393777999925, 0.0 ], [ 106.549004989000082, -5.820318824999958, 0.0 ], [ 106.548632857000086, -5.820275798999944, 0.0 ], [ 106.548519127000077, -5.820244242999934, 0.0 ], [ 106.548437487000058, -5.820215317999953, 0.0 ], [ 106.548341119000042, -5.820068980999963, 0.0 ], [ 106.548341119000042, -5.819986889999939, 0.0 ], [ 106.548390680000068, -5.819951109999977, 0.0 ], [ 106.548480317000042, -5.819965474999947, 0.0 ], [ 106.548755145000086, -5.819958336999946, 0.0 ], [ 106.549351085000069, -5.819926406999969, 0.0 ], [ 106.550052261000076, -5.819914804999939, 0.0 ], [ 106.55084312200006, -5.81999402799994, 0.0 ], [ 106.55132139400007, -5.81999402799994, 0.0 ], [ 106.551813942000081, -5.820011873999931, 0.0 ], [ 106.552210123000066, -5.820047565999971, 0.0 ], [ 106.552724086000069, -5.820033289999969, 0.0 ], [ 106.552909684000042, -5.820019012999978, 0.0 ], [ 106.553284449000046, -5.820033289999969, 0.0 ], [ 106.553602107000074, -5.82003685899997, 0.0 ], [ 106.55384838100008, -5.820083257999954, 0.0 ], [ 106.554012564000061, -5.820115380999937, 0.0 ], [ 106.554180316000043, -5.820115380999937, 0.0 ], [ 106.554380191000064, -5.820104672999946, 0.0 ], [ 106.554522959000053, -5.820061842999962, 0.0 ] ] ], [ [ [ 106.549763888000086, -5.814125409999974, 0.0 ], [ 106.549885240000037, -5.814125409999974, 0.0 ], [ 106.549997075000078, -5.814120650999939, 0.0 ], [ 106.550113669000041, -5.814118271999973, 0.0 ], [ 106.550208847000079, -5.814113512999938, 0.0 ], [ 106.550211915000034, -5.814113512999938, 0.0 ], [ 106.550269008000043, -5.814183944999968, 0.0 ], [ 106.550094633000072, -5.814330043999973, 0.0 ], [ 106.550016274000086, -5.814379533999954, 0.0 ], [ 106.549519824000072, -5.814384882999946, 0.0 ], [ 106.549492629000042, -5.814356217999944, 0.0 ], [ 106.549153422000074, -5.814291029999936, 0.0 ], [ 106.548910989000035, -5.814205904999938, 0.0 ], [ 106.549077199000067, -5.814178684999945, 0.0 ], [ 106.549111916000072, -5.814172998999936, 0.0 ], [ 106.549169023000047, -5.814165860999935, 0.0 ], [ 106.549337964000074, -5.814144445999943, 0.0 ], [ 106.549480732000063, -5.814118271999973, 0.0 ], [ 106.549575910000044, -5.814123030999951, 0.0 ], [ 106.549763888000086, -5.814125409999974, 0.0 ] ] ], [ [ [ 106.554380643000059, -5.770943944999942, 0.0 ], [ 106.554486291000046, -5.771066725999958, 0.0 ], [ 106.55458051800008, -5.771189505999928, 0.0 ], [ 106.554663323000057, -5.771255178999979, 0.0 ], [ 106.554706153000041, -5.771275165999953, 0.0 ], [ 106.554746128000033, -5.771275165999953, 0.0 ], [ 106.554777537000064, -5.771295153999972, 0.0 ], [ 106.554806091000046, -5.77138937999996, 0.0 ], [ 106.554795316000082, -5.771408909999934, 0.0 ], [ 106.554760405000081, -5.771472185999926, 0.0 ], [ 106.554694732000087, -5.77153500299994, 0.0 ], [ 106.55467679700007, -5.771535818999951, 0.0 ], [ 106.554674745000057, -5.77154642499994, 0.0 ], [ 106.554546254000059, -5.771634940999945, 0.0 ], [ 106.55440634100006, -5.771729166999933, 0.0 ], [ 106.554252152000061, -5.771829104999938, 0.0 ], [ 106.554123661000062, -5.771903343999952, 0.0 ], [ 106.554063699000039, -5.771937607999973, 0.0 ], [ 106.554052278000086, -5.771966161999956, 0.0 ], [ 106.554043712000066, -5.771991859999957, 0.0 ], [ 106.554015158000084, -5.77200899199994, 0.0 ], [ 106.553969472000063, -5.772014702999968, 0.0 ], [ 106.553903799000068, -5.771991859999957, 0.0 ], [ 106.55378673000007, -5.771934752999925, 0.0 ], [ 106.553689648000045, -5.771880500999941, 0.0 ], [ 106.553603987000088, -5.771817682999938, 0.0 ], [ 106.553464075000079, -5.771743443999981, 0.0 ], [ 106.553392691000056, -5.771689192999929, 0.0 ], [ 106.553315596000061, -5.771629229999974, 0.0 ], [ 106.553212804000054, -5.771572122999942, 0.0 ], [ 106.553107156000067, -5.771512160999976, 0.0 ], [ 106.553047193000054, -5.771443631999944, 0.0 ], [ 106.553032917000053, -5.771360826999967, 0.0 ], [ 106.553027206000081, -5.771249467999951, 0.0 ], [ 106.553035772000044, -5.771169517999965, 0.0 ], [ 106.553067181000074, -5.771089567999979, 0.0 ], [ 106.553141420000088, -5.771041026999967, 0.0 ], [ 106.553201382000054, -5.771035316999928, 0.0 ], [ 106.553264200000058, -5.771052448999967, 0.0 ], [ 106.553327018000061, -5.77108385799994, 0.0 ], [ 106.553338439000072, -5.771120976999953, 0.0 ], [ 106.553304175000051, -5.771135253999944, 0.0 ], [ 106.553241357000047, -5.771135253999944, 0.0 ], [ 106.553181395000081, -5.771169517999965, 0.0 ], [ 106.55312714300004, -5.77122662499994, 0.0 ], [ 106.553124288000049, -5.771306574999926, 0.0 ], [ 106.553155697000079, -5.77138081399994, 0.0 ], [ 106.553192816000035, -5.771446487999981, 0.0 ], [ 106.553252779000047, -5.771515015999967, 0.0 ], [ 106.553327018000061, -5.771557845999951, 0.0 ], [ 106.55343552100004, -5.771637795999936, 0.0 ], [ 106.553524037000045, -5.771680625999977, 0.0 ], [ 106.553669660000082, -5.771757720999972, 0.0 ], [ 106.553763887000059, -5.771826248999957, 0.0 ], [ 106.553843837000045, -5.771869079999931, 0.0 ], [ 106.553900944000077, -5.771883356999979, 0.0 ], [ 106.553966617000071, -5.771914764999963, 0.0 ], [ 106.554012303000036, -5.771917620999943, 0.0 ], [ 106.554123661000062, -5.771831959999929, 0.0 ], [ 106.554226454000059, -5.771746299999961, 0.0 ], [ 106.554289272000062, -5.771660638999947, 0.0 ], [ 106.554317825000055, -5.77157783399997, 0.0 ], [ 106.554294983000034, -5.771497883999928, 0.0 ], [ 106.554255008000041, -5.77138081399994, 0.0 ], [ 106.554146504000073, -5.771260889999951, 0.0 ], [ 106.554097963000061, -5.771186649999947, 0.0 ], [ 106.554009447000055, -5.771089567999979, 0.0 ], [ 106.55396376200008, -5.771015328999965, 0.0 ], [ 106.553935208000041, -5.77093537899998, 0.0 ], [ 106.553912872000069, -5.770878771999946, 0.0 ], [ 106.553859334000038, -5.770765746999928, 0.0 ], [ 106.553746310000065, -5.77053374999997, 0.0 ], [ 106.553720772000077, -5.770466712999962, 0.0 ], [ 106.553689648000045, -5.770424270999968, 0.0 ], [ 106.553655384000081, -5.770367163999936, 0.0 ], [ 106.553626830000042, -5.770335754999962, 0.0 ], [ 106.553592566000077, -5.77029863599995, 0.0 ], [ 106.553564012000038, -5.770241527999929, 0.0 ], [ 106.553529748000074, -5.770187276999934, 0.0 ], [ 106.553509760000054, -5.77013302499995, 0.0 ], [ 106.553512616000035, -5.770050219999973, 0.0 ], [ 106.553521182000054, -5.76999882299998, 0.0 ], [ 106.553489773000081, -5.769958847999931, 0.0 ], [ 106.553452653000079, -5.769890319999945, 0.0 ], [ 106.553364137000074, -5.769790382999929, 0.0 ], [ 106.553315596000061, -5.769747551999956, 0.0 ], [ 106.553261345000067, -5.769727564999926, 0.0 ], [ 106.553207093000083, -5.769716142999926, 0.0 ], [ 106.553161407000061, -5.769718998999963, 0.0 ], [ 106.553084313000056, -5.769741841999974, 0.0 ], [ 106.55299294200006, -5.769773250999947, 0.0 ], [ 106.552890149000064, -5.769821791999959, 0.0 ], [ 106.552773079000076, -5.769910306999975, 0.0 ], [ 106.55267314200006, -5.770001678999961, 0.0 ], [ 106.552576060000035, -5.770118747999959, 0.0 ], [ 106.552513242000089, -5.770224395999946, 0.0 ], [ 106.552510387000041, -5.770315767999932, 0.0 ], [ 106.552521808000051, -5.770392861999937, 0.0 ], [ 106.552553217000082, -5.770469956999932, 0.0 ], [ 106.552604614000074, -5.770529918999955, 0.0 ], [ 106.552667431000089, -5.77059559199995, 0.0 ], [ 106.552733104000083, -5.770658409999953, 0.0 ], [ 106.552787356000067, -5.770678397999973, 0.0 ], [ 106.552841608000051, -5.770701239999937, 0.0 ], [ 106.552932979000047, -5.770704095999974, 0.0 ], [ 106.552978665000069, -5.770672686999944, 0.0 ], [ 106.553010074000042, -5.770632711999951, 0.0 ], [ 106.553044338000063, -5.770555616999957, 0.0 ], [ 106.553087168000047, -5.770547050999937, 0.0 ], [ 106.553101445000038, -5.770564182999976, 0.0 ], [ 106.553124288000049, -5.77061843499996, 0.0 ], [ 106.553121432000069, -5.770658409999953, 0.0 ], [ 106.553110011000058, -5.770712661999937, 0.0 ], [ 106.553092879000076, -5.770758346999969, 0.0 ], [ 106.553104300000086, -5.770812598999953, 0.0 ], [ 106.553087168000047, -5.770872561999965, 0.0 ], [ 106.553012929000033, -5.770898259999967, 0.0 ], [ 106.552890149000064, -5.770883982999976, 0.0 ], [ 106.552764513000056, -5.770815453999944, 0.0 ], [ 106.552647444000058, -5.770735504999948, 0.0 ], [ 106.552516098000069, -5.770589881999967, 0.0 ], [ 106.552441858000066, -5.770501365999962, 0.0 ], [ 106.552376185000071, -5.770381440999927, 0.0 ], [ 106.55236476400006, -5.770264370999939, 0.0 ], [ 106.552404739000053, -5.770147301999941, 0.0 ], [ 106.552470412000048, -5.76995599299994, 0.0 ], [ 106.552584626000055, -5.769790382999929, 0.0 ], [ 106.552710262000062, -5.769636193999929, 0.0 ], [ 106.552841608000051, -5.769539111999961, 0.0 ], [ 106.553018640000062, -5.76949342599994, 0.0 ], [ 106.553235647000065, -5.769476293999958, 0.0 ], [ 106.553458364000051, -5.769539111999961, 0.0 ], [ 106.55360113200004, -5.769601928999975, 0.0 ], [ 106.55374389900004, -5.769687589999933, 0.0 ], [ 106.553871232000063, -5.769796116999942, 0.0 ], [ 106.554006592000064, -5.769910306999975, 0.0 ], [ 106.554050054000072, -5.769967894999979, 0.0 ], [ 106.554077976000087, -5.770047363999936, 0.0 ], [ 106.554100819000041, -5.770150156999932, 0.0 ], [ 106.554097963000061, -5.770261515999948, 0.0 ], [ 106.554112240000052, -5.77031862299998, 0.0 ], [ 106.554115608000075, -5.770320166999966, 0.0 ], [ 106.554115126000056, -5.770331495999926, 0.0 ], [ 106.55413892100006, -5.77046831499996, 0.0 ], [ 106.554263843000058, -5.770747900999936, 0.0 ], [ 106.554306469000039, -5.770798049999939, 0.0 ], [ 106.554306404000044, -5.770798321999962, 0.0 ], [ 106.554380643000059, -5.770943944999942, 0.0 ] ] ], [ [ [ 106.560189661000038, -5.769677285999933, 0.0 ], [ 106.560548661000041, -5.769480285999975, 0.0 ], [ 106.560838661000048, -5.769416285999966, 0.0 ], [ 106.561135661000037, -5.769419285999959, 0.0 ], [ 106.561349661000065, -5.76948228599997, 0.0 ], [ 106.561380661000044, -5.769614285999978, 0.0 ], [ 106.561380661000044, -5.769897285999946, 0.0 ], [ 106.561295661000088, -5.77010628599993, 0.0 ], [ 106.561074661000077, -5.770489285999929, 0.0 ], [ 106.560481920000086, -5.771406558999956, 0.0 ], [ 106.560117863000073, -5.771792031999951, 0.0 ], [ 106.559800661000054, -5.771965285999954, 0.0 ], [ 106.55964066100006, -5.771979285999976, 0.0 ], [ 106.559553161000053, -5.771946285999945, 0.0 ], [ 106.559299923000083, -5.771933311999931, 0.0 ], [ 106.559157156000083, -5.771852410999941, 0.0 ], [ 106.559019147000072, -5.771657294999955, 0.0 ], [ 106.558947763000049, -5.771514526999965, 0.0 ], [ 106.558919209000067, -5.771367, 0.0 ], [ 106.558952522000084, -5.771195678999959, 0.0 ], [ 106.559090531000038, -5.771105259999956, 0.0 ], [ 106.559207420000064, -5.770963776999963, 0.0 ], [ 106.559312661000035, -5.77061228599996, 0.0 ], [ 106.559465661000047, -5.770304285999941, 0.0 ], [ 106.559656661000076, -5.770099285999947, 0.0 ], [ 106.560189661000038, -5.769677285999933, 0.0 ] ] ], [ [ [ 106.565415225000038, -5.710954268999956, 0.0 ], [ 106.565324805000046, -5.710873366999976, 0.0 ], [ 106.565310528000055, -5.710744875999978, 0.0 ], [ 106.565391430000034, -5.710687768999946, 0.0 ], [ 106.565662689000078, -5.710640179999928, 0.0 ], [ 106.56583401000006, -5.710635420999949, 0.0 ], [ 106.566038644000059, -5.710678250999933, 0.0 ], [ 106.566100510000069, -5.710740116999943, 0.0 ], [ 106.56613382200004, -5.71082101899998, 0.0 ], [ 106.566081474000043, -5.71093523299993, 0.0 ], [ 106.56595774200008, -5.711001857999975, 0.0 ], [ 106.565657930000043, -5.711001857999975, 0.0 ], [ 106.565415225000038, -5.710954268999956, 0.0 ] ] ], [ [ [ 106.562635631000035, -5.685375892999957, 0.0 ], [ 106.562492863000045, -5.68556149099993, 0.0 ], [ 106.562310709000087, -5.685684794999929, 0.0 ], [ 106.562172826000051, -5.685775642999943, 0.0 ], [ 106.562202569000078, -5.685847025999976, 0.0 ], [ 106.562055042000054, -5.685932686999934, 0.0 ], [ 106.561926551000056, -5.686032623999949, 0.0 ], [ 106.561769507000065, -5.686142079999968, 0.0 ], [ 106.561636257000089, -5.686175391999939, 0.0 ], [ 106.561579209000058, -5.686134642999946, 0.0 ], [ 106.561572149000085, -5.686129599999958, 0.0 ], [ 106.561567469000067, -5.686092628999972, 0.0 ], [ 106.561695733000079, -5.685851583999977, 0.0 ], [ 106.561907088000055, -5.685577430999956, 0.0 ], [ 106.562420681000049, -5.684997209999949, 0.0 ], [ 106.562796378000087, -5.684767165999972, 0.0 ], [ 106.562813131000041, -5.684768083999927, 0.0 ], [ 106.562839607000058, -5.68476953499993, 0.0 ], [ 106.562883095000075, -5.684823857999959, 0.0 ], [ 106.562864059000049, -5.684971384999926, 0.0 ], [ 106.562792675000082, -5.685190294999927, 0.0 ], [ 106.562635631000035, -5.685375892999957, 0.0 ] ] ], [ [ [ 106.560451064000063, -5.668850206999934, 0.0 ], [ 106.560598496000068, -5.668872905999933, 0.0 ], [ 106.560816518000081, -5.668951318999973, 0.0 ], [ 106.56091912800008, -5.668995704999929, 0.0 ], [ 106.560940507000055, -5.669011252999951, 0.0 ], [ 106.560945814000036, -5.669015112999944, 0.0 ], [ 106.560968559000059, -5.669090019999942, 0.0 ], [ 106.560959444000048, -5.669116909999957, 0.0 ], [ 106.56088987000004, -5.669191281999929, 0.0 ], [ 106.560741154000084, -5.669322152999939, 0.0 ], [ 106.560592438000072, -5.669423279999933, 0.0 ], [ 106.560342594000076, -5.669494662999966, 0.0 ], [ 106.560009470000068, -5.66954820199993, 0.0 ], [ 106.559795318000056, -5.66951845799997, 0.0 ], [ 106.559604961000048, -5.669405432999952, 0.0 ], [ 106.559509783000067, -5.669280510999954, 0.0 ], [ 106.559505702000081, -5.669259083999975, 0.0 ], [ 106.559485988000063, -5.669155589999946, 0.0 ], [ 106.559601734000069, -5.668996344999925, 0.0 ], [ 106.559725990000061, -5.668927191999956, 0.0 ], [ 106.559928240000033, -5.668850739999925, 0.0 ], [ 106.560071136000033, -5.668848328999957, 0.0 ], [ 106.560374234000051, -5.66884730299995, 0.0 ], [ 106.560425595000083, -5.668849072999933, 0.0 ], [ 106.560451064000063, -5.668850206999934, 0.0 ] ] ], [ [ [ 106.568575111000087, -5.666708437999944, 0.0 ], [ 106.568646696000087, -5.66675926299996, 0.0 ], [ 106.568740663000085, -5.666846779999958, 0.0 ], [ 106.56880835700008, -5.666933228999937, 0.0 ], [ 106.568807597000045, -5.666989533999981, 0.0 ], [ 106.568807376000052, -5.667040942999961, 0.0 ], [ 106.56880682600007, -5.667168455999956, 0.0 ], [ 106.568682387000081, -5.667377922999947, 0.0 ], [ 106.568509877000054, -5.667496895999932, 0.0 ], [ 106.568319520000045, -5.667532586999926, 0.0 ], [ 106.568028035000054, -5.667580176999934, 0.0 ], [ 106.567778193000038, -5.667598022999925, 0.0 ], [ 106.567750842000066, -5.667606271999944, 0.0 ], [ 106.567643708000048, -5.667607656999962, 0.0 ], [ 106.567605130000061, -5.667575660999944, 0.0 ], [ 106.567581887000074, -5.667556382999976, 0.0 ], [ 106.567516451000074, -5.667467152999961, 0.0 ], [ 106.567528348000053, -5.66737197499998, 0.0 ], [ 106.567593785000042, -5.667306537999934, 0.0 ], [ 106.567671117000089, -5.66724110399997, 0.0 ], [ 106.567786737000063, -5.667116843999963, 0.0 ], [ 106.567897499000082, -5.66702060199998, 0.0 ], [ 106.568009308000057, -5.666825175999975, 0.0 ], [ 106.568248135000033, -5.666723570999977, 0.0 ], [ 106.56840875000006, -5.666699776999963, 0.0 ], [ 106.568478200000072, -5.666703392999977, 0.0 ], [ 106.568575111000087, -5.666708437999944, 0.0 ] ] ], [ [ [ 106.565379301000064, -5.66331852299993, 0.0 ], [ 106.565415081000083, -5.66318734999993, 0.0 ], [ 106.565594347000058, -5.662953161999951, 0.0 ], [ 106.566047735000041, -5.662627652999959, 0.0 ], [ 106.566390377000062, -5.662399224999945, 0.0 ], [ 106.566484668000044, -5.662358813999958, 0.0 ], [ 106.566513895000071, -5.662261240999953, 0.0 ], [ 106.566542449000053, -5.662199374999943, 0.0 ], [ 106.566611453000064, -5.662125611999954, 0.0 ], [ 106.566685216000053, -5.662085160999936, 0.0 ], [ 106.566768497000055, -5.662066124999967, 0.0 ], [ 106.566839881000078, -5.662068504999979, 0.0 ], [ 106.566908886000078, -5.662092299999927, 0.0 ], [ 106.566985980000084, -5.662057083999969, 0.0 ], [ 106.567201452000063, -5.661932472999979, 0.0 ], [ 106.567214408000041, -5.661851497999976, 0.0 ], [ 106.567168723000066, -5.661744897999938, 0.0 ], [ 106.568204264000087, -5.660888291999925, 0.0 ], [ 106.568463150000071, -5.660755041999948, 0.0 ], [ 106.568702999000038, -5.660621792999962, 0.0 ], [ 106.568977113000074, -5.660499963999939, 0.0 ], [ 106.569169587000033, -5.660438548999934, 0.0 ], [ 106.569873908000034, -5.660457584999961, 0.0 ], [ 106.57014504600005, -5.660568504999958, 0.0 ], [ 106.570330765000051, -5.660790708999969, 0.0 ], [ 106.57036154900004, -5.660921542999972, 0.0 ], [ 106.570390545000066, -5.66104348999994, 0.0 ], [ 106.568372644000078, -5.662661287999981, 0.0 ], [ 106.566390395000042, -5.663725626999963, 0.0 ], [ 106.566418917000078, -5.663810773999955, 0.0 ], [ 106.565991093000036, -5.663995258999933, 0.0 ], [ 106.565882557000066, -5.663756343999978, 0.0 ], [ 106.565771912000059, -5.663703995999981, 0.0 ], [ 106.56563628300006, -5.663732549999963, 0.0 ], [ 106.565430460000073, -5.663714703999972, 0.0 ], [ 106.565286502000049, -5.66366116599994, 0.0 ], [ 106.565293943000086, -5.663603799999976, 0.0 ], [ 106.565305451000086, -5.663591276999966, 0.0 ], [ 106.565379341000039, -5.663318745999959, 0.0 ], [ 106.565379301000064, -5.66331852299993, 0.0 ] ] ], [ [ [ 106.568151081000053, -5.649723171999938, 0.0 ], [ 106.56815092800008, -5.649722655999938, 0.0 ], [ 106.568149936000054, -5.649719303999973, 0.0 ], [ 106.56813995300007, -5.649716669999975, 0.0 ], [ 106.567978615000072, -5.649674093999977, 0.0 ], [ 106.567828709000082, -5.649655057999951, 0.0 ], [ 106.567750187000058, -5.649678852999955, 0.0 ], [ 106.567678803000035, -5.649733579999975, 0.0 ], [ 106.567619317000037, -5.649838276999958, 0.0 ], [ 106.567571727000086, -5.650211851999927, 0.0 ], [ 106.567607419000069, -5.650218989999928, 0.0 ], [ 106.567757325000059, -5.650230887999953, 0.0 ], [ 106.567838227000038, -5.650207092999949, 0.0 ], [ 106.567966718000037, -5.650180918999979, 0.0 ], [ 106.568048568000052, -5.650195651999979, 0.0 ], [ 106.568057137000039, -5.650242784999932, 0.0 ], [ 106.568021446000046, -5.650295132999929, 0.0 ], [ 106.567800156000033, -5.650316547999978, 0.0 ], [ 106.567643111000052, -5.650297512999941, 0.0 ], [ 106.567493205000062, -5.650235646999931, 0.0 ], [ 106.567400406000047, -5.650145226999939, 0.0 ], [ 106.567345679000084, -5.650019115999953, 0.0 ], [ 106.567307607000032, -5.649893003999978, 0.0 ], [ 106.567267156000071, -5.649757374999979, 0.0 ], [ 106.567213494000043, -5.649678158999961, 0.0 ], [ 106.567207729000074, -5.649675962999936, 0.0 ], [ 106.566969782000058, -5.649610527999926, 0.0 ], [ 106.566684247000069, -5.64960457899997, 0.0 ], [ 106.566458198000078, -5.64960457899997, 0.0 ], [ 106.566119125000057, -5.649503451999976, 0.0 ], [ 106.565887128000043, -5.649479657999962, 0.0 ], [ 106.565821693000032, -5.649521297999968, 0.0 ], [ 106.565470722000043, -5.64946181199997, 0.0 ], [ 106.565012676000038, -5.649414221999962, 0.0 ], [ 106.564971035000042, -5.649509400999932, 0.0 ], [ 106.564721192000036, -5.649598630999947, 0.0 ], [ 106.564707250000083, -5.649667178999948, 0.0 ], [ 106.564536649000047, -5.649704682999925, 0.0 ], [ 106.564542732000064, -5.649616476999938, 0.0 ], [ 106.564340478000076, -5.649521297999968, 0.0 ], [ 106.564173916000072, -5.649360684999976, 0.0 ], [ 106.564090635000071, -5.64918817399996, 0.0 ], [ 106.564108481000062, -5.649063251999962, 0.0 ], [ 106.564102532000049, -5.648896689999958, 0.0 ], [ 106.564078737000045, -5.648795562999965, 0.0 ], [ 106.564221505000035, -5.648712280999973, 0.0 ], [ 106.564495143000045, -5.648646845999963, 0.0 ], [ 106.564554630000089, -5.648682537999946, 0.0 ], [ 106.564750935000063, -5.648718229999929, 0.0 ], [ 106.564768781000055, -5.649039456999958, 0.0 ], [ 106.565042419000065, -5.649104891999968, 0.0 ], [ 106.565090008000084, -5.649164378999956, 0.0 ], [ 106.565292262000071, -5.649241710999945, 0.0 ], [ 106.565786001000049, -5.649366632999943, 0.0 ], [ 106.566267841000069, -5.649408273999939, 0.0 ], [ 106.566476044000069, -5.649408273999939, 0.0 ], [ 106.566672350000033, -5.649342838999928, 0.0 ], [ 106.566916245000073, -5.649336889999972, 0.0 ], [ 106.567136345000051, -5.649313094999968, 0.0 ], [ 106.567267215000072, -5.64918817399996, 0.0 ], [ 106.567415931000085, -5.648991867999939, 0.0 ], [ 106.567606288000036, -5.648938329999964, 0.0 ], [ 106.567677672000059, -5.648884791999933, 0.0 ], [ 106.567939413000033, -5.648753921999969, 0.0 ], [ 106.568040540000084, -5.648747972999956, 0.0 ], [ 106.568052437000063, -5.648658743999931, 0.0 ], [ 106.568117872000073, -5.648658743999931, 0.0 ], [ 106.568105975000037, -5.648777716999973, 0.0 ], [ 106.568296332000045, -5.648801510999931, 0.0 ], [ 106.568564021000043, -5.648819356999979, 0.0 ], [ 106.568546175000051, -5.649003764999975, 0.0 ], [ 106.568653251000057, -5.649003764999975, 0.0 ], [ 106.568700840000076, -5.648944278999977, 0.0 ], [ 106.568742481000072, -5.648825305999935, 0.0 ], [ 106.568855505000045, -5.648801510999931, 0.0 ], [ 106.568909043000076, -5.648753921999969, 0.0 ], [ 106.568914992000089, -5.648652794999975, 0.0 ], [ 106.568992324000078, -5.648652794999975, 0.0 ], [ 106.568998273000034, -5.648730126999965, 0.0 ], [ 106.569194578000065, -5.648712280999973, 0.0 ], [ 106.569277860000057, -5.648623051999948, 0.0 ], [ 106.569361141000059, -5.648593307999931, 0.0 ], [ 106.569444422000061, -5.648629, 0.0 ], [ 106.569486062000067, -5.648759870999925, 0.0 ], [ 106.569581241000037, -5.649158429999943, 0.0 ], [ 106.569581241000037, -5.649319043999981, 0.0 ], [ 106.569545549000054, -5.649402324999926, 0.0 ], [ 106.56928380800008, -5.649562938999964, 0.0 ], [ 106.569212424000057, -5.649586732999978, 0.0 ], [ 106.56865920000007, -5.649562938999964, 0.0 ], [ 106.568558073000077, -5.64963432299993, 0.0 ], [ 106.568504535000045, -5.649705705999963, 0.0 ], [ 106.568474792000075, -5.649913908999963, 0.0 ], [ 106.568355818000043, -5.649860370999932, 0.0 ], [ 106.568207102000088, -5.649753295999972, 0.0 ], [ 106.568151409000052, -5.649722916999963, 0.0 ], [ 106.568151081000053, -5.649723171999938, 0.0 ] ] ], [ [ [ 106.558194727000057, -5.646388340999977, 0.0 ], [ 106.558170489000076, -5.64646294399995, 0.0 ], [ 106.558169743000064, -5.646513262999974, 0.0 ], [ 106.557955591000052, -5.64658107799994, 0.0 ], [ 106.557860348000077, -5.646572405999962, 0.0 ], [ 106.55777713100008, -5.646466862999944, 0.0 ], [ 106.557687902000055, -5.646449016999952, 0.0 ], [ 106.557609379000041, -5.646456155999942, 0.0 ], [ 106.557131823000077, -5.646573875999934, 0.0 ], [ 106.556609563000052, -5.64672944299997, 0.0 ], [ 106.555372243000079, -5.64709112099996, 0.0 ], [ 106.554744065000079, -5.647262442999931, 0.0 ], [ 106.554620865000061, -5.647303509999972, 0.0 ], [ 106.554142714000079, -5.647443146999933, 0.0 ], [ 106.554038050000088, -5.647058433999973, 0.0 ], [ 106.553246638000076, -5.647263982999959, 0.0 ], [ 106.553113388000043, -5.646716706999939, 0.0 ], [ 106.553854587000046, -5.646493827999961, 0.0 ], [ 106.553770119000035, -5.646126599999945, 0.0 ], [ 106.557500719000075, -5.645047876999968, 0.0 ], [ 106.558247029000086, -5.644845306999969, 0.0 ], [ 106.558649426000045, -5.644707902999926, 0.0 ], [ 106.558695752000062, -5.644684554999969, 0.0 ], [ 106.558568256000058, -5.64425044199993, 0.0 ], [ 106.559348494000062, -5.644006893999972, 0.0 ], [ 106.55943675900005, -5.643976803999976, 0.0 ], [ 106.559630151000079, -5.643912339999929, 0.0 ], [ 106.559496292000063, -5.643427101999976, 0.0 ], [ 106.560709817000088, -5.643084459999955, 0.0 ], [ 106.560852585000077, -5.64356511099993, 0.0 ], [ 106.561823405000041, -5.643289092999964, 0.0 ], [ 106.561812626000062, -5.64325716999997, 0.0 ], [ 106.561982782000086, -5.643215375999944, 0.0 ], [ 106.562125550000076, -5.643643678999979, 0.0 ], [ 106.562147012000082, -5.643693601999928, 0.0 ], [ 106.562251708000076, -5.643693601999928, 0.0 ], [ 106.563017894000041, -5.643474690999938, 0.0 ], [ 106.563719789000061, -5.643262964999963, 0.0 ], [ 106.564724308000052, -5.642965142999969, 0.0 ], [ 106.565546818000087, -5.642750983999974, 0.0 ], [ 106.56603222800004, -5.642636769999967, 0.0 ], [ 106.566984013000081, -5.642351234999978, 0.0 ], [ 106.567098227000088, -5.642750984999964, 0.0 ], [ 106.567421834000072, -5.642617734999931, 0.0 ], [ 106.567821583000068, -5.64252255599996, 0.0 ], [ 106.567990968000061, -5.643065423999928, 0.0 ], [ 106.567900548000068, -5.643093976999978, 0.0 ], [ 106.567562665000082, -5.643189155999949, 0.0 ], [ 106.567438933000062, -5.643374753999979, 0.0 ], [ 106.567307620000065, -5.643702768999958, 0.0 ], [ 106.565283141000066, -5.644288466999967, 0.0 ], [ 106.563003618000039, -5.644940438999981, 0.0 ], [ 106.561163225000087, -5.645447489999981, 0.0 ], [ 106.558789149000063, -5.646148854999979, 0.0 ], [ 106.558351771000048, -5.646288403999961, 0.0 ], [ 106.558194727000057, -5.646388340999977, 0.0 ] ] ], [ [ [ 106.555947959000036, -5.64211884499997, 0.0 ], [ 106.555952348000062, -5.642137611999942, 0.0 ], [ 106.55600658700007, -5.642151585999954, 0.0 ], [ 106.556019899000034, -5.642197514999964, 0.0 ], [ 106.555987182000081, -5.642319462999978, 0.0 ], [ 106.555939593000062, -5.642381923999949, 0.0 ], [ 106.555897952000066, -5.64239976999994, 0.0 ], [ 106.555781953000064, -5.642500896999934, 0.0 ], [ 106.555698195000048, -5.642472334999979, 0.0 ], [ 106.555603265000059, -5.642351183999949, 0.0 ], [ 106.555526187000055, -5.642142348999926, 0.0 ], [ 106.555471520000083, -5.642030684999952, 0.0 ], [ 106.555385482000077, -5.641811202999975, 0.0 ], [ 106.555282092000084, -5.641669285999967, 0.0 ], [ 106.555317743000046, -5.641353520999928, 0.0 ], [ 106.555538059000071, -5.641317114999936, 0.0 ], [ 106.555628487000035, -5.641389476999962, 0.0 ], [ 106.555757213000049, -5.641505635999977, 0.0 ], [ 106.555794810000066, -5.641567641999927, 0.0 ], [ 106.55585539100008, -5.64172298699998, 0.0 ], [ 106.555947959000036, -5.64211884499997, 0.0 ] ] ], [ [ [ 106.547760909000033, -5.623887800999967, 0.0 ], [ 106.547870365000051, -5.623968702999946, 0.0 ], [ 106.547956025000076, -5.624063880999927, 0.0 ], [ 106.548046055000043, -5.624113962999957, 0.0 ], [ 106.548103191000052, -5.624203192999971, 0.0 ], [ 106.548141623000049, -5.624354174999951, 0.0 ], [ 106.548113070000056, -5.624530254999968, 0.0 ], [ 106.548041686000033, -5.624649227999953, 0.0 ], [ 106.54785608800006, -5.624758683999971, 0.0 ], [ 106.547707444000082, -5.624816114999931, 0.0 ], [ 106.547617024000033, -5.624858944999971, 0.0 ], [ 106.547408749000056, -5.624901774999955, 0.0 ], [ 106.547202998000046, -5.624901774999955, 0.0 ], [ 106.546812767000063, -5.624873221999962, 0.0 ], [ 106.546650963000047, -5.624882738999929, 0.0 ], [ 106.545994232000055, -5.624939845999961, 0.0 ], [ 106.545775322000054, -5.624968399999943, 0.0 ], [ 106.545442197000057, -5.624977917999956, 0.0 ], [ 106.545268751000037, -5.624991793999925, 0.0 ], [ 106.544788319000077, -5.625007300999926, 0.0 ], [ 106.544312512000033, -5.62496109999995, 0.0 ], [ 106.544258343000081, -5.624915727999962, 0.0 ], [ 106.544148887000063, -5.624839584999961, 0.0 ], [ 106.543987171000083, -5.624772678999932, 0.0 ], [ 106.543919342000038, -5.624701899999934, 0.0 ], [ 106.543782451000084, -5.624615915999925, 0.0 ], [ 106.543653960000086, -5.624387487999968, 0.0 ], [ 106.543630165000081, -5.624235201999966, 0.0 ], [ 106.543620647000068, -5.624092434999966, 0.0 ], [ 106.543668236000087, -5.623959184999933, 0.0 ], [ 106.543855817000065, -5.623794604999944, 0.0 ], [ 106.543991770000048, -5.623725724999929, 0.0 ], [ 106.544185842000047, -5.623673972999939, 0.0 ], [ 106.544385716000079, -5.623654937999959, 0.0 ], [ 106.544576073000087, -5.623569276999945, 0.0 ], [ 106.544804502000034, -5.623550240999975, 0.0 ], [ 106.54496742200007, -5.623607024999956, 0.0 ], [ 106.545153020000043, -5.623654613999975, 0.0 ], [ 106.545376689000079, -5.623697443999959, 0.0 ], [ 106.545671743000071, -5.623725997999941, 0.0 ], [ 106.545919206000065, -5.623730756999976, 0.0 ], [ 106.546100046000049, -5.623730756999976, 0.0 ], [ 106.546299920000081, -5.623783104999973, 0.0 ], [ 106.546647322000069, -5.623849729999961, 0.0 ], [ 106.546856714000057, -5.623844970999926, 0.0 ], [ 106.547028035000039, -5.623787863999951, 0.0 ], [ 106.547223151000082, -5.623754550999934, 0.0 ], [ 106.547356401000059, -5.623764068999947, 0.0 ], [ 106.547413508000034, -5.623787863999951, 0.0 ], [ 106.547480133000079, -5.623806898999931, 0.0 ], [ 106.547527722000041, -5.623792622999929, 0.0 ], [ 106.547589588000051, -5.623783104999973, 0.0 ], [ 106.547665731000052, -5.623816416999944, 0.0 ], [ 106.547760909000033, -5.623887800999967, 0.0 ] ] ], [ [ [ 106.561231038000074, -5.620750481999949, 0.0 ], [ 106.561138239000059, -5.620711220999965, 0.0 ], [ 106.561113255000066, -5.620650543999943, 0.0 ], [ 106.561098978000075, -5.620607713999959, 0.0 ], [ 106.561045440000044, -5.620547037999927, 0.0 ], [ 106.560956210000086, -5.620457807999969, 0.0 ], [ 106.560906242000044, -5.620407838999938, 0.0 ], [ 106.56085984200007, -5.620393561999947, 0.0 ], [ 106.560799166000038, -5.620365008999954, 0.0 ], [ 106.560767043000055, -5.62031147099998, 0.0 ], [ 106.560763474000055, -5.620261501999948, 0.0 ], [ 106.560806304000039, -5.620147287999941, 0.0 ], [ 106.560877688000062, -5.620022366999933, 0.0 ], [ 106.560945503000084, -5.619954551999967, 0.0 ], [ 106.561063286000035, -5.619879598999944, 0.0 ], [ 106.561166793000041, -5.61982962999997, 0.0 ], [ 106.561220330000083, -5.619826060999969, 0.0 ], [ 106.561284576000048, -5.619847475999961, 0.0 ], [ 106.561366667000073, -5.619865321999953, 0.0 ], [ 106.561413067000046, -5.619854614999952, 0.0 ], [ 106.561463036000077, -5.619826060999969, 0.0 ], [ 106.561530850000054, -5.619822491999969, 0.0 ], [ 106.561598665000076, -5.619851044999962, 0.0 ], [ 106.561666479000053, -5.619915290999927, 0.0 ], [ 106.561680756000044, -5.620011658999942, 0.0 ], [ 106.561730725000075, -5.620100888999957, 0.0 ], [ 106.561748571000066, -5.620168702999933, 0.0 ], [ 106.561748571000066, -5.620229379999955, 0.0 ], [ 106.561769986000058, -5.620343593999962, 0.0 ], [ 106.561755709000067, -5.620443530999978, 0.0 ], [ 106.561680756000044, -5.620561313999929, 0.0 ], [ 106.561627218000069, -5.620632697999952, 0.0 ], [ 106.561495158000071, -5.620711220999965, 0.0 ], [ 106.561409498000046, -5.620704081999975, 0.0 ], [ 106.561363098000072, -5.620704081999975, 0.0 ], [ 106.561284576000048, -5.620739773999958, 0.0 ], [ 106.561231038000074, -5.620750481999949, 0.0 ] ] ], [ [ [ 106.550466032000088, -5.617080486999953, 0.0 ], [ 106.550561211000058, -5.616818745999979, 0.0 ], [ 106.550718255000049, -5.616685495999945, 0.0 ], [ 106.550908612000057, -5.61664742499994, 0.0 ], [ 106.551108487000079, -5.616561763999925, 0.0 ], [ 106.551308362000043, -5.616418996999926, 0.0 ], [ 106.551508236000075, -5.616200085999935, 0.0 ], [ 106.551755700000058, -5.615905032999933, 0.0 ], [ 106.551984129000061, -5.615724193999938, 0.0 ], [ 106.552241110000068, -5.615571908999925, 0.0 ], [ 106.552469539000072, -5.615362515999948, 0.0 ], [ 106.552678931000059, -5.615134087999934, 0.0 ], [ 106.552916877000087, -5.614962766999952, 0.0 ], [ 106.55316434100007, -5.614848551999955, 0.0 ], [ 106.55340228700004, -5.614610605999928, 0.0 ], [ 106.553602162000061, -5.614448802999959, 0.0 ], [ 106.55388769700005, -5.614353623999932, 0.0 ], [ 106.554097090000084, -5.614277481999977, 0.0 ], [ 106.554289193000045, -5.614239060999978, 0.0 ], [ 106.554506357000037, -5.614267963999964, 0.0 ], [ 106.554630089000057, -5.614315552999926, 0.0 ], [ 106.554915625000035, -5.61440121399994, 0.0 ], [ 106.555082187000039, -5.61448211499993, 0.0 ], [ 106.555258941000034, -5.614561382999966, 0.0 ], [ 106.555408497000087, -5.614642404999927, 0.0 ], [ 106.55552152100006, -5.614785172999973, 0.0 ], [ 106.555807057000038, -5.615130194999949, 0.0 ], [ 106.556056900000044, -5.615439524999942, 0.0 ], [ 106.556253206000065, -5.61567747099997, 0.0 ], [ 106.556401922000077, -5.615891621999936, 0.0 ], [ 106.556497100000058, -5.616123619999939, 0.0 ], [ 106.556539656000041, -5.616336398999977, 0.0 ], [ 106.556562536000058, -5.616593562999981, 0.0 ], [ 106.55651494600005, -5.616712535999966, 0.0 ], [ 106.556384076000086, -5.616938584999957, 0.0 ], [ 106.556205616000057, -5.617140838999944, 0.0 ], [ 106.555937927000059, -5.617307401999938, 0.0 ], [ 106.555646443000057, -5.617479911999965, 0.0 ], [ 106.555450138000083, -5.617610782999975, 0.0 ], [ 106.555152705000069, -5.617753549999975, 0.0 ], [ 106.554379380000057, -5.618086674999972, 0.0 ], [ 106.553879693000056, -5.61831867199993, 0.0 ], [ 106.553403801000059, -5.618401953999978, 0.0 ], [ 106.553023087000042, -5.61844954299994, 0.0 ], [ 106.552814884000043, -5.618550669999934, 0.0 ], [ 106.552537354000037, -5.618639033999955, 0.0 ], [ 106.552332720000038, -5.61869614099993, 0.0 ], [ 106.552232782000033, -5.618753247999962, 0.0 ], [ 106.551994836000063, -5.61883890799993, 0.0 ], [ 106.55184255100005, -5.618896014999962, 0.0 ], [ 106.551614880000045, -5.619032671999946, 0.0 ], [ 106.551330762000077, -5.619254721999937, 0.0 ], [ 106.551155210000047, -5.619520299999976, 0.0 ], [ 106.551024340000083, -5.61992480899994, 0.0 ], [ 106.550876490000064, -5.620333209999956, 0.0 ], [ 106.550805106000041, -5.62043790599995, 0.0 ], [ 106.550681374000078, -5.620552119999957, 0.0 ], [ 106.550414874000069, -5.620647298999927, 0.0 ], [ 106.550110303000054, -5.620685369999933, 0.0 ], [ 106.549910428000032, -5.620685369999933, 0.0 ], [ 106.549634411000056, -5.620704405999959, 0.0 ], [ 106.549463090000074, -5.620866208999928, 0.0 ], [ 106.549225144000047, -5.620837655999935, 0.0 ], [ 106.549129965000077, -5.620751994999978, 0.0 ], [ 106.549101412000084, -5.620618744999945, 0.0 ], [ 106.549133534000077, -5.620459320999942, 0.0 ], [ 106.549243481000076, -5.620334713999966, 0.0 ], [ 106.549653293000063, -5.619739309999943, 0.0 ], [ 106.549871167000049, -5.619317179999939, 0.0 ], [ 106.550144139000054, -5.61890772199996, 0.0 ], [ 106.550223824000057, -5.618716283999959, 0.0 ], [ 106.55037735600007, -5.618208358999937, 0.0 ], [ 106.550418443000069, -5.618032270999947, 0.0 ], [ 106.550418443000069, -5.617532583999946, 0.0 ], [ 106.550466032000088, -5.617080486999953, 0.0 ] ] ], [ [ [ 106.566955867000047, -5.607092222999938, 0.0 ], [ 106.567035817000033, -5.606936129999951, 0.0 ], [ 106.567033564000042, -5.606919972999947, 0.0 ], [ 106.567047239000033, -5.606917093999925, 0.0 ], [ 106.567092924000065, -5.606856179999966, 0.0 ], [ 106.567271860000062, -5.606715315999963, 0.0 ], [ 106.56745079500007, -5.606563030999951, 0.0 ], [ 106.567480393000039, -5.606539187999942, 0.0 ], [ 106.567587852000088, -5.606452623999928, 0.0 ], [ 106.56777059500007, -5.606300337999926, 0.0 ], [ 106.567888616000062, -5.60619754499993, 0.0 ], [ 106.567987602000073, -5.606186123999976, 0.0 ], [ 106.568067552000059, -5.606239423999966, 0.0 ], [ 106.568143694000071, -5.606319373999952, 0.0 ], [ 106.568196994000061, -5.606460237999954, 0.0 ], [ 106.568139887000086, -5.60659348799993, 0.0 ], [ 106.568025673000079, -5.606684858999927, 0.0 ], [ 106.567858159000082, -5.606791458999965, 0.0 ], [ 106.567785823000065, -5.606928515999925, 0.0 ], [ 106.567804859000034, -5.607183593999935, 0.0 ], [ 106.567774402000055, -5.607362529999932, 0.0 ], [ 106.567660188000048, -5.60754146499994, 0.0 ], [ 106.567534552000041, -5.607743242999959, 0.0 ], [ 106.567378460000043, -5.607906949999972, 0.0 ], [ 106.567273267000076, -5.607953358999964, 0.0 ], [ 106.567249017000051, -5.607964056999947, 0.0 ], [ 106.56710053900008, -5.607960249999962, 0.0 ], [ 106.567047239000033, -5.607887914999935, 0.0 ], [ 106.566963482000062, -5.607747049999944, 0.0 ], [ 106.566957099000035, -5.607713536999938, 0.0 ], [ 106.566933025000083, -5.607587150999962, 0.0 ], [ 106.566944446000036, -5.607469128999981, 0.0 ], [ 106.566949463000071, -5.607383841999933, 0.0 ], [ 106.566952060000062, -5.607339686999978, 0.0 ], [ 106.566936073000079, -5.607205994999958, 0.0 ], [ 106.566974621000043, -5.607175061999953, 0.0 ], [ 106.566955867000047, -5.607092222999938, 0.0 ] ] ], [ [ [ 106.549897031000057, -5.598507326999936, 0.0 ], [ 106.549895479000043, -5.598560415999941, 0.0 ], [ 106.549886093000055, -5.598670431999949, 0.0 ], [ 106.549890852000033, -5.598775127999943, 0.0 ], [ 106.549867057000085, -5.598846511999966, 0.0 ], [ 106.549781397000061, -5.59887030699997, 0.0 ], [ 106.549552969000047, -5.598903618999941, 0.0 ], [ 106.54920080800008, -5.598946448999925, 0.0 ], [ 106.54895334400004, -5.598946448999925, 0.0 ], [ 106.548767747000056, -5.59887030699997, 0.0 ], [ 106.548610702000076, -5.598694225999964, 0.0 ], [ 106.548577390000048, -5.598546699999929, 0.0 ], [ 106.548610702000076, -5.59840393199994, 0.0 ], [ 106.548682086000042, -5.598337306999952, 0.0 ], [ 106.548858166000059, -5.598275440999942, 0.0 ], [ 106.549086594000073, -5.598256405999962, 0.0 ], [ 106.549324540000043, -5.598218333999966, 0.0 ], [ 106.54958152200004, -5.59819929899993, 0.0 ], [ 106.549743326000055, -5.598237369999936, 0.0 ], [ 106.549844187000076, -5.598351552999929, 0.0 ], [ 106.549903044000075, -5.598463324999955, 0.0 ], [ 106.549897031000057, -5.598507326999936, 0.0 ] ] ], [ [ [ 106.55257131500008, -5.597914952999929, 0.0 ], [ 106.552639130000045, -5.597872122999945, 0.0 ], [ 106.552699806000078, -5.597861414999954, 0.0 ], [ 106.552781897000045, -5.597882829999946, 0.0 ], [ 106.552810451000084, -5.597968490999961, 0.0 ], [ 106.552853281000068, -5.59811482799995, 0.0 ], [ 106.55287469600006, -5.598168365999925, 0.0 ], [ 106.552888973000051, -5.598232610999958, 0.0 ], [ 106.552888973000051, -5.598332547999973, 0.0 ], [ 106.552828297000076, -5.59841463999993, 0.0 ], [ 106.552799743000037, -5.598496730999955, 0.0 ], [ 106.552767620000054, -5.598582391999969, 0.0 ], [ 106.552681960000086, -5.598635929999944, 0.0 ], [ 106.552610576000063, -5.598660913999936, 0.0 ], [ 106.55253919200004, -5.598675190999927, 0.0 ], [ 106.552489224000055, -5.598657344999936, 0.0 ], [ 106.552471378000064, -5.598618083999952, 0.0 ], [ 106.552496362000056, -5.598578822999968, 0.0 ], [ 106.552510639000047, -5.598528853999937, 0.0 ], [ 106.552478516000065, -5.598468177999962, 0.0 ], [ 106.552410701000042, -5.598432485999979, 0.0 ], [ 106.552342887000066, -5.598382516999948, 0.0 ], [ 106.552325041000074, -5.598332547999973, 0.0 ], [ 106.552332179000075, -5.598286148999932, 0.0 ], [ 106.552353594000067, -5.598236179999958, 0.0 ], [ 106.552421409000033, -5.59811482799995, 0.0 ], [ 106.552510639000047, -5.597989905999952, 0.0 ], [ 106.55257131500008, -5.597914952999929, 0.0 ] ] ], [ [ [ 106.560098151000034, -5.59506233999997, 0.0 ], [ 106.559991076000074, -5.595121825999968, 0.0 ], [ 106.559842360000061, -5.595252695999932, 0.0 ], [ 106.559800719000066, -5.595324079999955, 0.0 ], [ 106.559503286000052, -5.595371669999963, 0.0 ], [ 106.559217751000062, -5.595443053999929, 0.0 ], [ 106.558836436000036, -5.595546199999944, 0.0 ], [ 106.558199930000058, -5.595706812999936, 0.0 ], [ 106.557742485000063, -5.595930842999962, 0.0 ], [ 106.557254696000086, -5.596026020999943, 0.0 ], [ 106.557135722000055, -5.596061712999926, 0.0 ], [ 106.556945366000036, -5.596037918999968, 0.0 ], [ 106.556861483000034, -5.595998296999937, 0.0 ], [ 106.556867432000047, -5.595897169999944, 0.0 ], [ 106.55684096400006, -5.595717700999955, 0.0 ], [ 106.556748459000062, -5.595653274999961, 0.0 ], [ 106.55666517800006, -5.595605685999942, 0.0 ], [ 106.556635434000043, -5.595540250999932, 0.0 ], [ 106.556677075000039, -5.595486712999957, 0.0 ], [ 106.556742510000049, -5.595540250999932, 0.0 ], [ 106.556814495000083, -5.595538231999967, 0.0 ], [ 106.557100031000061, -5.595359771999938, 0.0 ], [ 106.557373669000071, -5.595157517999951, 0.0 ], [ 106.557540231000075, -5.594979058999968, 0.0 ], [ 106.55759376900005, -5.594889828999953, 0.0 ], [ 106.557592434000071, -5.594826679999926, 0.0 ], [ 106.557652654000037, -5.594749079999929, 0.0 ], [ 106.557789473000071, -5.594695541999954, 0.0 ], [ 106.558015522000062, -5.594582517999925, 0.0 ], [ 106.558122597000079, -5.594511133999958, 0.0 ], [ 106.558289160000072, -5.594469492999963, 0.0 ], [ 106.558461671000089, -5.594404057999952, 0.0 ], [ 106.558604438000089, -5.594285084999967, 0.0 ], [ 106.55865202800004, -5.594195854999953, 0.0 ], [ 106.558663925000076, -5.594118522999963, 0.0 ], [ 106.55871746300005, -5.594070933999944, 0.0 ], [ 106.558818590000044, -5.59404713899994, 0.0 ], [ 106.55892566600005, -5.593940062999934, 0.0 ], [ 106.559092228000054, -5.593678322999949, 0.0 ], [ 106.559223098000075, -5.593511759999956, 0.0 ], [ 106.559312328000033, -5.593374940999979, 0.0 ], [ 106.559350194000046, -5.593310635999956, 0.0 ], [ 106.559431301000075, -5.593244070999958, 0.0 ], [ 106.559544325000047, -5.593220275999954, 0.0 ], [ 106.55961570900007, -5.593172686999935, 0.0 ], [ 106.559681144000081, -5.593101302999969, 0.0 ], [ 106.559728734000032, -5.593047765999927, 0.0 ], [ 106.559859604000053, -5.593000175999975, 0.0 ], [ 106.559948834000068, -5.592970432999948, 0.0 ], [ 106.560026166000057, -5.592958535999969, 0.0 ], [ 106.56006185800004, -5.592904997999938, 0.0 ], [ 106.560073755000076, -5.592827664999959, 0.0 ], [ 106.560157037000067, -5.592762229999948, 0.0 ], [ 106.56033549600005, -5.592661102999955, 0.0 ], [ 106.560448521000069, -5.59257187299994, 0.0 ], [ 106.560513956000079, -5.59254212999997, 0.0 ], [ 106.560597237000081, -5.59254212999997, 0.0 ], [ 106.560799491000068, -5.59260756499998, 0.0 ], [ 106.560942259000058, -5.592684897999959, 0.0 ], [ 106.56102554000006, -5.592791972999976, 0.0 ], [ 106.561257537000074, -5.592934740999965, 0.0 ], [ 106.561370562000036, -5.592946637999944, 0.0 ], [ 106.561549021000076, -5.592970432999948, 0.0 ], [ 106.561763173000088, -5.593065610999929, 0.0 ], [ 106.561911889000044, -5.593154840999944, 0.0 ], [ 106.561947581000084, -5.593244070999958, 0.0 ], [ 106.561905940000088, -5.593386838999947, 0.0 ], [ 106.561923786000079, -5.593470119999949, 0.0 ], [ 106.562155784000083, -5.593589092999935, 0.0 ], [ 106.562221219000037, -5.593654527999945, 0.0 ], [ 106.562233116000073, -5.593755654999939, 0.0 ], [ 106.562179578000041, -5.593791346999978, 0.0 ], [ 106.562048708000077, -5.593749706999972, 0.0 ], [ 106.561941632000071, -5.593702116999964, 0.0 ], [ 106.561870249000037, -5.593690219999928, 0.0 ], [ 106.561775070000067, -5.593761603999951, 0.0 ], [ 106.561679892000086, -5.59387462799998, 0.0 ], [ 106.561614456000086, -5.59404713899994, 0.0 ], [ 106.561558245000072, -5.594156178999981, 0.0 ], [ 106.561276985000063, -5.59439858199994, 0.0 ], [ 106.561180806000039, -5.594455576999962, 0.0 ], [ 106.561073730000032, -5.594521011999973, 0.0 ], [ 106.56016597200005, -5.59502695499998, 0.0 ], [ 106.560098151000034, -5.59506233999997, 0.0 ] ] ], [ [ [ 106.558397640000067, -5.59090469299997, 0.0 ], [ 106.55828699500006, -5.590983214999937, 0.0 ], [ 106.558208473000036, -5.591008199999976, 0.0 ], [ 106.558090690000085, -5.590986783999938, 0.0 ], [ 106.557901523000055, -5.590908261999971, 0.0 ], [ 106.557687371000043, -5.590808324999955, 0.0 ], [ 106.557626695000067, -5.590769063999971, 0.0 ], [ 106.557605280000075, -5.590694110999948, 0.0 ], [ 106.557541034000053, -5.590651279999975, 0.0 ], [ 106.557476789000077, -5.590622726999925, 0.0 ], [ 106.557416113000045, -5.590562050999949, 0.0 ], [ 106.557373282000071, -5.590540635999957, 0.0 ], [ 106.557301899000038, -5.590487097999926, 0.0 ], [ 106.557301899000038, -5.590426420999961, 0.0 ], [ 106.55735900600007, -5.590369313999929, 0.0 ], [ 106.557455374000085, -5.590330052999946, 0.0 ], [ 106.557580295000037, -5.59026937699997, 0.0 ], [ 106.557633833000068, -5.590222976999939, 0.0 ], [ 106.557673094000052, -5.590190854999946, 0.0 ], [ 106.557719494000082, -5.590180146999955, 0.0 ], [ 106.557737340000074, -5.590126608999981, 0.0 ], [ 106.557712356000081, -5.59008020999994, 0.0 ], [ 106.557737340000074, -5.590044517999956, 0.0 ], [ 106.557798016000049, -5.590044517999956, 0.0 ], [ 106.557865831000072, -5.590073070999949, 0.0 ], [ 106.557919369000047, -5.590069501999949, 0.0 ], [ 106.557983614000079, -5.590040948999956, 0.0 ], [ 106.558126382000069, -5.590008825999973, 0.0 ], [ 106.558315549000042, -5.590030240999965, 0.0 ], [ 106.55843690100005, -5.590073070999949, 0.0 ], [ 106.558501147000072, -5.590101624999932, 0.0 ], [ 106.558540408000056, -5.590065932999948, 0.0 ], [ 106.55858680700004, -5.590094486999931, 0.0 ], [ 106.558561823000048, -5.590140885999972, 0.0 ], [ 106.55862606900007, -5.590190854999946, 0.0 ], [ 106.558676037000055, -5.59027294599997, 0.0 ], [ 106.558686745000045, -5.590387159999977, 0.0 ], [ 106.558676037000055, -5.590508512999975, 0.0 ], [ 106.558668899000054, -5.590572757999951, 0.0 ], [ 106.558665330000053, -5.590619157999981, 0.0 ], [ 106.558640345000072, -5.590665556999966, 0.0 ], [ 106.558590377000087, -5.590686971999958, 0.0 ], [ 106.558526131000065, -5.590761924999981, 0.0 ], [ 106.558397640000067, -5.59090469299997, 0.0 ] ] ], [ [ [ 106.553924661000053, -5.590334869999936, 0.0 ], [ 106.553808612000068, -5.590326245999961, 0.0 ], [ 106.553726520000055, -5.590354799999943, 0.0 ], [ 106.553644429000087, -5.590365506999945, 0.0 ], [ 106.553655981000077, -5.590423268999928, 0.0 ], [ 106.553380774000061, -5.590505830999973, 0.0 ], [ 106.553219695000053, -5.590511843999934, 0.0 ], [ 106.553080497000053, -5.590554673999975, 0.0 ], [ 106.552971299000035, -5.590620282999964, 0.0 ], [ 106.55258127500008, -5.590686669999968, 0.0 ], [ 106.552272441000071, -5.590734722999969, 0.0 ], [ 106.551981186000035, -5.590818794999961, 0.0 ], [ 106.551747783000053, -5.59081189699998, 0.0 ], [ 106.551667562000034, -5.590819918999955, 0.0 ], [ 106.551515277000078, -5.590915097999925, 0.0 ], [ 106.551286849000064, -5.59087702599993, 0.0 ], [ 106.551092457000038, -5.590822363999962, 0.0 ], [ 106.551042488000064, -5.590747410999938, 0.0 ], [ 106.551010366000071, -5.590665318999925, 0.0 ], [ 106.55099655500004, -5.590567696999926, 0.0 ], [ 106.551029867000068, -5.590467758999978, 0.0 ], [ 106.551092457000038, -5.590361937999944, 0.0 ], [ 106.551117441000088, -5.590258430999938, 0.0 ], [ 106.550899721000064, -5.589851543999941, 0.0 ], [ 106.551153133000071, -5.589726621999944, 0.0 ], [ 106.551260209000077, -5.589847973999952, 0.0 ], [ 106.551345870000034, -5.589905080999927, 0.0 ], [ 106.551413684000067, -5.589919357999975, 0.0 ], [ 106.551463653000042, -5.589905080999927, 0.0 ], [ 106.551513622000073, -5.589847973999952, 0.0 ], [ 106.551599282000041, -5.589805143999968, 0.0 ], [ 106.551717066000037, -5.589780159999975, 0.0 ], [ 106.551874110000085, -5.589694498999961, 0.0 ], [ 106.552091831000041, -5.589662375999978, 0.0 ], [ 106.552338105000047, -5.589576715999954, 0.0 ], [ 106.552463027000044, -5.589548161999971, 0.0 ], [ 106.552587948000053, -5.589569576999963, 0.0 ], [ 106.552652194000075, -5.589548161999971, 0.0 ], [ 106.552680747000068, -5.58949819399993, 0.0 ], [ 106.552941298000064, -5.589433947999964, 0.0 ], [ 106.553148311000086, -5.58939111799998, 0.0 ], [ 106.553255387000036, -5.589369702999932, 0.0 ], [ 106.553291079000076, -5.589330441999948, 0.0 ], [ 106.553291079000076, -5.589269764999926, 0.0 ], [ 106.553319633000058, -5.589237642999933, 0.0 ], [ 106.553423139000074, -5.589216227999941, 0.0 ], [ 106.553644429000087, -5.589209088999951, 0.0 ], [ 106.55381931900007, -5.58920551999995, 0.0 ], [ 106.553929964000076, -5.589184104999958, 0.0 ], [ 106.554019194000034, -5.589148412999975, 0.0 ], [ 106.554069163000065, -5.589109151999935, 0.0 ], [ 106.554129839000041, -5.589098443999944, 0.0 ], [ 106.55426546800004, -5.589091305999943, 0.0 ], [ 106.554393959000038, -5.589062751999961, 0.0 ], [ 106.554443928000069, -5.589016352999977, 0.0 ], [ 106.554486758000053, -5.588966383999946, 0.0 ], [ 106.55461168000005, -5.588930691999963, 0.0 ], [ 106.554725894000057, -5.588937830999953, 0.0 ], [ 106.554811555000072, -5.588955676999944, 0.0 ], [ 106.555029275000038, -5.588973521999947, 0.0 ], [ 106.555257704000041, -5.589030629999968, 0.0 ], [ 106.555355745000043, -5.589079696999931, 0.0 ], [ 106.55539333300004, -5.589151981999976, 0.0 ], [ 106.55553253100004, -5.589280472999974, 0.0 ], [ 106.555643176000046, -5.589373271999932, 0.0 ], [ 106.555675299000086, -5.589483916999939, 0.0 ], [ 106.555668161000085, -5.589590992999945, 0.0 ], [ 106.55557893100007, -5.589748036999936, 0.0 ], [ 106.555454009000073, -5.58983726699995, 0.0 ], [ 106.555318380000074, -5.589912219999974, 0.0 ], [ 106.555158091000067, -5.589941453999927, 0.0 ], [ 106.554884594000043, -5.59002993799993, 0.0 ], [ 106.554811951000033, -5.590056088999972, 0.0 ], [ 106.554572419000067, -5.590083540999956, 0.0 ], [ 106.554375095000069, -5.590128284999935, 0.0 ], [ 106.554183377000072, -5.59016563199998, 0.0 ], [ 106.554051317000074, -5.590201323999963, 0.0 ], [ 106.554022763000035, -5.590247723999937, 0.0 ], [ 106.553997458000083, -5.590304685999968, 0.0 ], [ 106.553924661000053, -5.590334869999936, 0.0 ] ] ], [ [ [ 106.547831406000057, -5.586809878999929, 0.0 ], [ 106.547896841000068, -5.586818801999925, 0.0 ], [ 106.547997968000061, -5.586866390999944, 0.0 ], [ 106.548084224000036, -5.586949671999946, 0.0 ], [ 106.548194274000082, -5.58708351699994, 0.0 ], [ 106.548235914000088, -5.587184643999933, 0.0 ], [ 106.548238888000071, -5.58735715499995, 0.0 ], [ 106.548247811000067, -5.587517767999941, 0.0 ], [ 106.548221043000069, -5.58759807499996, 0.0 ], [ 106.548102535000055, -5.587737029999971, 0.0 ], [ 106.547952629000065, -5.587858382999968, 0.0 ], [ 106.547913632000075, -5.587910378999936, 0.0 ], [ 106.54787007200008, -5.587910378999936, 0.0 ], [ 106.547825457000044, -5.587925250999945, 0.0 ], [ 106.547730279000064, -5.588026377999938, 0.0 ], [ 106.547652946000085, -5.58814237699994, 0.0 ], [ 106.547644023000032, -5.588186991999976, 0.0 ], [ 106.547639169000036, -5.588241575999973, 0.0 ], [ 106.547602848000054, -5.588279546999956, 0.0 ], [ 106.547438665000072, -5.588415176999945, 0.0 ], [ 106.547325770000043, -5.588481449999961, 0.0 ], [ 106.547283548000053, -5.588458264999929, 0.0 ], [ 106.547254386000077, -5.588424937999946, 0.0 ], [ 106.547209772000087, -5.588442783999938, 0.0 ], [ 106.547109428000056, -5.588525226999934, 0.0 ], [ 106.547037172000046, -5.588563894999936, 0.0 ], [ 106.546889373000056, -5.588616628999944, 0.0 ], [ 106.546860456000047, -5.588622189999967, 0.0 ], [ 106.54677836500008, -5.58865074299996, 0.0 ], [ 106.546608958000036, -5.58865693499996, 0.0 ], [ 106.546450942000035, -5.588684883999974, 0.0 ], [ 106.546391029000063, -5.588673614999948, 0.0 ], [ 106.546314499000061, -5.588618268999937, 0.0 ], [ 106.546225270000036, -5.588567704999946, 0.0 ], [ 106.546097374000055, -5.588534987999935, 0.0 ], [ 106.545993272000032, -5.588549858999954, 0.0 ], [ 106.545914621000065, -5.588561512999945, 0.0 ], [ 106.545832529000052, -5.588536528999953, 0.0 ], [ 106.545732592000036, -5.588458006999929, 0.0 ], [ 106.545539856000062, -5.588372345999971, 0.0 ], [ 106.545361396000033, -5.588236716999972, 0.0 ], [ 106.545154383000067, -5.588108225999974, 0.0 ], [ 106.545011615000078, -5.58802256599995, 0.0 ], [ 106.544840294000039, -5.587844105999977, 0.0 ], [ 106.544569035000052, -5.587708476999978, 0.0 ], [ 106.544390576000069, -5.587501463999956, 0.0 ], [ 106.544288983000058, -5.587372025999969, 0.0 ], [ 106.544238420000056, -5.587178694999977, 0.0 ], [ 106.544199753000044, -5.586982389999946, 0.0 ], [ 106.544214625000052, -5.58687828799998, 0.0 ], [ 106.544294932000071, -5.586762288999978, 0.0 ], [ 106.544390110000052, -5.586696853999968, 0.0 ], [ 106.544515032000049, -5.586673059999953, 0.0 ], [ 106.544754633000082, -5.586566334999929, 0.0 ], [ 106.544923012000083, -5.586514885999975, 0.0 ], [ 106.545309177000036, -5.586545163999972, 0.0 ], [ 106.545568409000055, -5.586569904999976, 0.0 ], [ 106.545618378000086, -5.586616303999961, 0.0 ], [ 106.545975297000041, -5.586659133999945, 0.0 ], [ 106.546153756000081, -5.586623441999961, 0.0 ], [ 106.546332216000053, -5.586616303999961, 0.0 ], [ 106.546560644000067, -5.586673410999936, 0.0 ], [ 106.546731965000049, -5.586766209999951, 0.0 ], [ 106.546967532000053, -5.586801901999934, 0.0 ], [ 106.547110300000043, -5.586744794999959, 0.0 ], [ 106.547217376000049, -5.586744794999959, 0.0 ], [ 106.54741725000008, -5.586794763999933, 0.0 ], [ 106.547535034000077, -5.586809039999935, 0.0 ], [ 106.547632126000053, -5.58684259599994, 0.0 ], [ 106.547715407000055, -5.586848544999953, 0.0 ], [ 106.54777191900007, -5.586824749999948, 0.0 ], [ 106.547831406000057, -5.586809878999929, 0.0 ] ] ], [ [ [ 106.551275634000035, -5.584374166999964, 0.0 ], [ 106.551332741000067, -5.584324197999933, 0.0 ], [ 106.551404125000033, -5.584295644999941, 0.0 ], [ 106.551461232000065, -5.584267090999958, 0.0 ], [ 106.551511201000039, -5.584209983999926, 0.0 ], [ 106.551571877000072, -5.584124322999969, 0.0 ], [ 106.551650399000039, -5.584042231999945, 0.0 ], [ 106.551775321000036, -5.583960140999977, 0.0 ], [ 106.551882397000043, -5.583903033999945, 0.0 ], [ 106.551968057000067, -5.583885187999954, 0.0 ], [ 106.552060856000082, -5.583903033999945, 0.0 ], [ 106.552164363000088, -5.583931586999938, 0.0 ], [ 106.552225039000064, -5.584002970999961, 0.0 ], [ 106.552257162000046, -5.584106476999978, 0.0 ], [ 106.552246454000056, -5.584220691999974, 0.0 ], [ 106.552203624000072, -5.584270659999959, 0.0 ], [ 106.552107256000056, -5.584334905999981, 0.0 ], [ 106.552018026000042, -5.584420565999949, 0.0 ], [ 106.551860982000051, -5.584516934999954, 0.0 ], [ 106.551746767000054, -5.584606163999979, 0.0 ], [ 106.551643261000038, -5.584677547999945, 0.0 ], [ 106.551571877000072, -5.584716808999929, 0.0 ], [ 106.551479078000057, -5.584702531999937, 0.0 ], [ 106.551411263000034, -5.584627578999971, 0.0 ], [ 106.551400556000033, -5.584577610999929, 0.0 ], [ 106.551404125000033, -5.584495518999972, 0.0 ], [ 106.551396987000032, -5.584456257999932, 0.0 ], [ 106.551347018000058, -5.584466965999979, 0.0 ], [ 106.551286342000083, -5.584484811999971, 0.0 ], [ 106.551247081000042, -5.584481242999971, 0.0 ], [ 106.551232804000051, -5.58443484299994, 0.0 ], [ 106.551275634000035, -5.584374166999964, 0.0 ] ] ], [ [ [ 106.547306778000063, -5.580225915999961, 0.0 ], [ 106.547520930000076, -5.580054594999979, 0.0 ], [ 106.547749358000033, -5.579754782999942, 0.0 ], [ 106.547820742000056, -5.579454970999961, 0.0 ], [ 106.548020617000077, -5.579140881999933, 0.0 ], [ 106.548050581000041, -5.579094936999979, 0.0 ], [ 106.548327498000049, -5.578730914999937, 0.0 ], [ 106.548591687000055, -5.578498427999932, 0.0 ], [ 106.548920053000074, -5.578241445999936, 0.0 ], [ 106.549262695000039, -5.578013017999979, 0.0 ], [ 106.549548230000084, -5.577827419999949, 0.0 ], [ 106.550319176000073, -5.577499053999929, 0.0 ], [ 106.550718925000069, -5.577384839999979, 0.0 ], [ 106.550923559000069, -5.577306793999981, 0.0 ], [ 106.550985425000079, -5.577378176999957, 0.0 ], [ 106.551012942000057, -5.577512395999975, 0.0 ], [ 106.551070049000089, -5.577633748999972, 0.0 ], [ 106.551160981000066, -5.577768790999926, 0.0 ], [ 106.551194556000041, -5.577866157999949, 0.0 ], [ 106.551213853000036, -5.578082497999958, 0.0 ], [ 106.551199576000045, -5.578201470999943, 0.0 ], [ 106.551066327000058, -5.578382309999938, 0.0 ], [ 106.551047291000089, -5.578572666999946, 0.0 ], [ 106.551056809000045, -5.578905790999954, 0.0 ], [ 106.551028255000062, -5.579010487999938, 0.0 ], [ 106.550799827000048, -5.579210361999969, 0.0 ], [ 106.550514292000059, -5.57942927299996, 0.0 ], [ 106.550314417000038, -5.579648182999961, 0.0 ], [ 106.550285863000056, -5.579924200999926, 0.0 ], [ 106.550314417000038, -5.580143110999927, 0.0 ], [ 106.550314417000038, -5.580362021999974, 0.0 ], [ 106.550266828000076, -5.580552377999936, 0.0 ], [ 106.550124060000087, -5.580837913999972, 0.0 ], [ 106.550057435000042, -5.581104412999935, 0.0 ], [ 106.550066953000055, -5.581380430999957, 0.0 ], [ 106.550076471000068, -5.581561269999952, 0.0 ], [ 106.550057673000083, -5.58183966699994, 0.0 ], [ 106.550086227000065, -5.582239415999936, 0.0 ], [ 106.550029120000033, -5.582486879999976, 0.0 ], [ 106.549857798000062, -5.582810486999961, 0.0 ], [ 106.549715031000062, -5.583029396999962, 0.0 ], [ 106.54956274500006, -5.583162646999938, 0.0 ], [ 106.549410460000047, -5.583286378999958, 0.0 ], [ 106.549239138000075, -5.58345769999994, 0.0 ], [ 106.549153478000051, -5.583629021999968, 0.0 ], [ 106.548972639000056, -5.583724199999949, 0.0 ], [ 106.548725175000072, -5.583724199999949, 0.0 ], [ 106.548553854000033, -5.583638538999935, 0.0 ], [ 106.54830639000005, -5.583543360999954, 0.0 ], [ 106.54806844400008, -5.583476735999966, 0.0 ], [ 106.547906640000065, -5.583419628999934, 0.0 ], [ 106.547659176000082, -5.583324450999953, 0.0 ], [ 106.547578037000051, -5.583109822999972, 0.0 ], [ 106.547378162000086, -5.582681519999937, 0.0 ], [ 106.547249671000088, -5.58226749399995, 0.0 ], [ 106.54709262700004, -5.581824913999981, 0.0 ], [ 106.547049796000067, -5.581353780999962, 0.0 ], [ 106.547078350000049, -5.580896923999944, 0.0 ], [ 106.547206841000047, -5.580440067999973, 0.0 ], [ 106.547306778000063, -5.580225915999961, 0.0 ] ] ], [ [ [ 106.555861108000045, -5.572353719999967, 0.0 ], [ 106.555600774000084, -5.572148177999964, 0.0 ], [ 106.555565094000087, -5.57212274099993, 0.0 ], [ 106.555546059000051, -5.571722991999934, 0.0 ], [ 106.555669790000081, -5.571456491999925, 0.0 ], [ 106.555841112000053, -5.571285170999943, 0.0 ], [ 106.556021951000048, -5.57116143899998, 0.0 ], [ 106.556383629000038, -5.571123367999974, 0.0 ], [ 106.556529961000081, -5.571074590999956, 0.0 ], [ 106.556763212000078, -5.571043905999943, 0.0 ], [ 106.556850003000079, -5.571037706999959, 0.0 ], [ 106.557154574000037, -5.570990117999941, 0.0 ], [ 106.557373485000085, -5.571018670999933, 0.0 ], [ 106.557678056000043, -5.571028188999946, 0.0 ], [ 106.557925520000083, -5.571066260999942, 0.0 ], [ 106.55815394800004, -5.571170956999936, 0.0 ], [ 106.558353823000061, -5.571209027999942, 0.0 ], [ 106.558572733000062, -5.57127565299993, 0.0 ], [ 106.558867786000064, -5.571285170999943, 0.0 ], [ 106.558996277000062, -5.571308964999957, 0.0 ], [ 106.559238982000068, -5.571418419999929, 0.0 ], [ 106.559353196000075, -5.571504080999944, 0.0 ], [ 106.559419821000063, -5.571556428999941, 0.0 ], [ 106.559686321000072, -5.571675402999972, 0.0 ], [ 106.559781499000053, -5.571818169999972, 0.0 ], [ 106.559805361000087, -5.57187240199994, 0.0 ], [ 106.559811296000078, -5.572038445999965, 0.0 ], [ 106.559811296000078, -5.572143141999959, 0.0 ], [ 106.559789881000086, -5.572197869999968, 0.0 ], [ 106.559730174000038, -5.572290171999953, 0.0 ], [ 106.55962921400004, -5.572389240999939, 0.0 ], [ 106.559463895000079, -5.57258096299995, 0.0 ], [ 106.559281486000089, -5.572704425999973, 0.0 ], [ 106.559229464000055, -5.572722364999947, 0.0 ], [ 106.559048625000059, -5.572798507999948, 0.0 ], [ 106.558564459000081, -5.572809391999954, 0.0 ], [ 106.557979941000042, -5.572768725999936, 0.0 ], [ 106.557883933000085, -5.572738007999931, 0.0 ], [ 106.557560326000043, -5.572685659999934, 0.0 ], [ 106.557408041000087, -5.57266186499993, 0.0 ], [ 106.557254512000043, -5.572693811999955, 0.0 ], [ 106.557087949000049, -5.572646222999936, 0.0 ], [ 106.556859521000035, -5.572617668999953, 0.0 ], [ 106.556788381000047, -5.572606194999935, 0.0 ], [ 106.556106598000042, -5.572439144999976, 0.0 ], [ 106.555861108000045, -5.572353719999967, 0.0 ] ] ], [ [ [ 106.549465400000088, -5.570117030999938, 0.0 ], [ 106.549532025000076, -5.570012334999944, 0.0 ], [ 106.549589132000051, -5.569879084999968, 0.0 ], [ 106.549646239000083, -5.569798183999978, 0.0 ], [ 106.549646239000083, -5.569722040999977, 0.0 ], [ 106.549646239000083, -5.569650656999954, 0.0 ], [ 106.549708105000036, -5.569612585999948, 0.0 ], [ 106.54980991900004, -5.56955622299995, 0.0 ], [ 106.549969845000078, -5.569412710999927, 0.0 ], [ 106.550079301000039, -5.569284219999929, 0.0 ], [ 106.550207792000037, -5.569260424999925, 0.0 ], [ 106.550398148000056, -5.569227112999954, 0.0 ], [ 106.550645612000039, -5.569174764999957, 0.0 ], [ 106.550831210000069, -5.569127175999938, 0.0 ], [ 106.551083433000088, -5.569170005999979, 0.0 ], [ 106.551283308000052, -5.569227112999954, 0.0 ], [ 106.55147366500006, -5.569355603999952, 0.0 ], [ 106.551573602000076, -5.569498371999941, 0.0 ], [ 106.551592638000045, -5.569631620999928, 0.0 ], [ 106.55155456600005, -5.569831495999949, 0.0 ], [ 106.551497459000075, -5.570040888999927, 0.0 ], [ 106.551388004000046, -5.570202691999953, 0.0 ], [ 106.551307103000056, -5.570245521999936, 0.0 ], [ 106.551283308000052, -5.570331182999951, 0.0 ], [ 106.551183371000036, -5.570492985999977, 0.0 ], [ 106.551064398000051, -5.570640512999944, 0.0 ], [ 106.55092638900004, -5.570726172999969, 0.0 ], [ 106.550736032000088, -5.570840387999965, 0.0 ], [ 106.55056471100005, -5.57095936099995, 0.0 ], [ 106.550393390000067, -5.571049779999953, 0.0 ], [ 106.550155443000051, -5.571064056999944, 0.0 ], [ 106.550003158000038, -5.571035502999962, 0.0 ], [ 106.549888944000088, -5.571006949999969, 0.0 ], [ 106.549765212000068, -5.570940324999981, 0.0 ], [ 106.549717623000049, -5.570916529999977, 0.0 ], [ 106.549646198000062, -5.570920543999932, 0.0 ], [ 106.549560578000069, -5.570873699999936, 0.0 ], [ 106.549473912000053, -5.570699109999964, 0.0 ], [ 106.549422569000058, -5.570478708999929, 0.0 ], [ 106.549427328000036, -5.570307387999947, 0.0 ], [ 106.549446364000062, -5.57019317399994, 0.0 ], [ 106.549465400000088, -5.570117030999938, 0.0 ] ] ], [ [ [ 106.565363074000061, -5.567114151999931, 0.0 ], [ 106.565358316000072, -5.567009454999948, 0.0 ], [ 106.565467771000044, -5.566999936999935, 0.0 ], [ 106.565520119000041, -5.566904758999954, 0.0 ], [ 106.565534396000032, -5.566809580999973, 0.0 ], [ 106.565558190000047, -5.566652535999935, 0.0 ], [ 106.565543913000056, -5.566505009999958, 0.0 ], [ 106.565515360000063, -5.566367000999946, 0.0 ], [ 106.565529637000054, -5.56629561699998, 0.0 ], [ 106.565615297000079, -5.566224232999957, 0.0 ], [ 106.565805654000087, -5.566100500999937, 0.0 ], [ 106.565900833000057, -5.566167125999925, 0.0 ], [ 106.566138779000084, -5.566319411999928, 0.0 ], [ 106.566310100000067, -5.566443143999948, 0.0 ], [ 106.566371966000077, -5.566519285999959, 0.0 ], [ 106.566395761000081, -5.566638258999944, 0.0 ], [ 106.566405278000047, -5.56671916099998, 0.0 ], [ 106.566467144000057, -5.56680006299996, 0.0 ], [ 106.566452868000056, -5.566852410999957, 0.0 ], [ 106.566371966000077, -5.566885722999928, 0.0 ], [ 106.566224439000052, -5.5669, 0.0 ], [ 106.566176850000033, -5.566957106999951, 0.0 ], [ 106.566138779000084, -5.566999936999935, 0.0 ], [ 106.566138779000084, -5.567128427999933, 0.0 ], [ 106.56607215400004, -5.567199811999956, 0.0 ], [ 106.566095948000054, -5.567266436999944, 0.0 ], [ 106.565976975000069, -5.567337820999967, 0.0 ], [ 106.565905592000036, -5.56734733899998, 0.0 ], [ 106.565877038000053, -5.567299749999961, 0.0 ], [ 106.565781860000072, -5.567333061999932, 0.0 ], [ 106.565705717000071, -5.56736637399996, 0.0 ], [ 106.565605779000066, -5.567342579999945, 0.0 ], [ 106.565520119000041, -5.567261677999966, 0.0 ], [ 106.565458253000088, -5.567218847999925, 0.0 ], [ 106.565420182000082, -5.567176017999941, 0.0 ], [ 106.565434458000084, -5.567114151999931, 0.0 ], [ 106.565363074000061, -5.567114151999931, 0.0 ] ] ], [ [ [ 106.553412954000066, -5.500101517999951, 0.0 ], [ 106.55359334700006, -5.500048072999959, 0.0 ], [ 106.553782641000055, -5.500058765999938, 0.0 ], [ 106.554047529000059, -5.500073548999978, 0.0 ], [ 106.554266104000078, -5.500023096999939, 0.0 ], [ 106.554497118000086, -5.500053820999938, 0.0 ], [ 106.554616550000048, -5.500136362999967, 0.0 ], [ 106.554669696000076, -5.500264890999972, 0.0 ], [ 106.55471966500005, -5.500403383999981, 0.0 ], [ 106.554903496000065, -5.500454296999976, 0.0 ], [ 106.555236515000047, -5.500442676999967, 0.0 ], [ 106.556776495000065, -5.50038554799994, 0.0 ], [ 106.556994860000088, -5.500497682999935, 0.0 ], [ 106.556995648000054, -5.500498602999926, 0.0 ], [ 106.557116009000083, -5.50064000499998, 0.0 ], [ 106.557232077000037, -5.500900687999945, 0.0 ], [ 106.557246957000075, -5.50115316199998, 0.0 ], [ 106.557180041000038, -5.501411229999974, 0.0 ], [ 106.557058830000074, -5.501567585999965, 0.0 ], [ 106.55650995700006, -5.502072380999948, 0.0 ], [ 106.556346057000042, -5.502124073999937, 0.0 ], [ 106.556118081000079, -5.502113175999966, 0.0 ], [ 106.555974823000042, -5.502054403999978, 0.0 ], [ 106.555871374000048, -5.502113517999931, 0.0 ], [ 106.555551575000038, -5.502281031999928, 0.0 ], [ 106.55527746100006, -5.502463773999978, 0.0 ], [ 106.555192175000059, -5.50250641699995, 0.0 ], [ 106.554942433000065, -5.502631287999975, 0.0 ], [ 106.554592176000085, -5.502753116999941, 0.0 ], [ 106.554468459000077, -5.502876833999949, 0.0 ], [ 106.554232547000083, -5.502865757999928, 0.0 ], [ 106.554164504000084, -5.502947015999951, 0.0 ], [ 106.554079313000045, -5.503075615999933, 0.0 ], [ 106.554074405000051, -5.503072915999951, 0.0 ], [ 106.553800291000073, -5.502981544999955, 0.0 ], [ 106.553587092000043, -5.502768344999936, 0.0 ], [ 106.553115006000041, -5.502402859999961, 0.0 ], [ 106.552856121000048, -5.502174431999947, 0.0 ], [ 106.552505864000068, -5.502174431999947, 0.0 ], [ 106.551820580000083, -5.502265802999943, 0.0 ], [ 106.551196209000068, -5.502433316999941, 0.0 ], [ 106.550297725000064, -5.502509459999942, 0.0 ], [ 106.549505840000052, -5.502539916999979, 0.0 ], [ 106.548089585000071, -5.502981544999955, 0.0 ], [ 106.546779929000081, -5.503636372999949, 0.0 ], [ 106.545729159000075, -5.50424551499998, 0.0 ], [ 106.544541333000041, -5.504808970999932, 0.0 ], [ 106.54439085000007, -5.504963633999978, 0.0 ], [ 106.544069860000036, -5.505033071999947, 0.0 ], [ 106.543113249000044, -5.50516874799996, 0.0 ], [ 106.542957710000053, -5.505177768999943, 0.0 ], [ 106.542924665000044, -5.505176431999928, 0.0 ], [ 106.542820506000055, -5.505098313999952, 0.0 ], [ 106.542668221000042, -5.504946027999949, 0.0 ], [ 106.542668221000042, -5.504626228999939, 0.0 ], [ 106.542725454000049, -5.504480942999976, 0.0 ], [ 106.542994491000059, -5.504251871999941, 0.0 ], [ 106.543278433000069, -5.503920208999943, 0.0 ], [ 106.543845108000085, -5.503152091999937, 0.0 ], [ 106.544159345000082, -5.502708538999968, 0.0 ], [ 106.544266018000087, -5.502620724999929, 0.0 ], [ 106.544609234000063, -5.502295987999958, 0.0 ], [ 106.545025273000078, -5.501835830999937, 0.0 ], [ 106.545781676000047, -5.501090055999953, 0.0 ], [ 106.54601308000008, -5.500883414999976, 0.0 ], [ 106.546212775000072, -5.500667993999969, 0.0 ], [ 106.546290985000041, -5.500616235999928, 0.0 ], [ 106.546549680000055, -5.500399332999962, 0.0 ], [ 106.546742690000087, -5.500115082999969, 0.0 ], [ 106.546717404000049, -5.500000155999942, 0.0 ], [ 106.546715486000039, -5.499991423999973, 0.0 ], [ 106.546645636000051, -5.499677425999948, 0.0 ], [ 106.546745371000043, -5.499569914999938, 0.0 ], [ 106.546855769000047, -5.499551930999928, 0.0 ], [ 106.546976763000089, -5.499617659999956, 0.0 ], [ 106.547091338000087, -5.499759602999973, 0.0 ], [ 106.547236994000059, -5.499915410999961, 0.0 ], [ 106.547390874000087, -5.499953218999963, 0.0 ], [ 106.547496056000057, -5.499910334999981, 0.0 ], [ 106.547586701000057, -5.499781495999969, 0.0 ], [ 106.547846217000085, -5.499473985999941, 0.0 ], [ 106.547998158000041, -5.499435374999962, 0.0 ], [ 106.548972193000054, -5.499288986999943, 0.0 ], [ 106.54943146100004, -5.499277710999934, 0.0 ], [ 106.549833582000076, -5.499349337999945, 0.0 ], [ 106.550386721000052, -5.499434000999941, 0.0 ], [ 106.550736888000074, -5.49948866099993, 0.0 ], [ 106.55095474400008, -5.499606614999948, 0.0 ], [ 106.551036095000086, -5.499718673999951, 0.0 ], [ 106.550989734000041, -5.499819599999967, 0.0 ], [ 106.550907760000086, -5.500000253999929, 0.0 ], [ 106.550817567000081, -5.500199002999977, 0.0 ], [ 106.550906287000032, -5.500264099999981, 0.0 ], [ 106.551152584000079, -5.500351928999976, 0.0 ], [ 106.551827399000047, -5.50048308199996, 0.0 ], [ 106.552390647000038, -5.500418095999976, 0.0 ], [ 106.552531333000047, -5.500563940999939, 0.0 ], [ 106.552698536000037, -5.500710510999966, 0.0 ], [ 106.552861362000044, -5.500770215999978, 0.0 ], [ 106.55299014600007, -5.500735497999926, 0.0 ], [ 106.553088766000087, -5.500640757999975, 0.0 ], [ 106.553146363000053, -5.500494704999937, 0.0 ], [ 106.553268828000057, -5.500209280999968, 0.0 ], [ 106.553412954000066, -5.500101517999951, 0.0 ] ] ], [ [ [ 106.557686928000066, -5.462337623999929, 0.0 ], [ 106.557602574000043, -5.462729954999929, 0.0 ], [ 106.557568074000073, -5.462995126999942, 0.0 ], [ 106.557508059000043, -5.463255771999968, 0.0 ], [ 106.557385102000069, -5.463617953999972, 0.0 ], [ 106.557319705000054, -5.463957333999929, 0.0 ], [ 106.557271496000055, -5.464084481999976, 0.0 ], [ 106.556973090000042, -5.464407754999968, 0.0 ], [ 106.556330635000052, -5.464966927999967, 0.0 ], [ 106.555474029000038, -5.465478511999947, 0.0 ], [ 106.555140905000087, -5.465585587999954, 0.0 ], [ 106.554914856000039, -5.465609382999958, 0.0 ], [ 106.554795883000054, -5.465585587999954, 0.0 ], [ 106.554450861000078, -5.465502306999952, 0.0 ], [ 106.554059761000076, -5.465397735999943, 0.0 ], [ 106.553825943000049, -5.46536611199997, 0.0 ], [ 106.553635055000086, -5.465335343999925, 0.0 ], [ 106.55345923200008, -5.465228880999973, 0.0 ], [ 106.553173031000085, -5.464966898999933, 0.0 ], [ 106.552952402000074, -5.464667542999962, 0.0 ], [ 106.55291124300004, -5.464447229999962, 0.0 ], [ 106.552877753000075, -5.464358900999969, 0.0 ], [ 106.552885067000034, -5.464311703999954, 0.0 ], [ 106.553162171000054, -5.463452686999972, 0.0 ], [ 106.553214462000085, -5.463163675999965, 0.0 ], [ 106.553170202000047, -5.462863582999944, 0.0 ], [ 106.553183453000088, -5.462637522999955, 0.0 ], [ 106.553253860000041, -5.462483235999969, 0.0 ], [ 106.553518219000068, -5.461994579999953, 0.0 ], [ 106.553440758000079, -5.461848343999975, 0.0 ], [ 106.553411260000075, -5.461726825999961, 0.0 ], [ 106.553466201000049, -5.461580363999929, 0.0 ], [ 106.553621571000065, -5.461380993999967, 0.0 ], [ 106.553801383000064, -5.461274153999966, 0.0 ], [ 106.554128133000063, -5.461180795999951, 0.0 ], [ 106.554274411000051, -5.461217946999966, 0.0 ], [ 106.554426339000088, -5.461356854999963, 0.0 ], [ 106.554612396000039, -5.46147812199996, 0.0 ], [ 106.554734522000047, -5.461454474999925, 0.0 ], [ 106.554947141000071, -5.461339129999942, 0.0 ], [ 106.55497345200007, -5.461201053999957, 0.0 ], [ 106.555026652000038, -5.461058674999947, 0.0 ], [ 106.555204145000062, -5.461092217999976, 0.0 ], [ 106.555345879000072, -5.46120095699996, 0.0 ], [ 106.555457361000038, -5.461245558999963, 0.0 ], [ 106.555608299000085, -5.461217549999958, 0.0 ], [ 106.555835148000085, -5.461220642999933, 0.0 ], [ 106.556079343000079, -5.461207195999975, 0.0 ], [ 106.556143973000076, -5.461063440999965, 0.0 ], [ 106.556256977000032, -5.46078485299995, 0.0 ], [ 106.556419075000065, -5.460770090999972, 0.0 ], [ 106.556614306000085, -5.460830336999948, 0.0 ], [ 106.556744728000069, -5.46093005299997, 0.0 ], [ 106.55686354900007, -5.460965121999948, 0.0 ], [ 106.557158264000066, -5.460879179999949, 0.0 ], [ 106.557322868000085, -5.460981998999955, 0.0 ], [ 106.557442088000073, -5.461133126999925, 0.0 ], [ 106.557559281000067, -5.461246785999947, 0.0 ], [ 106.557708894000086, -5.461303450999935, 0.0 ], [ 106.557978541000068, -5.461344051999959, 0.0 ], [ 106.558309030000032, -5.461479040999961, 0.0 ], [ 106.558331552000084, -5.461503542999935, 0.0 ], [ 106.558281793000049, -5.461766552999961, 0.0 ], [ 106.558031950000043, -5.461897423999972, 0.0 ], [ 106.557901080000079, -5.461992601999953, 0.0 ], [ 106.557770209000068, -5.462123471999973, 0.0 ], [ 106.557686928000066, -5.462337623999929, 0.0 ] ] ], [ [ [ 106.564649231000033, -5.452776949999929, 0.0 ], [ 106.564487428000064, -5.452872127999967, 0.0 ], [ 106.564373214000057, -5.452891163999936, 0.0 ], [ 106.564278035000086, -5.452843574999974, 0.0 ], [ 106.564249482000037, -5.452786466999953, 0.0 ], [ 106.56423996400008, -5.452691288999972, 0.0 ], [ 106.564287553000042, -5.452586592999978, 0.0 ], [ 106.564392249000036, -5.452481895999938, 0.0 ], [ 106.564468392000038, -5.452434306999976, 0.0 ], [ 106.564573088000088, -5.45239623599997, 0.0 ], [ 106.564715856000078, -5.452367681999931, 0.0 ], [ 106.564801517000035, -5.452358164999964, 0.0 ], [ 106.564839588000041, -5.452462860999958, 0.0 ], [ 106.56476344500004, -5.452643699999953, 0.0 ], [ 106.564649231000033, -5.452776949999929, 0.0 ] ] ], [ [ [ 106.597546309000052, -5.937766957999941, 0.0 ], [ 106.597529007000048, -5.937943244999929, 0.0 ], [ 106.597446190000085, -5.93807210999995, 0.0 ], [ 106.597139566000067, -5.938217066999925, 0.0 ], [ 106.596841742000038, -5.938257136999937, 0.0 ], [ 106.596642391000046, -5.938228711999955, 0.0 ], [ 106.596472936000055, -5.938166859999967, 0.0 ], [ 106.596277654000062, -5.938110273999939, 0.0 ], [ 106.596242393000068, -5.938118109999948, 0.0 ], [ 106.596332670000038, -5.938279855999951, 0.0 ], [ 106.596618460000059, -5.938555618999942, 0.0 ], [ 106.596849098000064, -5.938721075999979, 0.0 ], [ 106.597109819000082, -5.938861463999956, 0.0 ], [ 106.597260235000078, -5.939041962999966, 0.0 ], [ 106.597330429000067, -5.93915226799993, 0.0 ], [ 106.597365526000033, -5.939342794999959, 0.0 ], [ 106.597372084000085, -5.939405094999927, 0.0 ], [ 106.597540790000039, -5.939274730999955, 0.0 ], [ 106.597750183000073, -5.939084373999947, 0.0 ], [ 106.597950057000048, -5.938855945999933, 0.0 ], [ 106.598216557000057, -5.938694141999974, 0.0 ], [ 106.598311735000038, -5.93873221399997, 0.0 ], [ 106.598188003000075, -5.938932087999945, 0.0 ], [ 106.597988129000044, -5.939103409999973, 0.0 ], [ 106.597512236000057, -5.939436533999981, 0.0 ], [ 106.597331397000062, -5.939674479999951, 0.0 ], [ 106.597324445000083, -5.93990390099998, 0.0 ], [ 106.597260235000078, -5.939874264999958, 0.0 ], [ 106.59716998500005, -5.939794042999949, 0.0 ], [ 106.597119846000055, -5.939598501999967, 0.0 ], [ 106.597099791000062, -5.939342794999959, 0.0 ], [ 106.597099791000062, -5.939172323999969, 0.0 ], [ 106.597019569000054, -5.939057004999938, 0.0 ], [ 106.596753834000083, -5.938861463999956, 0.0 ], [ 106.596412892000046, -5.938510493999956, 0.0 ], [ 106.596172226000078, -5.938309938999964, 0.0 ], [ 106.596071949000077, -5.938335008999957, 0.0 ], [ 106.596059952000076, -5.938355252999941, 0.0 ], [ 106.59604648800007, -5.93834198199994, 0.0 ], [ 106.595313614000077, -5.93873221399997, 0.0 ], [ 106.595465900000079, -5.939074855999934, 0.0 ], [ 106.595623180000075, -5.939043399999946, 0.0 ], [ 106.595901477000041, -5.939463127999943, 0.0 ], [ 106.596297573000072, -5.939829139999972, 0.0 ], [ 106.596473058000072, -5.940019666999945, 0.0 ], [ 106.596573335000073, -5.939949472999956, 0.0 ], [ 106.596633502000088, -5.939703793999968, 0.0 ], [ 106.596688654000047, -5.939342794999959, 0.0 ], [ 106.596788931000049, -5.939392933999954, 0.0 ], [ 106.596758848000036, -5.940300442999956, 0.0 ], [ 106.596638516000041, -5.940295429999935, 0.0 ], [ 106.596616968000035, -5.940286639999954, 0.0 ], [ 106.596616230000052, -5.940293370999939, 0.0 ], [ 106.596398649000037, -5.940331211999933, 0.0 ], [ 106.595266025000058, -5.940730960999929, 0.0 ], [ 106.595037597000044, -5.940578675999973, 0.0 ], [ 106.594439931000068, -5.939017608999961, 0.0 ], [ 106.594399901000088, -5.938913052999965, 0.0 ], [ 106.593657510000071, -5.939017748999959, 0.0 ], [ 106.593246331000046, -5.938878580999926, 0.0 ], [ 106.593015006000087, -5.938543313999958, 0.0 ], [ 106.592778228000043, -5.93806258799998, 0.0 ], [ 106.592650324000033, -5.937713402999975, 0.0 ], [ 106.592498075000037, -5.937136117999955, 0.0 ], [ 106.592177769000045, -5.936439008999969, 0.0 ], [ 106.592004994000035, -5.936167152999928, 0.0 ], [ 106.591783562000046, -5.935834024999963, 0.0 ], [ 106.591734905000067, -5.935734092999951, 0.0 ], [ 106.591729719000057, -5.935724757999935, 0.0 ], [ 106.591687316000048, -5.935648431999937, 0.0 ], [ 106.59167156500007, -5.935606742999937, 0.0 ], [ 106.591636635000043, -5.935514289999958, 0.0 ], [ 106.591631279000069, -5.935516899999925, 0.0 ], [ 106.590697460000058, -5.935972038999978, 0.0 ], [ 106.59063083500007, -5.935886377999964, 0.0 ], [ 106.590687942000045, -5.935686503999932, 0.0 ], [ 106.591539486000045, -5.935257153999942, 0.0 ], [ 106.591492309000046, -5.935132283999963, 0.0 ], [ 106.591489305000039, -5.935095975999957, 0.0 ], [ 106.59150393300007, -5.93497233599993, 0.0 ], [ 106.591650065000067, -5.934841308999978, 0.0 ], [ 106.591972999000063, -5.934714791999966, 0.0 ], [ 106.592254979000074, -5.93466488699994, 0.0 ], [ 106.592747734000056, -5.934778412999947, 0.0 ], [ 106.593363511000064, -5.934897199999966, 0.0 ], [ 106.594421798000042, -5.935404540999969, 0.0 ], [ 106.594857872000034, -5.935637394999958, 0.0 ], [ 106.595008370000073, -5.935727941999971, 0.0 ], [ 106.595308216000035, -5.935998905999952, 0.0 ], [ 106.595667406000075, -5.936309966999943, 0.0 ], [ 106.595804304000069, -5.936457694999945, 0.0 ], [ 106.596659048000049, -5.936627205999969, 0.0 ], [ 106.596798972000045, -5.936705592999942, 0.0 ], [ 106.597010743000055, -5.936951055999941, 0.0 ], [ 106.597272638000049, -5.937164950999943, 0.0 ], [ 106.597524999000086, -5.937354618999962, 0.0 ], [ 106.597606551000069, -5.937454207999963, 0.0 ], [ 106.59759667700007, -5.937553527999967, 0.0 ], [ 106.597546309000052, -5.937766957999941, 0.0 ] ] ], [ [ [ 106.58673212900004, -5.92821881499998, 0.0 ], [ 106.586839204000057, -5.928346710999961, 0.0 ], [ 106.58687787100007, -5.928492452999933, 0.0 ], [ 106.586862999000061, -5.92855491399996, 0.0 ], [ 106.586761872000068, -5.928578708999964, 0.0 ], [ 106.586666693000041, -5.928590605999943, 0.0 ], [ 106.586633976000087, -5.928641169999935, 0.0 ], [ 106.586654796000062, -5.928840448999949, 0.0 ], [ 106.586843653000074, -5.929101082999978, 0.0 ], [ 106.586936132000062, -5.92919842799995, 0.0 ], [ 106.587226734000069, -5.929501979999941, 0.0 ], [ 106.587544913000045, -5.930243319999931, 0.0 ], [ 106.587808837000068, -5.930842594999945, 0.0 ], [ 106.587929754000072, -5.931415778999963, 0.0 ], [ 106.587967709000054, -5.931764645999976, 0.0 ], [ 106.588159761000043, -5.932152813999949, 0.0 ], [ 106.58831400400004, -5.932293449999975, 0.0 ], [ 106.588540851000062, -5.932402452999952, 0.0 ], [ 106.588926640000068, -5.932596482999941, 0.0 ], [ 106.589100322000036, -5.932586823999941, 0.0 ], [ 106.589130174000047, -5.932581522999953, 0.0 ], [ 106.589283109000064, -5.932450436999943, 0.0 ], [ 106.589403033000053, -5.93238761899994, 0.0 ], [ 106.589557222000053, -5.932439014999943, 0.0 ], [ 106.589660015000049, -5.932507543999975, 0.0 ], [ 106.589625751000085, -5.932644600999936, 0.0 ], [ 106.589609043000053, -5.932660602999931, 0.0 ], [ 106.589272208000068, -5.93298320599996, 0.0 ], [ 106.589220291000061, -5.933032928999978, 0.0 ], [ 106.589008995000086, -5.933284199999946, 0.0 ], [ 106.588809120000064, -5.933472652999967, 0.0 ], [ 106.588837673000057, -5.933546891999981, 0.0 ], [ 106.588826252000047, -5.933638263999967, 0.0 ], [ 106.587842786000067, -5.933986007999977, 0.0 ], [ 106.587750197000048, -5.934034030999953, 0.0 ], [ 106.587758350000058, -5.934180780999952, 0.0 ], [ 106.587769771000069, -5.934352101999934, 0.0 ], [ 106.587826878000044, -5.934477736999952, 0.0 ], [ 106.587975357000062, -5.934586240999977, 0.0 ], [ 106.588180942000065, -5.934689033999973, 0.0 ], [ 106.588192364000065, -5.934831800999973, 0.0 ], [ 106.588072439000086, -5.93490603999993, 0.0 ], [ 106.587952514000051, -5.93494601499998, 0.0 ], [ 106.587838300000044, -5.935008832999927, 0.0 ], [ 106.587746928000058, -5.935048807999976, 0.0 ], [ 106.587666979000062, -5.935031675999937, 0.0 ], [ 106.587615582000069, -5.93495743699998, 0.0 ], [ 106.587581318000048, -5.934848932999955, 0.0 ], [ 106.587587029000076, -5.934609083999931, 0.0 ], [ 106.587587029000076, -5.934169358999952, 0.0 ], [ 106.587604775000045, -5.933956400999932, 0.0 ], [ 106.587497135000035, -5.933995478999975, 0.0 ], [ 106.587300148000054, -5.934009640999932, 0.0 ], [ 106.587166141000068, -5.933950927999945, 0.0 ], [ 106.587064525000073, -5.933855083999958, 0.0 ], [ 106.586992923000082, -5.933706298999937, 0.0 ], [ 106.587000759000034, -5.933373685999925, 0.0 ], [ 106.587008430000083, -5.933336958999973, 0.0 ], [ 106.587006986000063, -5.933100490999948, 0.0 ], [ 106.586956391000058, -5.933023385999945, 0.0 ], [ 106.586899881000079, -5.933023719999937, 0.0 ], [ 106.586837420000052, -5.932985053999971, 0.0 ], [ 106.586816600000077, -5.93285418399995, 0.0 ], [ 106.586864189000039, -5.932702492999965, 0.0 ], [ 106.586908085000061, -5.932437939999943, 0.0 ], [ 106.586876086000075, -5.93213439699997, 0.0 ], [ 106.586751164000077, -5.931738810999946, 0.0 ], [ 106.586554870000043, -5.931361674999948, 0.0 ], [ 106.586417296000036, -5.93114845599996, 0.0 ], [ 106.586343682000063, -5.931102305999957, 0.0 ], [ 106.586287169000059, -5.931129073999955, 0.0 ], [ 106.586022454000044, -5.930727539999964, 0.0 ], [ 106.585897533000036, -5.930581797999935, 0.0 ], [ 106.585943286000088, -5.930551126999944, 0.0 ], [ 106.585942148000072, -5.930501491999962, 0.0 ], [ 106.585558460000073, -5.930019650999952, 0.0 ], [ 106.585463281000045, -5.929969086999961, 0.0 ], [ 106.585341747000086, -5.930034214999978, 0.0 ], [ 106.585249130000079, -5.929909600999963, 0.0 ], [ 106.58518831300006, -5.929878551999934, 0.0 ], [ 106.585094465000054, -5.929680577999932, 0.0 ], [ 106.585046875000046, -5.92963298799998, 0.0 ], [ 106.584924928000078, -5.929540783999926, 0.0 ], [ 106.584743494000065, -5.929338529999939, 0.0 ], [ 106.584663187000046, -5.929415862999974, 0.0 ], [ 106.584402849000071, -5.929443954999954, 0.0 ], [ 106.584217038000077, -5.929442631999962, 0.0 ], [ 106.584154578000039, -5.929418836999957, 0.0 ], [ 106.584065348000081, -5.92935934999997, 0.0 ], [ 106.583898785000088, -5.929249299999981, 0.0 ], [ 106.583491303000073, -5.929671654999936, 0.0 ], [ 106.583464534000086, -5.929644885999949, 0.0 ], [ 106.58389339200005, -5.929170086999932, 0.0 ], [ 106.583868167000048, -5.929139550999935, 0.0 ], [ 106.583651061000069, -5.928888895999933, 0.0 ], [ 106.58335745800008, -5.928583050999976, 0.0 ], [ 106.583195286000034, -5.928480752999974, 0.0 ], [ 106.582807208000077, -5.928312387999938, 0.0 ], [ 106.582655517000035, -5.928913200999943, 0.0 ], [ 106.582753670000045, -5.929008379999971, 0.0 ], [ 106.583065974000078, -5.929252274999953, 0.0 ], [ 106.583137358000045, -5.92935637599993, 0.0 ], [ 106.583178998000051, -5.929433708999966, 0.0 ], [ 106.583152230000053, -5.929466425999976, 0.0 ], [ 106.582646594000039, -5.929026225999962, 0.0 ], [ 106.582468135000056, -5.928868586999954, 0.0 ], [ 106.582325367000067, -5.928710946999956, 0.0 ], [ 106.58232834100005, -5.928583050999976, 0.0 ], [ 106.582408648000069, -5.928467051999974, 0.0 ], [ 106.582521672000041, -5.928374847999976, 0.0 ], [ 106.582591661000038, -5.928226541999948, 0.0 ], [ 106.582629343000065, -5.928171701999929, 0.0 ], [ 106.58272214200008, -5.927993241999957, 0.0 ], [ 106.582850633000078, -5.927861181999958, 0.0 ], [ 106.582615066000074, -5.927554231999977, 0.0 ], [ 106.582436607000034, -5.927379340999948, 0.0 ], [ 106.582290270000044, -5.927111651999951, 0.0 ], [ 106.582461591000083, -5.926936761999968, 0.0 ], [ 106.582400915000051, -5.926754732999939, 0.0 ], [ 106.58224387000007, -5.926551288999974, 0.0 ], [ 106.582008304000055, -5.926354982999953, 0.0 ], [ 106.581872674000067, -5.926247907999937, 0.0 ], [ 106.581901228000049, -5.926126554999939, 0.0 ], [ 106.582004734000066, -5.92602304899998, 0.0 ], [ 106.582197471000086, -5.925919541999974, 0.0 ], [ 106.582412314000067, -5.92592399199998, 0.0 ], [ 106.582532975000049, -5.925962371999958, 0.0 ], [ 106.582679312000039, -5.925962371999958, 0.0 ], [ 106.582854202000078, -5.925908833999927, 0.0 ], [ 106.583049465000045, -5.925837139999942, 0.0 ], [ 106.58325398900007, -5.92582252699998, 0.0 ], [ 106.583350325000083, -5.925821964999955, 0.0 ], [ 106.583497412000042, -5.925756471999932, 0.0 ], [ 106.583919327000046, -5.925445365999963, 0.0 ], [ 106.584021328000063, -5.925526930999979, 0.0 ], [ 106.584299725000051, -5.925751789999936, 0.0 ], [ 106.584770624000043, -5.925986252999962, 0.0 ], [ 106.584905777000074, -5.926078291999943, 0.0 ], [ 106.585054212000045, -5.926431046999937, 0.0 ], [ 106.58540637200008, -5.926716581999926, 0.0 ], [ 106.585844193000071, -5.927011634999928, 0.0 ], [ 106.586072621000085, -5.92721150999995, 0.0 ], [ 106.586208647000035, -5.927493079999977, 0.0 ], [ 106.586259211000083, -5.92773697399997, 0.0 ], [ 106.586238390000062, -5.927924356999938, 0.0 ], [ 106.586015316000044, -5.92818312299994, 0.0 ], [ 106.586214596000048, -5.928415120999944, 0.0 ], [ 106.586479311000062, -5.928206917999944, 0.0 ], [ 106.586583412000039, -5.928156353999952, 0.0 ], [ 106.58673212900004, -5.92821881499998, 0.0 ] ] ], [ [ [ 106.598971607000067, -5.865591084999949, 0.0 ], [ 106.599004920000084, -5.865626775999942, 0.0 ], [ 106.599063847000082, -5.865670686999977, 0.0 ], [ 106.599074273000042, -5.865790928999957, 0.0 ], [ 106.599033473000077, -5.86589803499993, 0.0 ], [ 106.598976366000045, -5.86594086499997, 0.0 ], [ 106.59893915300006, -5.86594086499997, 0.0 ], [ 106.598953588000086, -5.866184840999949, 0.0 ], [ 106.598930979000045, -5.866196249999973, 0.0 ], [ 106.598786437000058, -5.86618883999995, 0.0 ], [ 106.598624206000068, -5.866193087999932, 0.0 ], [ 106.598500474000048, -5.866219261999959, 0.0 ], [ 106.598400537000089, -5.866266850999978, 0.0 ], [ 106.598317256000087, -5.866247815999941, 0.0 ], [ 106.59829108200006, -5.86620736499998, 0.0 ], [ 106.598322015000065, -5.866131221999979, 0.0 ], [ 106.598319635000053, -5.866064596999934, 0.0 ], [ 106.598255390000077, -5.866045561999954, 0.0 ], [ 106.598155452000071, -5.865983695999944, 0.0 ], [ 106.598105484000087, -5.865886137999951, 0.0 ], [ 106.598164970000084, -5.865821891999929, 0.0 ], [ 106.598179247000076, -5.865710057999934, 0.0 ], [ 106.598145935000048, -5.865619637999941, 0.0 ], [ 106.598087448000058, -5.865505208999934, 0.0 ], [ 106.598078752000049, -5.865271994999944, 0.0 ], [ 106.598084505000088, -5.865167442999962, 0.0 ], [ 106.598086081000076, -5.865124791999961, 0.0 ], [ 106.598099725000054, -5.864702575999956, 0.0 ], [ 106.598205077000046, -5.864584002999948, 0.0 ], [ 106.598330030000056, -5.864406848999977, 0.0 ], [ 106.59832145300004, -5.864274077999937, 0.0 ], [ 106.598240603000079, -5.864108534999957, 0.0 ], [ 106.598095216000047, -5.863952896999933, 0.0 ], [ 106.597828231000051, -5.863675028999978, 0.0 ], [ 106.597867229000087, -5.86361980099997, 0.0 ], [ 106.598026743000048, -5.863548159999937, 0.0 ], [ 106.598198060000072, -5.863543185999958, 0.0 ], [ 106.598560097000075, -5.863542332999941, 0.0 ], [ 106.598648327000035, -5.863385087999973, 0.0 ], [ 106.598724144000073, -5.863268730999948, 0.0 ], [ 106.598835978000068, -5.863073614999962, 0.0 ], [ 106.598800286000085, -5.863054578999936, 0.0 ], [ 106.598894310000048, -5.862738261999937, 0.0 ], [ 106.598902603000056, -5.862681003999967, 0.0 ], [ 106.598921639000082, -5.86262151699998, 0.0 ], [ 106.59898112500008, -5.862554891999935, 0.0 ], [ 106.599104857000043, -5.862502543999938, 0.0 ], [ 106.599228589000063, -5.862500164999972, 0.0 ], [ 106.599314250000077, -5.862514440999973, 0.0 ], [ 106.599345183000082, -5.862533476999943, 0.0 ], [ 106.599339394000083, -5.862570560999927, 0.0 ], [ 106.599326147000056, -5.862631034999936, 0.0 ], [ 106.599311870000065, -5.862659588999975, 0.0 ], [ 106.599292835000085, -5.862700038999947, 0.0 ], [ 106.59928093700006, -5.862776181999948, 0.0 ], [ 106.599252384000067, -5.862885636999977, 0.0 ], [ 106.599238107000076, -5.863004609999962, 0.0 ], [ 106.599207174000071, -5.863192587999947, 0.0 ], [ 106.599169103000065, -5.863190207999935, 0.0 ], [ 106.599107237000055, -5.863490019999972, 0.0 ], [ 106.599064406000082, -5.86368751599997, 0.0 ], [ 106.599035853000032, -5.863877872999979, 0.0 ], [ 106.599004920000084, -5.864203858999929, 0.0 ], [ 106.599016817000063, -5.864594089999969, 0.0 ], [ 106.598978746000057, -5.864751134999949, 0.0 ], [ 106.598985884000058, -5.865169919999971, 0.0 ], [ 106.599026453000079, -5.865239641999949, 0.0 ], [ 106.599045439000065, -5.86545844799997, 0.0 ], [ 106.599016817000063, -5.865505423999934, 0.0 ], [ 106.598983505000035, -5.865545874999953, 0.0 ], [ 106.598971607000067, -5.865591084999949, 0.0 ] ] ], [ [ [ 106.58243625700004, -5.862668867999957, 0.0 ], [ 106.582200690000036, -5.862583207999933, 0.0 ], [ 106.581965124000078, -5.862411886999951, 0.0 ], [ 106.581793803000039, -5.862233426999978, 0.0 ], [ 106.581781171000046, -5.862211771999966, 0.0 ], [ 106.581816106000076, -5.862077682999939, 0.0 ], [ 106.581977728000084, -5.862020937999944, 0.0 ], [ 106.582172512000056, -5.861992078999947, 0.0 ], [ 106.582336320000081, -5.862012136999965, 0.0 ], [ 106.582350455000039, -5.862016659999938, 0.0 ], [ 106.582491116000085, -5.862120240999957, 0.0 ], [ 106.582633724000061, -5.862162799999965, 0.0 ], [ 106.582804853000084, -5.862214815999948, 0.0 ], [ 106.583013892000054, -5.86219048199996, 0.0 ], [ 106.583192926000038, -5.862226288999977, 0.0 ], [ 106.583678336000048, -5.862247703999969, 0.0 ], [ 106.583871072000079, -5.862297672999944, 0.0 ], [ 106.584052652000082, -5.862375491999956, 0.0 ], [ 106.584110681000084, -5.86254966599995, 0.0 ], [ 106.584106639000083, -5.862561792999941, 0.0 ], [ 106.583921041000053, -5.862676006999948, 0.0 ], [ 106.583621229000073, -5.862690283999939, 0.0 ], [ 106.583257171000071, -5.862690283999939, 0.0 ], [ 106.583078712000088, -5.862683144999949, 0.0 ], [ 106.582786038000052, -5.862661729999957, 0.0 ], [ 106.58243625700004, -5.862668867999957, 0.0 ] ] ], [ [ [ 106.601655243000039, -5.857282957999928, 0.0 ], [ 106.601760697000088, -5.857426364999981, 0.0 ], [ 106.601944484000057, -5.857577253999978, 0.0 ], [ 106.601946411000085, -5.857689325999957, 0.0 ], [ 106.601906193000048, -5.857725641999934, 0.0 ], [ 106.60185154800007, -5.857711260999963, 0.0 ], [ 106.601765888000045, -5.857718399999953, 0.0 ], [ 106.60170521200007, -5.857736245999945, 0.0 ], [ 106.601619551000056, -5.857796921999977, 0.0 ], [ 106.601456043000042, -5.85784293699993, 0.0 ], [ 106.601284047000036, -5.857846890999951, 0.0 ], [ 106.601187679000077, -5.857814767999969, 0.0 ], [ 106.601127003000045, -5.857739814999945, 0.0 ], [ 106.601109157000053, -5.857664861999979, 0.0 ], [ 106.601112726000053, -5.857600616999946, 0.0 ], [ 106.601094880000062, -5.85753280199998, 0.0 ], [ 106.601034204000086, -5.857440002999965, 0.0 ], [ 106.600948543000072, -5.857336495999959, 0.0 ], [ 106.600773653000033, -5.857104498999945, 0.0 ], [ 106.600667130000033, -5.856991388999973, 0.0 ], [ 106.600505076000047, -5.856931200999952, 0.0 ], [ 106.600406026000087, -5.85686179399994, 0.0 ], [ 106.600191874000075, -5.856758286999934, 0.0 ], [ 106.600091937000059, -5.856726164999941, 0.0 ], [ 106.599988430000053, -5.856729733999941, 0.0 ], [ 106.599799263000079, -5.856658349999975, 0.0 ], [ 106.59966363400008, -5.856572688999961, 0.0 ], [ 106.599627553000062, -5.856482907999975, 0.0 ], [ 106.599606073000075, -5.856408749999957, 0.0 ], [ 106.599653767000063, -5.856214919999957, 0.0 ], [ 106.59966006500008, -5.856155093999973, 0.0 ], [ 106.599677911000072, -5.856044448999967, 0.0 ], [ 106.59966006500008, -5.855987341999935, 0.0 ], [ 106.599642723000045, -5.855894803999945, 0.0 ], [ 106.599699076000036, -5.855785864999973, 0.0 ], [ 106.599727880000046, -5.855662545999962, 0.0 ], [ 106.599784987000078, -5.855569746999947, 0.0 ], [ 106.599977723000052, -5.855455531999951, 0.0 ], [ 106.600245412000049, -5.855426978999958, 0.0 ], [ 106.600353555000083, -5.855493185999933, 0.0 ], [ 106.600391749000039, -5.855576884999948, 0.0 ], [ 106.600398888000086, -5.85563399199998, 0.0 ], [ 106.600448856000071, -5.855691098999955, 0.0 ], [ 106.600520240000037, -5.855733928999939, 0.0 ], [ 106.600555932000077, -5.855726790999938, 0.0 ], [ 106.600616608000053, -5.855691098999955, 0.0 ], [ 106.600662739000086, -5.855635544999927, 0.0 ], [ 106.600820052000074, -5.855698236999956, 0.0 ], [ 106.600902144000088, -5.855769620999979, 0.0 ], [ 106.600976794000076, -5.855871856999954, 0.0 ], [ 106.601062757000079, -5.855905250999967, 0.0 ], [ 106.601291185000036, -5.856126539999934, 0.0 ], [ 106.601444661000073, -5.856351398999948, 0.0 ], [ 106.601548167000033, -5.856726164999941, 0.0 ], [ 106.601565908000055, -5.856932564999966, 0.0 ], [ 106.601590997000073, -5.857140190999928, 0.0 ], [ 106.601655243000039, -5.857282957999928, 0.0 ] ] ], [ [ [ 106.581968378000056, -5.763969216999953, 0.0 ], [ 106.58197789500008, -5.763742691999937, 0.0 ], [ 106.582105434000084, -5.763453349999963, 0.0 ], [ 106.582257538000079, -5.763345137999977, 0.0 ], [ 106.582314470000085, -5.763271478999968, 0.0 ], [ 106.582489955000085, -5.762706357999946, 0.0 ], [ 106.582545873000072, -5.762514215999943, 0.0 ], [ 106.583313206000071, -5.761996323999938, 0.0 ], [ 106.583494045000066, -5.761882108999941, 0.0 ], [ 106.583513081000035, -5.761491877999958, 0.0 ], [ 106.583551152000041, -5.761082610999949, 0.0 ], [ 106.583570188000067, -5.760673342999951, 0.0 ], [ 106.583589147000055, -5.760534186999962, 0.0 ], [ 106.583675403000086, -5.760480648999931, 0.0 ], [ 106.58374381200008, -5.760477674999947, 0.0 ], [ 106.583862785000065, -5.760477674999947, 0.0 ], [ 106.583955760000038, -5.760447631999966, 0.0 ], [ 106.58399765200005, -5.760388982999928, 0.0 ], [ 106.584093669000083, -5.760444914999937, 0.0 ], [ 106.584017527000071, -5.760739967999939, 0.0 ], [ 106.58394138400007, -5.760920806999934, 0.0 ], [ 106.583922348000044, -5.761111163999942, 0.0 ], [ 106.583912830000088, -5.761292002999937, 0.0 ], [ 106.583953315000088, -5.761500209999951, 0.0 ], [ 106.58400959800008, -5.76202257999995, 0.0 ], [ 106.584131546000037, -5.762236730999973, 0.0 ], [ 106.584259442000075, -5.762317037999935, 0.0 ], [ 106.584372560000077, -5.76238535799996, 0.0 ], [ 106.584375440000088, -5.762447907999956, 0.0 ], [ 106.584348671000043, -5.762528214999975, 0.0 ], [ 106.584295133000069, -5.762578778999966, 0.0 ], [ 106.584229698000058, -5.762590675999945, 0.0 ], [ 106.584137494000061, -5.76264718799996, 0.0 ], [ 106.58400662400004, -5.76288810899996, 0.0 ], [ 106.583884676000082, -5.763182566999944, 0.0 ], [ 106.583738934000053, -5.763619792999975, 0.0 ], [ 106.583673499000042, -5.764036198999975, 0.0 ], [ 106.583628884000063, -5.764506141999959, 0.0 ], [ 106.583640782000089, -5.764913624999963, 0.0 ], [ 106.583602115000076, -5.765074237999954, 0.0 ], [ 106.583580864000055, -5.765118865999966, 0.0 ], [ 106.583452983000086, -5.765166461999968, 0.0 ], [ 106.583351856000036, -5.765202153999951, 0.0 ], [ 106.58331021500004, -5.765243794999947, 0.0 ], [ 106.583336984000084, -5.765273537999974, 0.0 ], [ 106.583411342000034, -5.765288409999926, 0.0 ], [ 106.583451865000086, -5.765308542999946, 0.0 ], [ 106.583474116000048, -5.76534213399998, 0.0 ], [ 106.583444476000068, -5.765401413999939, 0.0 ], [ 106.583274940000081, -5.765511463999928, 0.0 ], [ 106.583081048000054, -5.765506915999936, 0.0 ], [ 106.583037189000038, -5.765489371999934, 0.0 ], [ 106.582784176000075, -5.765371670999969, 0.0 ], [ 106.582700768000052, -5.765231106999977, 0.0 ], [ 106.582646957000065, -5.765165765999939, 0.0 ], [ 106.582512322000071, -5.765072453999949, 0.0 ], [ 106.582350519000045, -5.764920167999946, 0.0 ], [ 106.582271997000078, -5.764775020999934, 0.0 ], [ 106.582218654000087, -5.764575658999945, 0.0 ], [ 106.582132993000073, -5.76427108799993, 0.0 ], [ 106.582076866000079, -5.764150198999971, 0.0 ], [ 106.581974088000038, -5.764056780999965, 0.0 ], [ 106.581968378000056, -5.763969216999953, 0.0 ] ] ], [ [ [ 106.582041187000073, -5.761505850999981, 0.0 ], [ 106.582196345000057, -5.761414581999929, 0.0 ], [ 106.582241980000049, -5.761286804999941, 0.0 ], [ 106.582278488000043, -5.761140773999955, 0.0 ], [ 106.582314995000047, -5.761031250999963, 0.0 ], [ 106.582378884000036, -5.76093085399998, 0.0 ], [ 106.58251578800008, -5.760821330999931, 0.0 ], [ 106.582643565000069, -5.760666172999947, 0.0 ], [ 106.582661819000066, -5.760383237999974, 0.0 ], [ 106.582725707000066, -5.760100302999945, 0.0 ], [ 106.582899119000047, -5.76000903399995, 0.0 ], [ 106.582972134000045, -5.760319349999975, 0.0 ], [ 106.582917373000043, -5.760611411999946, 0.0 ], [ 106.582917373000043, -5.760939980999979, 0.0 ], [ 106.582862611000053, -5.761286804999941, 0.0 ], [ 106.582734834000064, -5.761405454999931, 0.0 ], [ 106.582634438000071, -5.76163362799997, 0.0 ], [ 106.582451899000034, -5.761889181999948, 0.0 ], [ 106.582159837000063, -5.762162989999979, 0.0 ], [ 106.582077695000066, -5.762354655999957, 0.0 ], [ 106.582059441000069, -5.762628463999931, 0.0 ], [ 106.582059441000069, -5.762938779999956, 0.0 ], [ 106.581986426000071, -5.763093936999951, 0.0 ], [ 106.581886029000088, -5.763513775999968, 0.0 ], [ 106.581785633000038, -5.763851472999932, 0.0 ], [ 106.581639602000052, -5.764298691999954, 0.0 ], [ 106.581511825000064, -5.764499484999931, 0.0 ], [ 106.581447937000064, -5.764170914999966, 0.0 ], [ 106.581493571000067, -5.763988376999976, 0.0 ], [ 106.581566587000054, -5.763842345999933, 0.0 ], [ 106.581630475000054, -5.763586791999955, 0.0 ], [ 106.581648729000051, -5.76327647599993, 0.0 ], [ 106.58171261800004, -5.762920525999959, 0.0 ], [ 106.581785633000038, -5.762701478999929, 0.0 ], [ 106.581876902000033, -5.76245505199995, 0.0 ], [ 106.581922537000082, -5.76221775199997, 0.0 ], [ 106.581922537000082, -5.761962197999935, 0.0 ], [ 106.581922537000082, -5.761788785999954, 0.0 ], [ 106.581949918000078, -5.76163362799997, 0.0 ], [ 106.582041187000073, -5.761505850999981, 0.0 ] ] ], [ [ [ 106.586510708000048, -5.759604143999979, 0.0 ], [ 106.58637772600008, -5.759589600999959, 0.0 ], [ 106.586370001000034, -5.759475499999951, 0.0 ], [ 106.586535426000069, -5.75924469499995, 0.0 ], [ 106.586750288000076, -5.758853083999952, 0.0 ], [ 106.586839656000052, -5.75853525399998, 0.0 ], [ 106.586984166000036, -5.758329043999936, 0.0 ], [ 106.587136862000079, -5.758145974999934, 0.0 ], [ 106.587185980000072, -5.758158192999929, 0.0 ], [ 106.587210932000062, -5.758220576999975, 0.0 ], [ 106.587088744000084, -5.758419851999975, 0.0 ], [ 106.587037406000036, -5.758771734999925, 0.0 ], [ 106.58671606300004, -5.759441445999926, 0.0 ], [ 106.586510708000048, -5.759604143999979, 0.0 ] ] ], [ [ [ 106.58446927600005, -5.75973096599995, 0.0 ], [ 106.584369451000043, -5.759734512999955, 0.0 ], [ 106.584123451000039, -5.759929608999926, 0.0 ], [ 106.584059278000041, -5.759986364999975, 0.0 ], [ 106.583734659000072, -5.760015145999944, 0.0 ], [ 106.583672322000041, -5.759983150999972, 0.0 ], [ 106.583627184000079, -5.759934824999959, 0.0 ], [ 106.58361362800008, -5.759422359999974, 0.0 ], [ 106.583663541000078, -5.75902152599997, 0.0 ], [ 106.58361362800008, -5.758649069999933, 0.0 ], [ 106.583649281000078, -5.758336915999962, 0.0 ], [ 106.583777628000064, -5.757982196999933, 0.0 ], [ 106.583848931000034, -5.757716155999958, 0.0 ], [ 106.583959453000034, -5.757588455999951, 0.0 ], [ 106.584074874000066, -5.757603341999925, 0.0 ], [ 106.584137308000038, -5.757681685999955, 0.0 ], [ 106.584094931000038, -5.757879325999966, 0.0 ], [ 106.583948758000076, -5.758035403999941, 0.0 ], [ 106.58386319300007, -5.758191481999972, 0.0 ], [ 106.583870323000042, -5.758432691999928, 0.0 ], [ 106.584020061000047, -5.758673900999952, 0.0 ], [ 106.584127018000061, -5.758847713999955, 0.0 ], [ 106.584134148000032, -5.759078281999962, 0.0 ], [ 106.584094931000038, -5.759284018999949, 0.0 ], [ 106.584102061000067, -5.759479115999966, 0.0 ], [ 106.584216148000053, -5.759628096999961, 0.0 ], [ 106.584472841000036, -5.759652928999969, 0.0 ], [ 106.58486501200008, -5.759660021999935, 0.0 ], [ 106.58514309800006, -5.759645833999969, 0.0 ], [ 106.585389097000075, -5.759603266999932, 0.0 ], [ 106.585496052000053, -5.759581984999954, 0.0 ], [ 106.585595878000049, -5.759539418999964, 0.0 ], [ 106.585763442000086, -5.759479115999966, 0.0 ], [ 106.585824194000054, -5.759435155999938, 0.0 ], [ 106.585898666000048, -5.759461682999927, 0.0 ], [ 106.585873964000086, -5.759571341999958, 0.0 ], [ 106.585638660000086, -5.759699040999976, 0.0 ], [ 106.585200142000076, -5.759784174999936, 0.0 ], [ 106.584790144000067, -5.759766437999929, 0.0 ], [ 106.58446927600005, -5.75973096599995, 0.0 ] ] ], [ [ [ 106.582863285000087, -5.75810678299996, 0.0 ], [ 106.582824068000036, -5.75785493099994, 0.0 ], [ 106.582852590000073, -5.757713042999967, 0.0 ], [ 106.583085338000046, -5.757574511999962, 0.0 ], [ 106.583211299000084, -5.757499539999969, 0.0 ], [ 106.583272547000036, -5.757497798999964, 0.0 ], [ 106.583291109000072, -5.75751794599995, 0.0 ], [ 106.583162762000086, -5.757908138999937, 0.0 ], [ 106.583169892000058, -5.758046479999962, 0.0 ], [ 106.583055806000061, -5.758447314999955, 0.0 ], [ 106.582952414000033, -5.758433125999943, 0.0 ], [ 106.582863285000087, -5.75810678299996, 0.0 ] ] ], [ [ [ 106.572019835000049, -5.729710344999944, 0.0 ], [ 106.572006917000067, -5.729734054999938, 0.0 ], [ 106.571955521000064, -5.729792428999929, 0.0 ], [ 106.571649172000036, -5.72998974099994, 0.0 ], [ 106.571184937000055, -5.73023324299993, 0.0 ], [ 106.571027051000044, -5.730279432999964, 0.0 ], [ 106.570747438000069, -5.730282629999977, 0.0 ], [ 106.570390519000057, -5.73026359499994, 0.0 ], [ 106.570281064000085, -5.730220763999966, 0.0 ], [ 106.570285823000063, -5.730154139999968, 0.0 ], [ 106.570352448000051, -5.730073237999932, 0.0 ], [ 106.570719299000075, -5.729812549999963, 0.0 ], [ 106.571612334000065, -5.729362383999955, 0.0 ], [ 106.571802369000068, -5.72933285199997, 0.0 ], [ 106.571976427000038, -5.729379940999934, 0.0 ], [ 106.571994378000056, -5.729443979999928, 0.0 ], [ 106.572032024000066, -5.72948286999997, 0.0 ], [ 106.572061792000056, -5.729602563999947, 0.0 ], [ 106.572035420000077, -5.729668152999977, 0.0 ], [ 106.572019835000049, -5.729710344999944, 0.0 ] ] ], [ [ [ 106.576113879000047, -5.707710170999974, 0.0 ], [ 106.576201126000058, -5.707700652999961, 0.0 ], [ 106.576289166000038, -5.707741103999979, 0.0 ], [ 106.576317718000041, -5.707798210999954, 0.0 ], [ 106.576334376000034, -5.707900527999925, 0.0 ], [ 106.576333137000063, -5.708152261999942, 0.0 ], [ 106.576455276000047, -5.708471113999963, 0.0 ], [ 106.576458371000058, -5.708863618999942, 0.0 ], [ 106.576428860000078, -5.70898286299996, 0.0 ], [ 106.576349445000062, -5.709040289999962, 0.0 ], [ 106.576329177000048, -5.709027621999951, 0.0 ], [ 106.57627330300005, -5.708992699999953, 0.0 ], [ 106.576220955000053, -5.708849932999954, 0.0 ], [ 106.576187641000047, -5.708773789999952, 0.0 ], [ 106.576135294000039, -5.70874523599997, 0.0 ], [ 106.576051448000044, -5.70869971999997, 0.0 ], [ 106.575997518000065, -5.708177429999978, 0.0 ], [ 106.575993211000082, -5.708084374999942, 0.0 ], [ 106.576044874000047, -5.707883871999968, 0.0 ], [ 106.576023502000055, -5.707785041999955, 0.0 ], [ 106.57606465300006, -5.707727666999972, 0.0 ], [ 106.576068668000062, -5.707722068999942, 0.0 ], [ 106.576113879000047, -5.707710170999974, 0.0 ] ] ], [ [ [ 106.586511056000063, -5.679261159999953, 0.0 ], [ 106.586430155000073, -5.679242123999927, 0.0 ], [ 106.586430155000073, -5.679180257999974, 0.0 ], [ 106.586701413000071, -5.67917074099995, 0.0 ], [ 106.586758520000046, -5.679138617999968, 0.0 ], [ 106.586823956000046, -5.67904343899994, 0.0 ], [ 106.58696077500008, -5.678936363999981, 0.0 ], [ 106.587210618000086, -5.678882825999949, 0.0 ], [ 106.587394476000043, -5.67879217199993, 0.0 ], [ 106.587693785000056, -5.678738167999938, 0.0 ], [ 106.587879505000046, -5.678669925999941, 0.0 ], [ 106.587930984000081, -5.678651978999937, 0.0 ], [ 106.587980284000082, -5.678636108999967, 0.0 ], [ 106.588232436000055, -5.678612925999971, 0.0 ], [ 106.588297534000048, -5.678624868999975, 0.0 ], [ 106.588558110000065, -5.678713262999963, 0.0 ], [ 106.588661998000077, -5.678772909999964, 0.0 ], [ 106.588744356000063, -5.678865744999939, 0.0 ], [ 106.588781536000056, -5.678958669999929, 0.0 ], [ 106.58871834100006, -5.679092311999966, 0.0 ], [ 106.588595932000032, -5.679232413999955, 0.0 ], [ 106.588430483000081, -5.679344571999934, 0.0 ], [ 106.588336854000033, -5.679381486999944, 0.0 ], [ 106.587796130000072, -5.679496804999928, 0.0 ], [ 106.587643680000042, -5.679494346999945, 0.0 ], [ 106.587467600000082, -5.679480069999954, 0.0 ], [ 106.587353386000075, -5.679422962999979, 0.0 ], [ 106.587267725000061, -5.679461034999974, 0.0 ], [ 106.587229654000055, -5.679541935999964, 0.0 ], [ 106.587220136000042, -5.679684703999953, 0.0 ], [ 106.58704881500006, -5.679651391999926, 0.0 ], [ 106.586991708000085, -5.679532418999941, 0.0 ], [ 106.58684418100006, -5.67937537399996, 0.0 ], [ 106.586682378000035, -5.67925164199994, 0.0 ], [ 106.586511056000063, -5.679261159999953, 0.0 ] ] ], [ [ [ 106.582261896000034, -5.670468773999971, 0.0 ], [ 106.581833593000056, -5.670534208999925, 0.0 ], [ 106.581601596000041, -5.670617489999927, 0.0 ], [ 106.581437493000067, -5.670693049999954, 0.0 ], [ 106.581160633000081, -5.670753236999929, 0.0 ], [ 106.580775160000087, -5.670896004999975, 0.0 ], [ 106.580561009000064, -5.670967387999951, 0.0 ], [ 106.580422475000034, -5.670990476999975, 0.0 ], [ 106.579989939000086, -5.671110155999941, 0.0 ], [ 106.57984717100004, -5.671181539999964, 0.0 ], [ 106.57954735900006, -5.67125292399993, 0.0 ], [ 106.579390314000079, -5.671324306999963, 0.0 ], [ 106.579226132000088, -5.671359998999947, 0.0 ], [ 106.579103203000045, -5.671344843999975, 0.0 ], [ 106.57900218900005, -5.67129220399994, 0.0 ], [ 106.578856618000088, -5.671216345999937, 0.0 ], [ 106.578795458000059, -5.671055955999975, 0.0 ], [ 106.578777154000079, -5.671023416999958, 0.0 ], [ 106.578812846000062, -5.670928238999977, 0.0 ], [ 106.578892986000085, -5.67079391599998, 0.0 ], [ 106.579014338000036, -5.670601178999959, 0.0 ], [ 106.579023120000045, -5.670585926999934, 0.0 ], [ 106.579056269000034, -5.670535177999966, 0.0 ], [ 106.579199368000047, -5.670346415999973, 0.0 ], [ 106.57934246700006, -5.670157654999969, 0.0 ], [ 106.579493769000067, -5.669927621999932, 0.0 ], [ 106.579545040000085, -5.669849671999941, 0.0 ], [ 106.579895726000075, -5.669493189999969, 0.0 ], [ 106.580148975000043, -5.669351425999935, 0.0 ], [ 106.580503902000032, -5.669282729999964, 0.0 ], [ 106.580806082000038, -5.669163688999959, 0.0 ], [ 106.581289124000079, -5.669082854999942, 0.0 ], [ 106.581617490000042, -5.669068577999951, 0.0 ], [ 106.581711429000052, -5.669055767999964, 0.0 ], [ 106.58229113200008, -5.669017961999941, 0.0 ], [ 106.582556480000051, -5.669023022999966, 0.0 ], [ 106.583616237000058, -5.668954363999944, 0.0 ], [ 106.584144477000052, -5.668940087999943, 0.0 ], [ 106.584544227000038, -5.668982917999926, 0.0 ], [ 106.584886869000059, -5.669154238999965, 0.0 ], [ 106.584942156000068, -5.669257902999959, 0.0 ], [ 106.584951115000081, -5.66949688099993, 0.0 ], [ 106.584913434000043, -5.669593774999953, 0.0 ], [ 106.58490114600005, -5.669625371999928, 0.0 ], [ 106.584701271000085, -5.669810969999958, 0.0 ], [ 106.584673064000071, -5.669834474999959, 0.0 ], [ 106.584640576000083, -5.669861548999961, 0.0 ], [ 106.584234639000044, -5.67008285199995, 0.0 ], [ 106.583459193000067, -5.670296379999968, 0.0 ], [ 106.583302148000087, -5.67032493399995, 0.0 ], [ 106.582945229000075, -5.670367763999934, 0.0 ], [ 106.582531203000087, -5.670410593999975, 0.0 ], [ 106.582261896000034, -5.670468773999971, 0.0 ] ] ], [ [ [ 106.571649053000044, -5.655286715999978, 0.0 ], [ 106.571649053000044, -5.655123008999965, 0.0 ], [ 106.571649053000044, -5.654993565999973, 0.0 ], [ 106.571652861000075, -5.65487173799994, 0.0 ], [ 106.571660475000044, -5.654807016999939, 0.0 ], [ 106.571774689000051, -5.654757523999933, 0.0 ], [ 106.571930782000038, -5.654723259999969, 0.0 ], [ 106.571915553000053, -5.654723259999969, 0.0 ], [ 106.57202976700006, -5.654715644999953, 0.0 ], [ 106.572086874000036, -5.654746101999933, 0.0 ], [ 106.572117331000072, -5.654852701999971, 0.0 ], [ 106.572094489000051, -5.655027830999927, 0.0 ], [ 106.572056417000056, -5.655256258999941, 0.0 ], [ 106.572014539000065, -5.655461843999944, 0.0 ], [ 106.571972660000085, -5.655610322999962, 0.0 ], [ 106.571907939000084, -5.655758800999934, 0.0 ], [ 106.571866060000048, -5.655804486999955, 0.0 ], [ 106.571805146000088, -5.65581971499995, 0.0 ], [ 106.571751846000041, -5.655804486999955, 0.0 ], [ 106.571721389000061, -5.655758800999934, 0.0 ], [ 106.571702353000035, -5.655595093999978, 0.0 ], [ 106.571671896000055, -5.655465650999929, 0.0 ], [ 106.571649053000044, -5.655286715999978, 0.0 ] ] ], [ [ [ 106.578855093000072, -5.651857118999942, 0.0 ], [ 106.578698048000035, -5.65184284299994, 0.0 ], [ 106.578655218000051, -5.651899949999972, 0.0 ], [ 106.578569557000037, -5.651914225999974, 0.0 ], [ 106.578455343000087, -5.651895190999937, 0.0 ], [ 106.578326852000032, -5.651895190999937, 0.0 ], [ 106.578198361000034, -5.651895190999937, 0.0 ], [ 106.578165049000063, -5.65190470899995, 0.0 ], [ 106.578112701000066, -5.65209030699998, 0.0 ], [ 106.578102509000075, -5.652283952999937, 0.0 ], [ 106.578254145000074, -5.652291795999929, 0.0 ], [ 106.578755090000072, -5.652368415999945, 0.0 ], [ 106.579123921000075, -5.652451603999964, 0.0 ], [ 106.579349969000077, -5.652469449999955, 0.0 ], [ 106.579665248000083, -5.652475398999968, 0.0 ], [ 106.580010270000059, -5.652534885999955, 0.0 ], [ 106.580343394000067, -5.652641960999972, 0.0 ], [ 106.580676519000065, -5.652784728999961, 0.0 ], [ 106.580807389000086, -5.652903701999946, 0.0 ], [ 106.581033438000077, -5.653058366999971, 0.0 ], [ 106.581098873000087, -5.653117852999969, 0.0 ], [ 106.581098873000087, -5.653218980999952, 0.0 ], [ 106.581051284000068, -5.653332004999925, 0.0 ], [ 106.580932311000083, -5.653468823999958, 0.0 ], [ 106.580721077000078, -5.653565475999926, 0.0 ], [ 106.580445060000045, -5.65365113699994, 0.0 ], [ 106.580352580000067, -5.653673279999964, 0.0 ], [ 106.58029689500006, -5.653751651999926, 0.0 ], [ 106.580116056000065, -5.65383731299994, 0.0 ], [ 106.579782931000068, -5.653946767999969, 0.0 ], [ 106.579311798000049, -5.654108570999938, 0.0 ], [ 106.579340352000088, -5.654184713999939, 0.0 ], [ 106.579378423000037, -5.654365552999934, 0.0 ], [ 106.579359387000068, -5.654479766999941, 0.0 ], [ 106.579367153000078, -5.654592785999967, 0.0 ], [ 106.579389995000042, -5.654835490999972, 0.0 ], [ 106.579404272000033, -5.655032509999955, 0.0 ], [ 106.579341454000087, -5.655189554999936, 0.0 ], [ 106.579312901000037, -5.655272359999969, 0.0 ], [ 106.579330033000076, -5.655343743999936, 0.0 ], [ 106.579355731000078, -5.655432259999941, 0.0 ], [ 106.57938142900008, -5.655557894999959, 0.0 ], [ 106.579424260000053, -5.655703517999939, 0.0 ], [ 106.579472801000065, -5.656003329999976, 0.0 ], [ 106.579412838000053, -5.656071858999951, 0.0 ], [ 106.57937286300006, -5.656017606999967, 0.0 ], [ 106.579364297000041, -5.655926235999971, 0.0 ], [ 106.579310045000057, -5.65575776999998, 0.0 ], [ 106.579304335000074, -5.655657831999974, 0.0 ], [ 106.579267215000073, -5.655480800999953, 0.0 ], [ 106.579241517000071, -5.655358019999937, 0.0 ], [ 106.579204397000069, -5.655303768999943, 0.0 ], [ 106.579181555000048, -5.655269503999932, 0.0 ], [ 106.579190121000067, -5.655223818999957, 0.0 ], [ 106.57922724000008, -5.655178132999936, 0.0 ], [ 106.579275781000035, -5.655112459999941, 0.0 ], [ 106.579315756000085, -5.655043931999955, 0.0 ], [ 106.579321467000057, -5.65496398199997, 0.0 ], [ 106.579284347000055, -5.654795515999979, 0.0 ], [ 106.57920725300005, -5.654555665999965, 0.0 ], [ 106.578713640000046, -5.654557914999941, 0.0 ], [ 106.578710421000039, -5.654746974999966, 0.0 ], [ 106.578704711000057, -5.654989679999971, 0.0 ], [ 106.578713277000077, -5.655269503999932, 0.0 ], [ 106.57876467300008, -5.655318044999945, 0.0 ], [ 106.578816069000084, -5.655346598999927, 0.0 ], [ 106.578970258000084, -5.655332321999936, 0.0 ], [ 106.578978824000046, -5.655358019999937, 0.0 ], [ 106.578998812000066, -5.655483655999944, 0.0 ], [ 106.57908447300008, -5.655969065999955, 0.0 ], [ 106.579135869000083, -5.656263166999963, 0.0 ], [ 106.579101605000062, -5.656311707999976, 0.0 ], [ 106.579067340000051, -5.656257456999981, 0.0 ], [ 106.579047353000078, -5.656114688999935, 0.0 ], [ 106.578984535000075, -5.655851996999957, 0.0 ], [ 106.578938850000043, -5.655580737999969, 0.0 ], [ 106.57888745300005, -5.655529341999966, 0.0 ], [ 106.578796082000054, -5.655412271999978, 0.0 ], [ 106.578644748000045, -5.655386573999976, 0.0 ], [ 106.578633327000034, -5.655340887999955, 0.0 ], [ 106.578616195000052, -5.655235239999968, 0.0 ], [ 106.578607629000032, -5.655092472999968, 0.0 ], [ 106.57861048400008, -5.654858333999925, 0.0 ], [ 106.578612237000073, -5.654570186999933, 0.0 ], [ 106.578569406000042, -5.654346516999965, 0.0 ], [ 106.578360014000054, -5.654317963999972, 0.0 ], [ 106.578360014000054, -5.654206202999944, 0.0 ], [ 106.57830354500004, -5.654193653999926, 0.0 ], [ 106.578151260000084, -5.654241242999944, 0.0 ], [ 106.577960903000076, -5.654260278999971, 0.0 ], [ 106.577665849000084, -5.654307867999933, 0.0 ], [ 106.577351761000045, -5.654203171999939, 0.0 ], [ 106.577085261000036, -5.654003296999974, 0.0 ], [ 106.576524359000075, -5.653784102999964, 0.0 ], [ 106.576417193000054, -5.653793777999965, 0.0 ], [ 106.576329713000064, -5.653746061999925, 0.0 ], [ 106.576351848000058, -5.653635385999962, 0.0 ], [ 106.576238173000036, -5.653594029999965, 0.0 ], [ 106.576005172000066, -5.653524224999956, 0.0 ], [ 106.575703445000045, -5.653427182999962, 0.0 ], [ 106.575579051000034, -5.65336426999994, 0.0 ], [ 106.575350622000087, -5.653291933999981, 0.0 ], [ 106.575152651000053, -5.653242441999964, 0.0 ], [ 106.574985137000056, -5.653219598999954, 0.0 ], [ 106.574836659000084, -5.653185334999932, 0.0 ], [ 106.574562545000049, -5.653151069999979, 0.0 ], [ 106.574311274000081, -5.653139648999968, 0.0 ], [ 106.574124724000058, -5.653147262999937, 0.0 ], [ 106.573976246000086, -5.653181526999958, 0.0 ], [ 106.573896296000044, -5.653253862999975, 0.0 ], [ 106.573855282000068, -5.653326283999945, 0.0 ], [ 106.574140817000057, -5.655996038999945, 0.0 ], [ 106.573893353000074, -5.656395787999941, 0.0 ], [ 106.574007567000081, -5.656576626999936, 0.0 ], [ 106.574031362000085, -5.656714635999947, 0.0 ], [ 106.573279452000065, -5.656738430999951, 0.0 ], [ 106.573255657000061, -5.656329162999953, 0.0 ], [ 106.573841005000077, -5.656310127999973, 0.0 ], [ 106.574078951000047, -5.655943690999948, 0.0 ], [ 106.573798890000035, -5.653589282999974, 0.0 ], [ 106.57329384500008, -5.653673457999957, 0.0 ], [ 106.573227220000035, -5.653207082999927, 0.0 ], [ 106.573165354000082, -5.653192805999936, 0.0 ], [ 106.572960720000083, -5.653183288999969, 0.0 ], [ 106.572608560000049, -5.653268948999937, 0.0 ], [ 106.57240392600005, -5.653349850999973, 0.0 ], [ 106.571951829000056, -5.653521171999955, 0.0 ], [ 106.571418829000038, -5.653644903999975, 0.0 ], [ 106.571409311000082, -5.653730564999933, 0.0 ], [ 106.571466418000057, -5.653925679999929, 0.0 ], [ 106.571199919000037, -5.654058929999962, 0.0 ], [ 106.571074108000062, -5.654250046999948, 0.0 ], [ 106.570921822000059, -5.654383296999981, 0.0 ], [ 106.570848659000035, -5.654408903999979, 0.0 ], [ 106.57031, -5.654520545999958, 0.0 ], [ 106.570348072000058, -5.654668071999936, 0.0 ], [ 106.570006168000077, -5.654799370999967, 0.0 ], [ 106.569876939000039, -5.654806080999947, 0.0 ], [ 106.569705617000068, -5.654834634999929, 0.0 ], [ 106.569648510000036, -5.654744214999937, 0.0 ], [ 106.569558091000033, -5.654763250999963, 0.0 ], [ 106.56939152800004, -5.654791803999956, 0.0 ], [ 106.569258279000053, -5.654886982999926, 0.0 ], [ 106.569134547000033, -5.655082098999969, 0.0 ], [ 106.569034609000084, -5.655267695999953, 0.0 ], [ 106.569229725000071, -5.655467570999974, 0.0 ], [ 106.569167859000061, -5.655534195999962, 0.0 ], [ 106.569120270000042, -5.655491365999978, 0.0 ], [ 106.569069175000038, -5.655561284999976, 0.0 ], [ 106.569149092000089, -5.655666334999978, 0.0 ], [ 106.569077440000058, -5.65572455299997, 0.0 ], [ 106.569029450000073, -5.655672200999959, 0.0 ], [ 106.568934672000069, -5.655757864999941, 0.0 ], [ 106.569053645000054, -5.655895873999953, 0.0 ], [ 106.568925154000055, -5.655986293999945, 0.0 ], [ 106.568839494000088, -5.655886355999939, 0.0 ], [ 106.568585706000079, -5.65610328799994, 0.0 ], [ 106.56861828600006, -5.656168448999949, 0.0 ], [ 106.568228055000077, -5.656373082999949, 0.0 ], [ 106.568140258000085, -5.656220145999953, 0.0 ], [ 106.568073307000077, -5.656243274999952, 0.0 ], [ 106.567940057000044, -5.656281346999947, 0.0 ], [ 106.567730665000056, -5.656376524999928, 0.0 ], [ 106.567530790000035, -5.656481221999968, 0.0 ], [ 106.567206484000053, -5.656689232999952, 0.0 ], [ 106.566726532000075, -5.657023738999953, 0.0 ], [ 106.566645630000039, -5.657071327999972, 0.0 ], [ 106.566517140000087, -5.657038014999955, 0.0 ], [ 106.566250640000078, -5.656933318999961, 0.0 ], [ 106.566029651000065, -5.656876971999964, 0.0 ], [ 106.565677491000088, -5.656848417999981, 0.0 ], [ 106.565455900000075, -5.656785792999926, 0.0 ], [ 106.565137052000068, -5.656742961999953, 0.0 ], [ 106.564875311000037, -5.656742961999953, 0.0 ], [ 106.564570740000079, -5.656761997999979, 0.0 ], [ 106.564418455000066, -5.656742961999953, 0.0 ], [ 106.564289964000068, -5.656666819999941, 0.0 ], [ 106.564242375000049, -5.656571640999971, 0.0 ], [ 106.564247134000084, -5.656452667999929, 0.0 ], [ 106.564301944000078, -5.656299784999931, 0.0 ], [ 106.564570740000079, -5.655952980999928, 0.0 ], [ 106.564827722000075, -5.655643650999934, 0.0 ], [ 106.56492766000008, -5.655467570999974, 0.0 ], [ 106.56482296300004, -5.655253419999951, 0.0 ], [ 106.564951454000038, -5.655167758999937, 0.0 ], [ 106.565122775000077, -5.655143964999979, 0.0 ], [ 106.565251266000075, -5.655086856999958, 0.0 ], [ 106.565232231000039, -5.655001196999933, 0.0 ], [ 106.565389275000086, -5.654863187999979, 0.0 ], [ 106.565674810000075, -5.654491991999976, 0.0 ], [ 106.565751626000065, -5.654401620999977, 0.0 ], [ 106.565706040000066, -5.654294168999968, 0.0 ], [ 106.566105789000062, -5.65398007999994, 0.0 ], [ 106.56609151300006, -5.653932490999978, 0.0 ], [ 106.566024888000072, -5.653880142999981, 0.0 ], [ 106.56596778100004, -5.653808758999958, 0.0 ], [ 106.565943986000036, -5.653746892999948, 0.0 ], [ 106.565901156000052, -5.65361840199995, 0.0 ], [ 106.565848808000055, -5.653551776999961, 0.0 ], [ 106.565796460000058, -5.653447080999968, 0.0 ], [ 106.565829772000086, -5.653356660999975, 0.0 ], [ 106.565882120000083, -5.653242446999968, 0.0 ], [ 106.565948745000071, -5.653118714999948, 0.0 ], [ 106.566062959000078, -5.652994982999928, 0.0 ], [ 106.566105789000062, -5.65299022399995, 0.0 ], [ 106.566101031000073, -5.65303305499998, 0.0 ], [ 106.566086754000082, -5.653132991999939, 0.0 ], [ 106.566058200000043, -5.653194857999949, 0.0 ], [ 106.566372289000071, -5.653699303999929, 0.0 ], [ 106.566459930000065, -5.653651348999972, 0.0 ], [ 106.566876735000051, -5.653423285999963, 0.0 ], [ 106.566982986000085, -5.653349157999969, 0.0 ], [ 106.567126282000061, -5.653602073999934, 0.0 ], [ 106.567247935000069, -5.653545726999937, 0.0 ], [ 106.567334470000048, -5.653510618999974, 0.0 ], [ 106.567440370000043, -5.653730564999933, 0.0 ], [ 106.567583138000089, -5.653663939999944, 0.0 ], [ 106.567512216000068, -5.653353233999951, 0.0 ], [ 106.56758982100007, -5.65333447699993, 0.0 ], [ 106.567673558000081, -5.653559242999961, 0.0 ], [ 106.567783013000053, -5.653602073999934, 0.0 ], [ 106.567825843000037, -5.653554484999972, 0.0 ], [ 106.567844879000063, -5.653497376999951, 0.0 ], [ 106.567954334000035, -5.653430752999952, 0.0 ], [ 106.567925780000053, -5.653297502999976, 0.0 ], [ 106.567825843000037, -5.653311779999967, 0.0 ], [ 106.56780275400007, -5.653246929999966, 0.0 ], [ 106.568025718000058, -5.653188047999947, 0.0 ], [ 106.568087584000068, -5.653368886999942, 0.0 ], [ 106.568368360000079, -5.653383162999944, 0.0 ], [ 106.56862058300004, -5.653311779999967, 0.0 ], [ 106.568834735000053, -5.653202323999949, 0.0 ], [ 106.568829976000075, -5.653126181999937, 0.0 ], [ 106.56894894900006, -5.653050038999936, 0.0 ], [ 106.569125029000077, -5.653002449999974, 0.0 ], [ 106.569239243000084, -5.652907270999947, 0.0 ], [ 106.569244002000062, -5.652802574999953, 0.0 ], [ 106.56937858100008, -5.652590195999949, 0.0 ], [ 106.569475110000042, -5.652517799999941, 0.0 ], [ 106.569538305000037, -5.652312416999962, 0.0 ], [ 106.569658028000049, -5.652293369999938, 0.0 ], [ 106.569667546000062, -5.652426619999972, 0.0 ], [ 106.569838867000044, -5.652417101999959, 0.0 ], [ 106.569843626000079, -5.652312405999965, 0.0 ], [ 106.56991976900008, -5.652312405999965, 0.0 ], [ 106.569929287000036, -5.652440896999963, 0.0 ], [ 106.570053019000056, -5.652450414999976, 0.0 ], [ 106.570305241000085, -5.652421860999937, 0.0 ], [ 106.570467045000044, -5.652445655999941, 0.0 ], [ 106.570652643000074, -5.652421860999937, 0.0 ], [ 106.570766857000081, -5.652383789999931, 0.0 ], [ 106.570768521000048, -5.652387245999932, 0.0 ], [ 106.570769533000032, -5.652385840999955, 0.0 ], [ 106.570845676000033, -5.652414394999937, 0.0 ], [ 106.570902783000065, -5.652595233999932, 0.0 ], [ 106.57092657700008, -5.652652340999964, 0.0 ], [ 106.571040792000076, -5.65269041199997, 0.0 ], [ 106.571058222000033, -5.652667534999978, 0.0 ], [ 106.571057151000048, -5.652640771999927, 0.0 ], [ 106.570976249000068, -5.652426619999972, 0.0 ], [ 106.571157089000053, -5.652312405999965, 0.0 ], [ 106.57141407000006, -5.652255298999933, 0.0 ], [ 106.571518767000043, -5.652283851999925, 0.0 ], [ 106.571585392000088, -5.652398066999979, 0.0 ], [ 106.571723400000053, -5.652417101999959, 0.0 ], [ 106.571851891000051, -5.652393307999944, 0.0 ], [ 106.571975623000071, -5.652298128999973, 0.0 ], [ 106.572051766000072, -5.652231503999928, 0.0 ], [ 106.572156462000066, -5.652231503999928, 0.0 ], [ 106.572394408000036, -5.652312405999965, 0.0 ], [ 106.57252765800007, -5.652402824999967, 0.0 ], [ 106.572656149000068, -5.652512280999929, 0.0 ], [ 106.572893331000046, -5.65262854599996, 0.0 ], [ 106.572972914000047, -5.65262854599996, 0.0 ], [ 106.573030021000079, -5.652509572999975, 0.0 ], [ 106.573091887000032, -5.652481019999925, 0.0 ], [ 106.573229896000043, -5.652519090999931, 0.0 ], [ 106.57317430900008, -5.652810918999933, 0.0 ], [ 106.573284327000067, -5.652864440999963, 0.0 ], [ 106.573279568000032, -5.652964377999979, 0.0 ], [ 106.57337474600007, -5.652997690999939, 0.0 ], [ 106.573384264000083, -5.652926306999973, 0.0 ], [ 106.573513931000036, -5.652931824999939, 0.0 ], [ 106.573507856000049, -5.652962276999972, 0.0 ], [ 106.573503237000068, -5.653050038999936, 0.0 ], [ 106.573555585000065, -5.653111904999946, 0.0 ], [ 106.573755460000086, -5.653116663999981, 0.0 ], [ 106.57392675300008, -5.653078734999951, 0.0 ], [ 106.574094267000078, -5.653040662999956, 0.0 ], [ 106.574280817000044, -5.65303304899993, 0.0 ], [ 106.574505438000074, -5.653044469999941, 0.0 ], [ 106.574832852000043, -5.653093962999947, 0.0 ], [ 106.575209758000085, -5.653200562999928, 0.0 ], [ 106.575449608000042, -5.653253862999975, 0.0 ], [ 106.575560015000065, -5.653284319999955, 0.0 ], [ 106.57561712200004, -5.653284319999955, 0.0 ], [ 106.575697714000057, -5.653203727999937, 0.0 ], [ 106.575708493000036, -5.653192948999958, 0.0 ], [ 106.575734053000076, -5.653113830999928, 0.0 ], [ 106.57577655700004, -5.65300868199995, 0.0 ], [ 106.57583842300005, -5.652718387999926, 0.0 ], [ 106.575876495000045, -5.65229960299996, 0.0 ], [ 106.575929494000036, -5.652053044999946, 0.0 ], [ 106.575965186000076, -5.651910276999956, 0.0 ], [ 106.576054416000034, -5.651844841999946, 0.0 ], [ 106.576203132000046, -5.651850789999969, 0.0 ], [ 106.576449945000036, -5.651923647999979, 0.0 ], [ 106.576514190000069, -5.651956960999939, 0.0 ], [ 106.576714065000033, -5.652052138999977, 0.0 ], [ 106.577089481000087, -5.652195811999945, 0.0 ], [ 106.577547528000082, -5.652290990999973, 0.0 ], [ 106.577815217000079, -5.652320733999943, 0.0 ], [ 106.578037045000087, -5.652280566999934, 0.0 ], [ 106.578098424000075, -5.651790494999943, 0.0 ], [ 106.57815553100005, -5.651485923999928, 0.0 ], [ 106.578165049000063, -5.651400262999971, 0.0 ], [ 106.578160290000085, -5.651328878999948, 0.0 ], [ 106.578150772000072, -5.651281289999929, 0.0 ], [ 106.578003245000048, -5.65126225399996, 0.0 ], [ 106.577831924000066, -5.651224182999954, 0.0 ], [ 106.577708192000046, -5.651176593999935, 0.0 ], [ 106.577593978000039, -5.651133762999962, 0.0 ], [ 106.577546389000076, -5.651043343999959, 0.0 ], [ 106.577541630000042, -5.65093388899993, 0.0 ], [ 106.577536871000063, -5.650857745999929, 0.0 ], [ 106.577536871000063, -5.650676906999934, 0.0 ], [ 106.577532112000085, -5.65057220999995, 0.0 ], [ 106.57752735300005, -5.650405647999946, 0.0 ], [ 106.577546389000076, -5.650253362999933, 0.0 ], [ 106.577574942000069, -5.65008679999994, 0.0 ], [ 106.577555907000033, -5.649977344999968, 0.0 ], [ 106.577570184000081, -5.649858371999926, 0.0 ], [ 106.577622532000078, -5.64984885399997, 0.0 ], [ 106.57767012100004, -5.649877407999952, 0.0 ], [ 106.577665362000062, -5.649986862999981, 0.0 ], [ 106.577655844000049, -5.65008679999994, 0.0 ], [ 106.577660603000083, -5.650196255999958, 0.0 ], [ 106.577665362000062, -5.650315228999943, 0.0 ], [ 106.57767012100004, -5.650496067999939, 0.0 ], [ 106.577641567000057, -5.650586486999941, 0.0 ], [ 106.577632050000034, -5.650714977999939, 0.0 ], [ 106.577641567000057, -5.650910093999926, 0.0 ], [ 106.577646326000036, -5.651029066999968, 0.0 ], [ 106.577789094000082, -5.651105209999969, 0.0 ], [ 106.578065111000058, -5.651124244999949, 0.0 ], [ 106.578236433000086, -5.651176593999935, 0.0 ], [ 106.578212638000082, -5.651490681999974, 0.0 ], [ 106.578531486000088, -5.65154303099996, 0.0 ], [ 106.578726602000074, -5.651600137999935, 0.0 ], [ 106.578836057000046, -5.651600137999935, 0.0 ], [ 106.578850334000037, -5.651347914999974, 0.0 ], [ 106.578869369000074, -5.651095691999956, 0.0 ], [ 106.578921717000071, -5.650833950999925, 0.0 ], [ 106.57894075300004, -5.650610281999946, 0.0 ], [ 106.578964548000044, -5.650396129999933, 0.0 ], [ 106.579012137000063, -5.650201014999936, 0.0 ], [ 106.579183458000045, -5.650224808999951, 0.0 ], [ 106.578988342000059, -5.651700074999951, 0.0 ], [ 106.57894075300004, -5.651909467999928, 0.0 ], [ 106.578864610000039, -5.65190470899995, 0.0 ], [ 106.578855093000072, -5.651857118999942, 0.0 ] ] ], [ [ [ 106.585473463000085, -5.635173346999977, 0.0 ], [ 106.585319987000048, -5.63522807399994, 0.0 ], [ 106.585105836000082, -5.635256627999979, 0.0 ], [ 106.584944033000056, -5.635361323999973, 0.0 ], [ 106.584734640000079, -5.635480296999958, 0.0 ], [ 106.584481221000033, -5.635589678999963, 0.0 ], [ 106.584371765000071, -5.635603955999954, 0.0 ], [ 106.584155499000076, -5.635656904999962, 0.0 ], [ 106.584019605000037, -5.635737205999931, 0.0 ], [ 106.583810213000049, -5.635822866999945, 0.0 ], [ 106.583610338000085, -5.63590852699997, 0.0 ], [ 106.583505642000034, -5.635965633999945, 0.0 ], [ 106.58330576700007, -5.635946598999965, 0.0 ], [ 106.583077339000056, -5.635937080999952, 0.0 ], [ 106.582915535000041, -5.636022740999977, 0.0 ], [ 106.582649036000078, -5.636098883999978, 0.0 ], [ 106.582325429000036, -5.636108401999934, 0.0 ], [ 106.582126668000058, -5.636012447999974, 0.0 ], [ 106.581863814000087, -5.635960874999967, 0.0 ], [ 106.581678216000057, -5.635946598999965, 0.0 ], [ 106.581497377000062, -5.635870455999964, 0.0 ], [ 106.581354609000073, -5.635832383999968, 0.0 ], [ 106.581053614000041, -5.63579795499993, 0.0 ], [ 106.580690746000073, -5.635762262999947, 0.0 ], [ 106.580488492000086, -5.635708724999972, 0.0 ], [ 106.580250546000059, -5.635708724999972, 0.0 ], [ 106.579970959000036, -5.635649238999974, 0.0 ], [ 106.579715167000074, -5.63562544399997, 0.0 ], [ 106.57948317000006, -5.635655186999941, 0.0 ], [ 106.579308272000048, -5.635708651999948, 0.0 ], [ 106.579127433000053, -5.63576575999997, 0.0 ], [ 106.579032255000072, -5.635746723999944, 0.0 ], [ 106.578900202000057, -5.63562544399997, 0.0 ], [ 106.578745537000088, -5.635601649999955, 0.0 ], [ 106.578525437000053, -5.635601649999955, 0.0 ], [ 106.578356488000054, -5.63564202799995, 0.0 ], [ 106.578237515000069, -5.63570389399996, 0.0 ], [ 106.577880596000057, -5.63578479499995, 0.0 ], [ 106.577728310000055, -5.635879973999977, 0.0 ], [ 106.57752843600008, -5.635965633999945, 0.0 ], [ 106.57688743600005, -5.636225022999952, 0.0 ], [ 106.576814597000066, -5.63625116999998, 0.0 ], [ 106.576181623000082, -5.636450664999927, 0.0 ], [ 106.575956808000058, -5.636422563999929, 0.0 ], [ 106.575683243000071, -5.636390764999931, 0.0 ], [ 106.575621377000061, -5.636309862999951, 0.0 ], [ 106.575521440000045, -5.636100469999974, 0.0 ], [ 106.57548336800005, -5.635971979999965, 0.0 ], [ 106.575426261000075, -5.635857764999969, 0.0 ], [ 106.57527873500004, -5.635434220999969, 0.0 ], [ 106.575264458000049, -5.63532476599994, 0.0 ], [ 106.575197833000061, -5.635143926999945, 0.0 ], [ 106.575226386000054, -5.634782248999954, 0.0 ], [ 106.575350118000074, -5.634601409999959, 0.0 ], [ 106.575545162000083, -5.634548737999978, 0.0 ], [ 106.575830697000072, -5.634405969999932, 0.0 ], [ 106.576011609000034, -5.634292079999966, 0.0 ], [ 106.576130582000076, -5.634277802999975, 0.0 ], [ 106.576615992000086, -5.634277802999975, 0.0 ], [ 106.576837816000079, -5.63425170599993, 0.0 ], [ 106.577008530000057, -5.634298894999972, 0.0 ], [ 106.577411639000047, -5.634221339999954, 0.0 ], [ 106.577716420000058, -5.634144229999947, 0.0 ], [ 106.57787703300005, -5.634025256999962, 0.0 ], [ 106.577954366000085, -5.634025256999962, 0.0 ], [ 106.577966263000064, -5.634120434999943, 0.0 ], [ 106.577865136000071, -5.634233458999972, 0.0 ], [ 106.577813593000087, -5.634352823999961, 0.0 ], [ 106.577829238000049, -5.634394071999964, 0.0 ], [ 106.577843794000046, -5.634411052999951, 0.0 ], [ 106.578055493000079, -5.634691505999967, 0.0 ], [ 106.578364823000072, -5.63486996499995, 0.0 ], [ 106.578650358000061, -5.634965143999977, 0.0 ], [ 106.578912099000036, -5.634953245999952, 0.0 ], [ 106.579235478000044, -5.634830072999932, 0.0 ], [ 106.579518934000077, -5.634744177999949, 0.0 ], [ 106.579699773000073, -5.634582373999933, 0.0 ], [ 106.579937719000043, -5.634430088999977, 0.0 ], [ 106.580005057000051, -5.634335814999929, 0.0 ], [ 106.580128076000051, -5.634277802999975, 0.0 ], [ 106.58041361100004, -5.634220695999943, 0.0 ], [ 106.580822879000038, -5.634239731999969, 0.0 ], [ 106.581077408000056, -5.634209664999958, 0.0 ], [ 106.581298771000036, -5.634144552999942, 0.0 ], [ 106.581441539000082, -5.634049374999961, 0.0 ], [ 106.58165093100007, -5.633982749999973, 0.0 ], [ 106.581986864000044, -5.634023061999926, 0.0 ], [ 106.582341735000057, -5.634153324999943, 0.0 ], [ 106.582630337000069, -5.63428352699998, 0.0 ], [ 106.582821152000065, -5.634410736999939, 0.0 ], [ 106.583107162000033, -5.634477677999939, 0.0 ], [ 106.583307036000065, -5.634487195999952, 0.0 ], [ 106.583725821000087, -5.634449123999957, 0.0 ], [ 106.584182678000047, -5.634525266999958, 0.0 ], [ 106.584582427000043, -5.634601409999959, 0.0 ], [ 106.584829891000084, -5.63469658799994, 0.0 ], [ 106.585029879000047, -5.634712212999943, 0.0 ], [ 106.585158184000079, -5.634786683999948, 0.0 ], [ 106.585360438000066, -5.634875913999963, 0.0 ], [ 106.585515103000034, -5.634965143999977, 0.0 ], [ 106.585544847000051, -5.635090064999929, 0.0 ], [ 106.585473463000085, -5.635173346999977, 0.0 ] ] ], [ [ [ 106.571317957000076, -5.627751806999925, 0.0 ], [ 106.57130410700006, -5.627704870999935, 0.0 ], [ 106.571309751000058, -5.627670519999981, 0.0 ], [ 106.571311308000077, -5.627609176999954, 0.0 ], [ 106.571378571000082, -5.627433486999962, 0.0 ], [ 106.571443923000061, -5.627333022999949, 0.0 ], [ 106.571562896000046, -5.627214049999964, 0.0 ], [ 106.57166759200004, -5.627199772999973, 0.0 ], [ 106.571738976000063, -5.627199772999973, 0.0 ], [ 106.571786565000082, -5.627166459999955, 0.0 ], [ 106.571886502000041, -5.627114111999958, 0.0 ], [ 106.572119690000079, -5.627037968999957, 0.0 ], [ 106.572333841000045, -5.626976102999947, 0.0 ], [ 106.572595582000076, -5.626928513999928, 0.0 ], [ 106.572733591000087, -5.62692375499995, 0.0 ], [ 106.572962019000045, -5.62696658599998, 0.0 ], [ 106.573161893000076, -5.626999897999951, 0.0 ], [ 106.573295143000053, -5.627099834999967, 0.0 ], [ 106.573342733000061, -5.627180736999946, 0.0 ], [ 106.57339032200008, -5.627309227999945, 0.0 ], [ 106.573376045000089, -5.627437718999943, 0.0 ], [ 106.573304661000066, -5.627523378999967, 0.0 ], [ 106.573290384000074, -5.627594762999934, 0.0 ], [ 106.573306005000063, -5.627627305999965, 0.0 ], [ 106.573301459000049, -5.627629383999931, 0.0 ], [ 106.573247207000065, -5.627695056999926, 0.0 ], [ 106.573190100000033, -5.627726465999956, 0.0 ], [ 106.573188541000036, -5.627730858999939, 0.0 ], [ 106.573186106000037, -5.627727883999967, 0.0 ], [ 106.573123822000071, -5.627747048999936, 0.0 ], [ 106.573074611000038, -5.627802971999927, 0.0 ], [ 106.572886359000051, -5.62791976099993, 0.0 ], [ 106.572533716000066, -5.628042101999938, 0.0 ], [ 106.572210168000083, -5.628148492999969, 0.0 ], [ 106.571986440000046, -5.628146797999932, 0.0 ], [ 106.571719940000037, -5.628103967999948, 0.0 ], [ 106.571534342000064, -5.628089690999957, 0.0 ], [ 106.571434405000048, -5.628018306999934, 0.0 ], [ 106.571396333000052, -5.627932646999966, 0.0 ], [ 106.571350695000035, -5.627905262999946, 0.0 ], [ 106.571317957000076, -5.627751806999925, 0.0 ] ] ], [ [ [ 106.585482505000073, -5.619295440999963, 0.0 ], [ 106.585507489000065, -5.619402516999969, 0.0 ], [ 106.585528904000057, -5.619448915999953, 0.0 ], [ 106.585536043000047, -5.619488177999926, 0.0 ], [ 106.585536043000047, -5.61955956099996, 0.0 ], [ 106.585493212000074, -5.619598822999933, 0.0 ], [ 106.585482505000073, -5.619666636999966, 0.0 ], [ 106.585450382000033, -5.619827250999947, 0.0 ], [ 106.585378998000067, -5.619930756999963, 0.0 ], [ 106.585364721000076, -5.619973587999937, 0.0 ], [ 106.585376327000063, -5.620031214999926, 0.0 ], [ 106.585299755000051, -5.62016347499997, 0.0 ], [ 106.585270111000057, -5.620183237999925, 0.0 ], [ 106.585050632000048, -5.620280537999975, 0.0 ], [ 106.584823139000036, -5.620446154999968, 0.0 ], [ 106.584672949000037, -5.620525062999945, 0.0 ], [ 106.584129781000058, -5.620755240999927, 0.0 ], [ 106.583933476000084, -5.620851608999942, 0.0 ], [ 106.583751447000054, -5.620922992999965, 0.0 ], [ 106.583533726000041, -5.620947976999958, 0.0 ], [ 106.583351697000069, -5.62097296099995, 0.0 ], [ 106.583201791000079, -5.620965822999949, 0.0 ], [ 106.582973363000065, -5.620951545999958, 0.0 ], [ 106.582644277000043, -5.62101056299997, 0.0 ], [ 106.582463438000048, -5.620982009999977, 0.0 ], [ 106.582158867000032, -5.621001044999957, 0.0 ], [ 106.581997063000074, -5.620924902999946, 0.0 ], [ 106.581787671000086, -5.620839241999931, 0.0 ], [ 106.581682975000035, -5.62074406399995, 0.0 ], [ 106.581568760000039, -5.62062033199993, 0.0 ], [ 106.581445028000076, -5.620420456999966, 0.0 ], [ 106.581445028000076, -5.620287206999933, 0.0 ], [ 106.581540207000046, -5.620087331999969, 0.0 ], [ 106.581692492000059, -5.619963599999949, 0.0 ], [ 106.58198754600005, -5.619763725999974, 0.0 ], [ 106.582108339000058, -5.619683196999972, 0.0 ], [ 106.581852637000054, -5.61940965499997, 0.0 ], [ 106.582148880000034, -5.619145534999973, 0.0 ], [ 106.582245248000049, -5.619213349999939, 0.0 ], [ 106.582313063000072, -5.619216918999939, 0.0 ], [ 106.582358741000064, -5.61917361899998, 0.0 ], [ 106.582558616000085, -5.619002297999941, 0.0 ], [ 106.582815598000082, -5.618840494999972, 0.0 ], [ 106.583024991000059, -5.618745315999945, 0.0 ], [ 106.583310526000048, -5.618631101999938, 0.0 ], [ 106.583441089000075, -5.618587580999929, 0.0 ], [ 106.583534168000085, -5.618582433999961, 0.0 ], [ 106.583776900000032, -5.618621583999925, 0.0 ], [ 106.583948971000041, -5.618627586999935, 0.0 ], [ 106.584033002000069, -5.618621692999966, 0.0 ], [ 106.584104797000066, -5.618652986999962, 0.0 ], [ 106.584140489000049, -5.618692247999945, 0.0 ], [ 106.584194026000034, -5.618706524999936, 0.0 ], [ 106.584279687000048, -5.618702954999947, 0.0 ], [ 106.584390332000055, -5.618670832999953, 0.0 ], [ 106.584540238000045, -5.618685108999955, 0.0 ], [ 106.584747251000067, -5.618752923999978, 0.0 ], [ 106.58496497200008, -5.618827876999944, 0.0 ], [ 106.585125585000071, -5.618917106999959, 0.0 ], [ 106.585271922000061, -5.619034889999966, 0.0 ], [ 106.585389706000058, -5.619159811999964, 0.0 ], [ 106.585482505000073, -5.619295440999963, 0.0 ] ] ], [ [ [ 106.571927191000043, -5.618748640999968, 0.0 ], [ 106.571873653000068, -5.618727225999976, 0.0 ], [ 106.571816546000036, -5.618691533999936, 0.0 ], [ 106.571809408000036, -5.618637995999961, 0.0 ], [ 106.571841531000075, -5.618580888999929, 0.0 ], [ 106.571905776000051, -5.618527350999955, 0.0 ], [ 106.572005713000067, -5.61847381299998, 0.0 ], [ 106.572491123000077, -5.618202554999925, 0.0 ], [ 106.572887304000062, -5.61799554199996, 0.0 ], [ 106.572940842000037, -5.617974126999968, 0.0 ], [ 106.572980103000077, -5.61798840299997, 0.0 ], [ 106.572990810000078, -5.618038371999944, 0.0 ], [ 106.572994379000079, -5.618124032999958, 0.0 ], [ 106.573037210000052, -5.618170431999943, 0.0 ], [ 106.573151424000059, -5.618231107999975, 0.0 ], [ 106.573247792000075, -5.618198985999925, 0.0 ], [ 106.573287053000058, -5.61828464599995, 0.0 ], [ 106.573279915000057, -5.618341752999925, 0.0 ], [ 106.573208531000034, -5.618405998999947, 0.0 ], [ 106.573058625000044, -5.61847381299998, 0.0 ], [ 106.572933703000047, -5.618545196999946, 0.0 ], [ 106.572801643000048, -5.618609442999968, 0.0 ], [ 106.57219131100004, -5.618823593999934, 0.0 ], [ 106.57208423600008, -5.618873562999966, 0.0 ], [ 106.572023559000058, -5.618880700999966, 0.0 ], [ 106.571980729000074, -5.618862854999975, 0.0 ], [ 106.571970021000084, -5.618798609999942, 0.0 ], [ 106.571927191000043, -5.618748640999968, 0.0 ] ] ], [ [ [ 106.580407028000081, -5.612031507999973, 0.0 ], [ 106.580222620000086, -5.612037456999929, 0.0 ], [ 106.579794317000051, -5.612073148999968, 0.0 ], [ 106.579449295000074, -5.61215642999997, 0.0 ], [ 106.579380886000081, -5.61215642999997, 0.0 ], [ 106.579163341000083, -5.612206808999929, 0.0 ], [ 106.578919893000034, -5.61228904799998, 0.0 ], [ 106.578854430000035, -5.612322991999974, 0.0 ], [ 106.578580792000082, -5.612441965999949, 0.0 ], [ 106.578319051000051, -5.612620424999932, 0.0 ], [ 106.577759878000052, -5.612989241999969, 0.0 ], [ 106.577498137000077, -5.613143906999937, 0.0 ], [ 106.577331575000073, -5.613322365999977, 0.0 ], [ 106.577176910000048, -5.613548414999968, 0.0 ], [ 106.57698655300004, -5.613726873999951, 0.0 ], [ 106.576736710000034, -5.613881538999976, 0.0 ], [ 106.576355996000075, -5.614119485999936, 0.0 ], [ 106.576022871000077, -5.61432173999998, 0.0 ], [ 106.575773028000071, -5.614488301999927, 0.0 ], [ 106.575463698000078, -5.614631069999973, 0.0 ], [ 106.575306541000089, -5.614656086999958, 0.0 ], [ 106.575192327000082, -5.614698916999942, 0.0 ], [ 106.574973417000081, -5.614798854999947, 0.0 ], [ 106.574830649000035, -5.614846443999966, 0.0 ], [ 106.574764024000046, -5.614822648999962, 0.0 ], [ 106.574673605000044, -5.61480837299996, 0.0 ], [ 106.574597462000042, -5.614832166999975, 0.0 ], [ 106.574502284000062, -5.614874997999948, 0.0 ], [ 106.574416735000057, -5.614916604999962, 0.0 ], [ 106.574190686000065, -5.614892809999958, 0.0 ], [ 106.573845665000078, -5.614785734999941, 0.0 ], [ 106.573445803000084, -5.614584702999935, 0.0 ], [ 106.573209278000036, -5.614500205999946, 0.0 ], [ 106.572911726000086, -5.614280098999927, 0.0 ], [ 106.57283439400004, -5.614178971999934, 0.0 ], [ 106.572774907000053, -5.613964820999968, 0.0 ], [ 106.572644037000089, -5.613762565999934, 0.0 ], [ 106.572667831000047, -5.613500825999949, 0.0 ], [ 106.57267827700008, -5.613403326999958, 0.0 ], [ 106.572746241000061, -5.613304552999978, 0.0 ], [ 106.572822384000062, -5.61327124099995, 0.0 ], [ 106.57285569700008, -5.613223651999931, 0.0 ], [ 106.572869973000081, -5.613090401999955, 0.0 ], [ 106.57285569700008, -5.61303329499998, 0.0 ], [ 106.572770036000065, -5.612957151999979, 0.0 ], [ 106.572712942000067, -5.612885133999953, 0.0 ], [ 106.572715421000055, -5.61281078199994, 0.0 ], [ 106.572817625000084, -5.612471741999968, 0.0 ], [ 106.573024751000048, -5.612150480999958, 0.0 ], [ 106.573131826000065, -5.611918483999943, 0.0 ], [ 106.57325079900005, -5.611621050999929, 0.0 ], [ 106.573398214000065, -5.611329600999966, 0.0 ], [ 106.573740107000049, -5.611120310999979, 0.0 ], [ 106.574012227000082, -5.611002391999932, 0.0 ], [ 106.574238276000074, -5.610954801999981, 0.0 ], [ 106.574595195000086, -5.610931007999966, 0.0 ], [ 106.574755808000077, -5.610931007999966, 0.0 ], [ 106.575047292000079, -5.610877469999934, 0.0 ], [ 106.575178163000032, -5.61082393199996, 0.0 ], [ 106.575499390000061, -5.610704958999975, 0.0 ], [ 106.575796823000076, -5.610669266999935, 0.0 ], [ 106.576332201000071, -5.610633574999952, 0.0 ], [ 106.576819991000036, -5.610574088999954, 0.0 ], [ 106.57740295900004, -5.610478909999927, 0.0 ], [ 106.577747981000073, -5.610478909999927, 0.0 ], [ 106.578283359000068, -5.610455115999969, 0.0 ], [ 106.578699765000067, -5.610383731999946, 0.0 ], [ 106.579116171000067, -5.61040752599996, 0.0 ], [ 106.579449295000074, -5.610371833999977, 0.0 ], [ 106.579818112000055, -5.610300450999944, 0.0 ], [ 106.580091750000065, -5.610240963999956, 0.0 ], [ 106.580579539000041, -5.610217168999952, 0.0 ], [ 106.581198199000085, -5.610229066999977, 0.0 ], [ 106.581567015000076, -5.610217168999952, 0.0 ], [ 106.582031010000037, -5.610169579999933, 0.0 ], [ 106.582316546000072, -5.610181477999959, 0.0 ], [ 106.582522102000041, -5.610199351999938, 0.0 ], [ 106.582849433000035, -5.610334985999941, 0.0 ], [ 106.582968406000077, -5.610458717999961, 0.0 ], [ 106.582968406000077, -5.61060148599995, 0.0 ], [ 106.582868468000072, -5.610791841999969, 0.0 ], [ 106.582689314000049, -5.610940420999952, 0.0 ], [ 106.58224505000004, -5.611224903999926, 0.0 ], [ 106.58206897000008, -5.611343876999968, 0.0 ], [ 106.58195962700006, -5.611490180999965, 0.0 ], [ 106.581781167000088, -5.611597256999971, 0.0 ], [ 106.581424248000076, -5.611728126999935, 0.0 ], [ 106.581351124000037, -5.611773393999954, 0.0 ], [ 106.581103492000068, -5.611879836999947, 0.0 ], [ 106.580644340000049, -5.611998049999954, 0.0 ], [ 106.580407028000081, -5.612031507999973, 0.0 ] ] ], [ [ [ 106.567268895000041, -5.591898131999926, 0.0 ], [ 106.567487806000088, -5.591783917999976, 0.0 ], [ 106.567592502000082, -5.591741087999935, 0.0 ], [ 106.56780189400007, -5.591593560999968, 0.0 ], [ 106.568068394000079, -5.591526936999969, 0.0 ], [ 106.568353929000068, -5.591431757999942, 0.0 ], [ 106.568687054000065, -5.591412721999973, 0.0 ], [ 106.569143910000037, -5.591422239999929, 0.0 ], [ 106.569400892000033, -5.591441275999955, 0.0 ], [ 106.569676910000055, -5.591488864999974, 0.0 ], [ 106.569952927000088, -5.591641150999976, 0.0 ], [ 106.570095695000077, -5.591812471999958, 0.0 ], [ 106.570176597000057, -5.591959998999926, 0.0 ], [ 106.570171321000032, -5.592179494999925, 0.0 ], [ 106.570031800000038, -5.592515955999943, 0.0 ], [ 106.56973888400006, -5.593018026999971, 0.0 ], [ 106.569657874000086, -5.593087862999937, 0.0 ], [ 106.569529383000088, -5.593230629999937, 0.0 ], [ 106.569419089000064, -5.593253588999971, 0.0 ], [ 106.569353653000064, -5.593289280999954, 0.0 ], [ 106.569306064000045, -5.593378510999969, 0.0 ], [ 106.569286678000083, -5.593492370999968, 0.0 ], [ 106.569172464000076, -5.593611343999953, 0.0 ], [ 106.568867893000061, -5.593811218999974, 0.0 ], [ 106.568582358000072, -5.59394446899995, 0.0 ], [ 106.568268269000043, -5.594030129999965, 0.0 ], [ 106.567925626000033, -5.593925432999981, 0.0 ], [ 106.567777260000071, -5.593788967999956, 0.0 ], [ 106.567634493000071, -5.593669994999971, 0.0 ], [ 106.567509571000073, -5.593574815999943, 0.0 ], [ 106.567356526000083, -5.593431095999961, 0.0 ], [ 106.567182395000088, -5.593182204999948, 0.0 ], [ 106.567008909000037, -5.593078851999962, 0.0 ], [ 106.566945288000056, -5.592887987999973, 0.0 ], [ 106.566859628000088, -5.59275473799994, 0.0 ], [ 106.566773967000074, -5.592526309999926, 0.0 ], [ 106.566888181000081, -5.59225029299995, 0.0 ], [ 106.567097574000059, -5.592059935999941, 0.0 ], [ 106.567268895000041, -5.591898131999926, 0.0 ] ] ], [ [ [ 106.592433235000044, -5.585632801999964, 0.0 ], [ 106.592383267000059, -5.585764861999962, 0.0 ], [ 106.592261914000062, -5.58603255099996, 0.0 ], [ 106.592251207000061, -5.586161041999958, 0.0 ], [ 106.592263392000064, -5.586270729999967, 0.0 ], [ 106.592235476000042, -5.586346101999936, 0.0 ], [ 106.592151269000055, -5.586460853999938, 0.0 ], [ 106.592037055000048, -5.586589344999936, 0.0 ], [ 106.591894288000049, -5.586799926999959, 0.0 ], [ 106.591752189000033, -5.587028708999981, 0.0 ], [ 106.591601263000086, -5.587135244999956, 0.0 ], [ 106.591399009000042, -5.587278011999956, 0.0 ], [ 106.591268139000078, -5.587325601999964, 0.0 ], [ 106.591211627000064, -5.587325601999964, 0.0 ], [ 106.59109961300004, -5.587361663999957, 0.0 ], [ 106.590969877000077, -5.587445956999943, 0.0 ], [ 106.590910105000034, -5.587512363999963, 0.0 ], [ 106.590756555000041, -5.587563547999935, 0.0 ], [ 106.590691120000088, -5.587563547999935, 0.0 ], [ 106.590579990000037, -5.587598696999976, 0.0 ], [ 106.590471019000063, -5.587682520999977, 0.0 ], [ 106.590209279000078, -5.587742006999974, 0.0 ], [ 106.590037460000076, -5.587801770999931, 0.0 ], [ 106.589918161000071, -5.58782698999994, 0.0 ], [ 106.589864257000045, -5.587795545999938, 0.0 ], [ 106.589813449000076, -5.587724347999938, 0.0 ], [ 106.589756342000044, -5.587702932999946, 0.0 ], [ 106.589552898000079, -5.587674378999964, 0.0 ], [ 106.589481514000056, -5.587660102999962, 0.0 ], [ 106.589467237000065, -5.587695794999945, 0.0 ], [ 106.589457803000073, -5.587746490999962, 0.0 ], [ 106.589396371000078, -5.587762872999974, 0.0 ], [ 106.589328262000038, -5.587767819999954, 0.0 ], [ 106.589296798000078, -5.587742979999973, 0.0 ], [ 106.58923524000005, -5.587638686999981, 0.0 ], [ 106.589149712000051, -5.587626859999943, 0.0 ], [ 106.589025078000077, -5.587604686999953, 0.0 ], [ 106.58893542800007, -5.587610133999931, 0.0 ], [ 106.588828352000064, -5.58760656499993, 0.0 ], [ 106.588728415000048, -5.58759585699994, 0.0 ], [ 106.588628477000043, -5.587624410999979, 0.0 ], [ 106.588514263000036, -5.587681517999954, 0.0 ], [ 106.588460725000061, -5.587535180999964, 0.0 ], [ 106.588539247000085, -5.587463796999941, 0.0 ], [ 106.588598139000055, -5.587405686999944, 0.0 ], [ 106.588724845000058, -5.587363859999925, 0.0 ], [ 106.588646323000034, -5.587267491999967, 0.0 ], [ 106.588360788000045, -5.587474504999932, 0.0 ], [ 106.588332234000063, -5.587438812999949, 0.0 ], [ 106.588524971000083, -5.587281767999968, 0.0 ], [ 106.588359256000047, -5.587126860999945, 0.0 ], [ 106.588203743000065, -5.587235368999927, 0.0 ], [ 106.588228728000047, -5.587263921999977, 0.0 ], [ 106.588132360000088, -5.587331736999943, 0.0 ], [ 106.588100237000049, -5.58729961399996, 0.0 ], [ 106.587943193000058, -5.587363859999925, 0.0 ], [ 106.587871809000035, -5.587271060999967, 0.0 ], [ 106.587953900000059, -5.587146138999969, 0.0 ], [ 106.588025284000082, -5.587081893999937, 0.0 ], [ 106.588078822000057, -5.587096169999938, 0.0 ], [ 106.588146636000033, -5.58715327699997, 0.0 ], [ 106.588214451000056, -5.587163984999961, 0.0 ], [ 106.588357219000045, -5.587042632999953, 0.0 ], [ 106.588314388000072, -5.586946263999948, 0.0 ], [ 106.58827100700006, -5.586841796999977, 0.0 ], [ 106.588243005000038, -5.586746389999973, 0.0 ], [ 106.588293813000064, -5.586659352999959, 0.0 ], [ 106.588421464000078, -5.586510822999969, 0.0 ], [ 106.58854365600007, -5.586314330999926, 0.0 ], [ 106.588609013000053, -5.586238653999942, 0.0 ], [ 106.588706999000067, -5.586232425999981, 0.0 ], [ 106.588814075000073, -5.586175318999949, 0.0 ], [ 106.588996104000046, -5.585975443999928, 0.0 ], [ 106.589114727000037, -5.585767054999963, 0.0 ], [ 106.589162316000056, -5.585624286999973, 0.0 ], [ 106.589233700000079, -5.585505313999931, 0.0 ], [ 106.589364570000043, -5.585433929999965, 0.0 ], [ 106.589460099000064, -5.58540080399996, 0.0 ], [ 106.589549329000079, -5.585315143999935, 0.0 ], [ 106.589602867000053, -5.585179514999936, 0.0 ], [ 106.589652835000038, -5.585054592999938, 0.0 ], [ 106.589858308000032, -5.584850961999962, 0.0 ], [ 106.589947538000047, -5.584791475999964, 0.0 ], [ 106.590114100000051, -5.584708193999973, 0.0 ], [ 106.590268765000076, -5.584636810999939, 0.0 ], [ 106.590482917000088, -5.584601118999956, 0.0 ], [ 106.590625684000088, -5.584529734999933, 0.0 ], [ 106.590768452000077, -5.584422658999927, 0.0 ], [ 106.590859222000063, -5.584397861999946, 0.0 ], [ 106.590962729000069, -5.584358600999963, 0.0 ], [ 106.591041251000036, -5.584308631999932, 0.0 ], [ 106.591101927000068, -5.584255093999957, 0.0 ], [ 106.591180449000035, -5.584233678999965, 0.0 ], [ 106.591298233000089, -5.584237247999965, 0.0 ], [ 106.591416016000039, -5.584230109999964, 0.0 ], [ 106.591562353000086, -5.584190848999981, 0.0 ], [ 106.591619460000061, -5.584176571999933, 0.0 ], [ 106.591687442000079, -5.584168670999929, 0.0 ], [ 106.592051204000086, -5.584159100999955, 0.0 ], [ 106.592211846000055, -5.584152674999928, 0.0 ], [ 106.592294037000045, -5.584201555999925, 0.0 ], [ 106.592333298000085, -5.58428721699994, 0.0 ], [ 106.592329729000085, -5.584408568999947, 0.0 ], [ 106.592351144000077, -5.584583459999976, 0.0 ], [ 106.592391332000034, -5.584660651999968, 0.0 ], [ 106.592408076000083, -5.584743979999928, 0.0 ], [ 106.592393974000061, -5.584815456999934, 0.0 ], [ 106.592436805000034, -5.584890409999957, 0.0 ], [ 106.592483204000075, -5.584936809999931, 0.0 ], [ 106.592465358000084, -5.584986777999973, 0.0 ], [ 106.592415389000053, -5.585040315999947, 0.0 ], [ 106.592418959000042, -5.585079576999931, 0.0 ], [ 106.592454651000082, -5.585179514999936, 0.0 ], [ 106.592451081000036, -5.585429357999942, 0.0 ], [ 106.592433235000044, -5.585632801999964, 0.0 ] ] ], [ [ [ 106.569447341000057, -5.583125505999931, 0.0 ], [ 106.569268882000074, -5.583189750999964, 0.0 ], [ 106.569134166000083, -5.583223429999975, 0.0 ], [ 106.569051398000056, -5.583202876999962, 0.0 ], [ 106.568997860000081, -5.583217153999954, 0.0 ], [ 106.568919338000057, -5.583263552999938, 0.0 ], [ 106.568751586000076, -5.58332779899996, 0.0 ], [ 106.568590972000038, -5.583338505999961, 0.0 ], [ 106.56845891200004, -5.58332779899996, 0.0 ], [ 106.568362544000081, -5.583331367999961, 0.0 ], [ 106.568276272000048, -5.583387315999971, 0.0 ], [ 106.568148156000063, -5.583411040999977, 0.0 ], [ 106.567991111000083, -5.583353933999945, 0.0 ], [ 106.567805513000053, -5.58329682699997, 0.0 ], [ 106.567669884000054, -5.583239719999938, 0.0 ], [ 106.567523784000059, -5.58314220099993, 0.0 ], [ 106.567413139000053, -5.583070816999964, 0.0 ], [ 106.567306063000046, -5.583006571999931, 0.0 ], [ 106.567238248000081, -5.582953033999956, 0.0 ], [ 106.56723467900008, -5.582906633999926, 0.0 ], [ 106.567288217000055, -5.582867372999942, 0.0 ], [ 106.567395293000061, -5.582820973999958, 0.0 ], [ 106.567466677000084, -5.582795988999976, 0.0 ], [ 106.567516645000069, -5.582760296999936, 0.0 ], [ 106.567520214000069, -5.582721035999953, 0.0 ], [ 106.567501037000056, -5.58266348099994, 0.0 ], [ 106.567545199000051, -5.582631806999927, 0.0 ], [ 106.567659413000058, -5.582585406999954, 0.0 ], [ 106.56792686600005, -5.582497327999931, 0.0 ], [ 106.568351836000033, -5.58235697899994, 0.0 ], [ 106.569176083000059, -5.582247484999925, 0.0 ], [ 106.569447341000057, -5.582218930999943, 0.0 ], [ 106.569611524000038, -5.582218930999943, 0.0 ], [ 106.570175456000072, -5.582097578999935, 0.0 ], [ 106.570361054000045, -5.582133270999975, 0.0 ], [ 106.570460992000051, -5.582122562999928, 0.0 ], [ 106.57054129900007, -5.582129700999928, 0.0 ], [ 106.570683663000068, -5.582190097999955, 0.0 ], [ 106.570689657000059, -5.582249902999934, 0.0 ], [ 106.570663122000042, -5.582323343999974, 0.0 ], [ 106.570546937000074, -5.582473628999935, 0.0 ], [ 106.570510960000036, -5.582504466999978, 0.0 ], [ 106.570403885000076, -5.582604403999937, 0.0 ], [ 106.570171763000076, -5.582776969999941, 0.0 ], [ 106.570082657000057, -5.582861385999934, 0.0 ], [ 106.569797122000068, -5.582989876999932, 0.0 ], [ 106.569563604000052, -5.583074955999962, 0.0 ], [ 106.569447341000057, -5.583125505999931, 0.0 ] ] ], [ [ [ 106.59598942100007, -5.581018064999967, 0.0 ], [ 106.595919146000085, -5.581018431999951, 0.0 ], [ 106.595812070000079, -5.581086246999973, 0.0 ], [ 106.595719271000064, -5.581132645999958, 0.0 ], [ 106.595576503000075, -5.58115763099994, 0.0 ], [ 106.595401613000035, -5.581114799999966, 0.0 ], [ 106.595133924000038, -5.581029139999941, 0.0 ], [ 106.594909065000081, -5.580964893999976, 0.0 ], [ 106.59457782000004, -5.580945919999976, 0.0 ], [ 106.594228046000069, -5.58092701299995, 0.0 ], [ 106.594016767000085, -5.580961324999976, 0.0 ], [ 106.593577400000072, -5.580977950999966, 0.0 ], [ 106.593483268000057, -5.581005405999974, 0.0 ], [ 106.59329223800006, -5.581085840999947, 0.0 ], [ 106.59324990600004, -5.581080209999925, 0.0 ], [ 106.593192283000064, -5.581018431999951, 0.0 ], [ 106.593103054000039, -5.580954186999975, 0.0 ], [ 106.592967424000051, -5.580911355999945, 0.0 ], [ 106.592715117000068, -5.580818671999964, 0.0 ], [ 106.59266047400007, -5.580747173999953, 0.0 ], [ 106.592635490000077, -5.580650804999948, 0.0 ], [ 106.592624782000087, -5.580486622999956, 0.0 ], [ 106.592631920000088, -5.580265332999943, 0.0 ], [ 106.592649766000079, -5.580122564999954, 0.0 ], [ 106.592649766000079, -5.58004404299993, 0.0 ], [ 106.592621213000086, -5.579983366999954, 0.0 ], [ 106.592617644000086, -5.579908413999931, 0.0 ], [ 106.592656905000069, -5.579833460999964, 0.0 ], [ 106.592724719000046, -5.579765645999942, 0.0 ], [ 106.592817518000061, -5.57974423099995, 0.0 ], [ 106.592906748000075, -5.579708538999967, 0.0 ], [ 106.593085208000048, -5.579583616999969, 0.0 ], [ 106.593306498000061, -5.57945155699997, 0.0 ], [ 106.593513511000083, -5.579337342999963, 0.0 ], [ 106.59374550800004, -5.579237405999947, 0.0 ], [ 106.593981075000045, -5.579151744999933, 0.0 ], [ 106.594188088000067, -5.579080360999967, 0.0 ], [ 106.59440221400007, -5.579026102999933, 0.0 ], [ 106.59461351200008, -5.579018555999937, 0.0 ], [ 106.595006123000076, -5.579030453999962, 0.0 ], [ 106.595255967000071, -5.579006658999958, 0.0 ], [ 106.595493913000041, -5.579101836999939, 0.0 ], [ 106.595767551000051, -5.579304091999973, 0.0 ], [ 106.596041189000061, -5.579482550999955, 0.0 ], [ 106.596314827000072, -5.579720496999926, 0.0 ], [ 106.59650518400008, -5.580089313999963, 0.0 ], [ 106.596528978000038, -5.580410540999935, 0.0 ], [ 106.596304618000033, -5.580661512999939, 0.0 ], [ 106.596129728000051, -5.580825695999977, 0.0 ], [ 106.596072621000076, -5.58086138799996, 0.0 ], [ 106.596079759000077, -5.580954186999975, 0.0 ], [ 106.596086898000067, -5.581036277999942, 0.0 ], [ 106.596069052000075, -5.581075538999926, 0.0 ], [ 106.596036929000036, -5.581046985999933, 0.0 ], [ 106.59598942100007, -5.581018064999967, 0.0 ] ] ], [ [ [ 106.580073473000084, -5.575477902999978, 0.0 ], [ 106.580193009000084, -5.575150858999962, 0.0 ], [ 106.580249662000085, -5.574893226999961, 0.0 ], [ 106.580261560000054, -5.574744510999949, 0.0 ], [ 106.580404327000053, -5.574506564999979, 0.0 ], [ 106.580453348000049, -5.574459994999927, 0.0 ], [ 106.580776320000041, -5.574295019999965, 0.0 ], [ 106.580941043000053, -5.574244480999937, 0.0 ], [ 106.581034884000076, -5.574256720999927, 0.0 ], [ 106.581213344000048, -5.574316207999971, 0.0 ], [ 106.581439393000039, -5.574470872999939, 0.0 ], [ 106.58150482800005, -5.574530359999926, 0.0 ], [ 106.581640065000045, -5.574744737999936, 0.0 ], [ 106.581850647000067, -5.574948181999957, 0.0 ], [ 106.581950584000083, -5.57501242799998, 0.0 ], [ 106.582061185000043, -5.575050762999979, 0.0 ], [ 106.582129437000049, -5.57511332699994, 0.0 ], [ 106.58216070800006, -5.575171058999956, 0.0 ], [ 106.582161167000038, -5.575255132999928, 0.0 ], [ 106.582164736000038, -5.575337223999952, 0.0 ], [ 106.582214705000069, -5.575504975999934, 0.0 ], [ 106.582250396000063, -5.575601343999949, 0.0 ], [ 106.582307504000084, -5.575687004999963, 0.0 ], [ 106.582318211000086, -5.575779803999978, 0.0 ], [ 106.582336057000077, -5.575840479999954, 0.0 ], [ 106.582303934000038, -5.575897586999929, 0.0 ], [ 106.582232551000061, -5.575997524999934, 0.0 ], [ 106.582168305000039, -5.576058200999967, 0.0 ], [ 106.582100490000073, -5.57609746199995, 0.0 ], [ 106.582050522000088, -5.576154568999925, 0.0 ], [ 106.581957723000073, -5.576233090999949, 0.0 ], [ 106.581889908000051, -5.57623665999995, 0.0 ], [ 106.581839939000076, -5.576261644999931, 0.0 ], [ 106.581825663000075, -5.576304474999972, 0.0 ], [ 106.581797109000036, -5.57639727399993, 0.0 ], [ 106.581761417000052, -5.576472226999954, 0.0 ], [ 106.581718587000069, -5.576500780999936, 0.0 ], [ 106.581661480000037, -5.576507918999937, 0.0 ], [ 106.581597234000071, -5.576547179999977, 0.0 ], [ 106.581543697000086, -5.576614994999943, 0.0 ], [ 106.581536558000039, -5.576661393999927, 0.0 ], [ 106.581504435000056, -5.576689947999967, 0.0 ], [ 106.581450898000071, -5.576707793999958, 0.0 ], [ 106.581379514000048, -5.57673277799995, 0.0 ], [ 106.581290284000033, -5.576800592999973, 0.0 ], [ 106.581218900000067, -5.57687197599995, 0.0 ], [ 106.581129670000053, -5.57691123799998, 0.0 ], [ 106.581058287000076, -5.576929082999925, 0.0 ], [ 106.580994041000054, -5.576964774999965, 0.0 ], [ 106.580933365000078, -5.577032589999931, 0.0 ], [ 106.580836997000063, -5.577103973999954, 0.0 ], [ 106.58080130500008, -5.577132526999947, 0.0 ], [ 106.580737059000057, -5.577128957999946, 0.0 ], [ 106.580608568000059, -5.577139665999937, 0.0 ], [ 106.580501493000043, -5.577157511999928, 0.0 ], [ 106.580451524000068, -5.577182495999978, 0.0 ], [ 106.580412263000085, -5.577225325999962, 0.0 ], [ 106.58032303300007, -5.577228895999951, 0.0 ], [ 106.580233803000056, -5.577182495999978, 0.0 ], [ 106.58009499700006, -5.577112073999956, 0.0 ], [ 106.579892743000073, -5.576778949999948, 0.0 ], [ 106.579809462000071, -5.576457722999976, 0.0 ], [ 106.579785667000067, -5.576088905999939, 0.0 ], [ 106.579940332000035, -5.575767678999966, 0.0 ], [ 106.580073473000084, -5.575477902999978, 0.0 ] ] ], [ [ [ 106.584043320000035, -5.57047509299997, 0.0 ], [ 106.584122266000065, -5.570271113999979, 0.0 ], [ 106.584175380000033, -5.570082481999975, 0.0 ], [ 106.584287398000072, -5.569897569999966, 0.0 ], [ 106.584424395000042, -5.56977349999994, 0.0 ], [ 106.584528726000087, -5.569718295999962, 0.0 ], [ 106.584601598000063, -5.569682603999979, 0.0 ], [ 106.584695552000085, -5.569594753999979, 0.0 ], [ 106.58487077400008, -5.569408965999969, 0.0 ], [ 106.584997013000077, -5.569307973999969, 0.0 ], [ 106.585085119000041, -5.56926343799995, 0.0 ], [ 106.585144509000088, -5.569258868999952, 0.0 ], [ 106.585263385000076, -5.569301889999963, 0.0 ], [ 106.585322871000074, -5.569349478999925, 0.0 ], [ 106.585361135000085, -5.569405135999943, 0.0 ], [ 106.585388906000048, -5.569472149999967, 0.0 ], [ 106.585417459000041, -5.569600640999965, 0.0 ], [ 106.585446274000049, -5.569803634999971, 0.0 ], [ 106.585485274000064, -5.57013601999995, 0.0 ], [ 106.585478135000074, -5.570221679999975, 0.0 ], [ 106.585431736000032, -5.570446538999931, 0.0 ], [ 106.58540318200005, -5.570821304999981, 0.0 ], [ 106.585381767000058, -5.570960502999981, 0.0 ], [ 106.585328229000083, -5.571046163999938, 0.0 ], [ 106.585214015000076, -5.571128254999962, 0.0 ], [ 106.585121216000061, -5.571231761999968, 0.0 ], [ 106.584999864000054, -5.571317421999936, 0.0 ], [ 106.584882080000057, -5.571374528999968, 0.0 ], [ 106.584807127000033, -5.57139594399996, 0.0 ], [ 106.584753589000059, -5.571417359999941, 0.0 ], [ 106.584717898000065, -5.571463758999926, 0.0 ], [ 106.584646514000042, -5.571595818999981, 0.0 ], [ 106.584518023000044, -5.571802831999946, 0.0 ], [ 106.58446805400007, -5.571774278999953, 0.0 ], [ 106.584507315000053, -5.571670771999948, 0.0 ], [ 106.584493038000062, -5.571624372999963, 0.0 ], [ 106.584396670000046, -5.571488742999975, 0.0 ], [ 106.584314579000079, -5.571424497999942, 0.0 ], [ 106.584203934000072, -5.57139951399995, 0.0 ], [ 106.584157534000042, -5.571381667999958, 0.0 ], [ 106.584121843000048, -5.571335267999928, 0.0 ], [ 106.584061757000086, -5.571300636999979, 0.0 ], [ 106.583966579000048, -5.571062690999952, 0.0 ], [ 106.58392286600008, -5.570861611999931, 0.0 ], [ 106.583971937000058, -5.570671397999945, 0.0 ], [ 106.584043320000035, -5.57047509299997, 0.0 ] ] ], [ [ [ 106.579083928000045, -5.539603541999952, 0.0 ], [ 106.57915055400008, -5.539627334999977, 0.0 ], [ 106.579131519000043, -5.539679683999964, 0.0 ], [ 106.579012546000058, -5.539698718999944, 0.0 ], [ 106.578893572000084, -5.539727272999926, 0.0 ], [ 106.57876032300004, -5.539822450999964, 0.0 ], [ 106.578650866000032, -5.539936664999971, 0.0 ], [ 106.578593759000057, -5.540046120999932, 0.0 ], [ 106.578555688000051, -5.540155575999961, 0.0 ], [ 106.578527135000058, -5.540198405999945, 0.0 ], [ 106.578470028000083, -5.540169852999952, 0.0 ], [ 106.578448478000041, -5.540080064999927, 0.0 ], [ 106.578441474000044, -5.540050879999967, 0.0 ], [ 106.57841767900004, -5.539936664999971, 0.0 ], [ 106.578408162000073, -5.539841486999933, 0.0 ], [ 106.578455751000035, -5.539708236999957, 0.0 ], [ 106.57854141100006, -5.539603541999952, 0.0 ], [ 106.57866514400007, -5.539536915999975, 0.0 ], [ 106.578712530000075, -5.539529625999933, 0.0 ], [ 106.578788875000043, -5.539517879999948, 0.0 ], [ 106.578869777000079, -5.539527397999962, 0.0 ], [ 106.578988750000065, -5.53957498699998, 0.0 ], [ 106.579083928000045, -5.539603541999952, 0.0 ] ] ], [ [ [ 106.579869666000036, -5.49301255499995, 0.0 ], [ 106.579393774000039, -5.493179117999944, 0.0 ], [ 106.579013060000079, -5.493655009999941, 0.0 ], [ 106.578441989000055, -5.494202285999961, 0.0 ], [ 106.577997246000052, -5.494519959999934, 0.0 ], [ 106.577295183000047, -5.494835088999935, 0.0 ], [ 106.576363829000059, -5.495092627999952, 0.0 ], [ 106.576319334000061, -5.495094867999967, 0.0 ], [ 106.576133912000046, -5.494559204999973, 0.0 ], [ 106.57606252800008, -5.494059517999972, 0.0 ], [ 106.576129002000073, -5.493644055999937, 0.0 ], [ 106.576180156000078, -5.493546526999978, 0.0 ], [ 106.57639135900007, -5.492846195999959, 0.0 ], [ 106.576457295000068, -5.492627566999943, 0.0 ], [ 106.576624842000058, -5.492396968999969, 0.0 ], [ 106.576813090000087, -5.492165745999955, 0.0 ], [ 106.576840424000068, -5.492132172999959, 0.0 ], [ 106.576850491000073, -5.492097749999971, 0.0 ], [ 106.577204555000037, -5.491966403999925, 0.0 ], [ 106.577581462000069, -5.491760818999978, 0.0 ], [ 106.577918393000061, -5.491640893999943, 0.0 ], [ 106.578209639000079, -5.491606628999932, 0.0 ], [ 106.578557992000071, -5.49160091899995, 0.0 ], [ 106.578723344000082, -5.491691393999929, 0.0 ], [ 106.578735039000037, -5.49168969699997, 0.0 ], [ 106.578831965000063, -5.491714480999974, 0.0 ], [ 106.579219333000083, -5.491844716999935, 0.0 ], [ 106.57942388400005, -5.491875917999948, 0.0 ], [ 106.57984057300007, -5.491848264999931, 0.0 ], [ 106.580255331000046, -5.491838323999957, 0.0 ], [ 106.580331895000086, -5.491978641999935, 0.0 ], [ 106.580338102000042, -5.492138660999956, 0.0 ], [ 106.580245665000064, -5.492567239999971, 0.0 ], [ 106.580123035000042, -5.492771042999948, 0.0 ], [ 106.579911675000062, -5.49299715199993, 0.0 ], [ 106.579904590000069, -5.492999749999967, 0.0 ], [ 106.579869666000036, -5.49301255499995, 0.0 ] ] ], [ [ [ 106.572316491000038, -5.457440136999935, 0.0 ], [ 106.572280216000081, -5.457520235999937, 0.0 ], [ 106.572148774000084, -5.457628671999942, 0.0 ], [ 106.571965678000083, -5.457691674999978, 0.0 ], [ 106.571790858000043, -5.457672038999931, 0.0 ], [ 106.571459659000084, -5.457661962999964, 0.0 ], [ 106.571208940000076, -5.457757688999948, 0.0 ], [ 106.571140795000076, -5.457830153999964, 0.0 ], [ 106.570704959000068, -5.458128356999964, 0.0 ], [ 106.570419424000079, -5.458328231999928, 0.0 ], [ 106.570114853000064, -5.458604249999951, 0.0 ], [ 106.569638961000067, -5.458823159999952, 0.0 ], [ 106.569505711000033, -5.458870748999971, 0.0 ], [ 106.569001265000054, -5.459184837999942, 0.0 ], [ 106.568363570000088, -5.459613140999977, 0.0 ], [ 106.567830570000069, -5.459870122999973, 0.0 ], [ 106.567345160000059, -5.45998433699998, 0.0 ], [ 106.566983482000069, -5.46009855099993, 0.0 ], [ 106.566831197000056, -5.460174693999932, 0.0 ], [ 106.566756977000068, -5.460178599999949, 0.0 ], [ 106.566729485000053, -5.460167725999952, 0.0 ], [ 106.566553016000057, -5.460031139999955, 0.0 ], [ 106.566517108000085, -5.459946265999974, 0.0 ], [ 106.566288680000071, -5.45937519499995, 0.0 ], [ 106.566179992000059, -5.45880584899993, 0.0 ], [ 106.56639668300005, -5.457799613999953, 0.0 ], [ 106.566277853000088, -5.457614945999978, 0.0 ], [ 106.566252550000058, -5.457497061999959, 0.0 ], [ 106.566336228000068, -5.457339528999967, 0.0 ], [ 106.56652923200005, -5.457119711999951, 0.0 ], [ 106.566680483000084, -5.457049431999963, 0.0 ], [ 106.567177516000072, -5.456846817999974, 0.0 ], [ 106.567452542000069, -5.45676690099998, 0.0 ], [ 106.567641181000056, -5.456648910999945, 0.0 ], [ 106.56794934800007, -5.456366096999943, 0.0 ], [ 106.568179093000083, -5.456203480999932, 0.0 ], [ 106.568411224000045, -5.456153499999971, 0.0 ], [ 106.568791789000045, -5.456054388999974, 0.0 ], [ 106.569198266000058, -5.455866134999951, 0.0 ], [ 106.569732507000083, -5.455630486999951, 0.0 ], [ 106.570105526000077, -5.455482145999952, 0.0 ], [ 106.570421687000078, -5.455372883999928, 0.0 ], [ 106.570771706000073, -5.455378190999966, 0.0 ], [ 106.571066637000058, -5.455464487999961, 0.0 ], [ 106.571697951000033, -5.455746511999962, 0.0 ], [ 106.572136512000043, -5.456017951999968, 0.0 ], [ 106.572298492000073, -5.456125050999958, 0.0 ], [ 106.572608545000037, -5.456321189999926, 0.0 ], [ 106.572624348000033, -5.456450338999957, 0.0 ], [ 106.572670576000064, -5.456535882999958, 0.0 ], [ 106.572969271000034, -5.456741558999965, 0.0 ], [ 106.572951171000057, -5.456795858999953, 0.0 ], [ 106.572855992000086, -5.456824412999936, 0.0 ], [ 106.572627564000072, -5.456795858999953, 0.0 ], [ 106.572380100000032, -5.456710198999929, 0.0 ], [ 106.57220877900005, -5.456662608999977, 0.0 ], [ 106.572094565000043, -5.456681644999946, 0.0 ], [ 106.572018422000042, -5.45678634099994, 0.0 ], [ 106.571999386000073, -5.45691007299996, 0.0 ], [ 106.571999386000073, -5.457043870999939, 0.0 ], [ 106.572028883000087, -5.45710649199998, 0.0 ], [ 106.572202892000064, -5.457275658999947, 0.0 ], [ 106.572316491000038, -5.457440136999935, 0.0 ] ] ], [ [ [ 106.837766, -6.344477000999984, 0.0 ], [ 106.83686, -6.345025, 0.0 ], [ 106.835652, -6.345938000999986, 0.0 ], [ 106.833961, -6.34703499899998, 0.0 ], [ 106.833237, -6.347764, 0.0 ], [ 106.832331, -6.348494, 0.0 ], [ 106.831668, -6.349284, 0.0 ], [ 106.830463, -6.350924000999971, 0.0 ], [ 106.82968, -6.35226, 0.0 ], [ 106.829137, -6.352685000999927, 0.0 ], [ 106.828352, -6.353355, 0.0 ], [ 106.827507, -6.354206, 0.0 ], [ 106.826904000000113, -6.354935, 0.0 ], [ 106.827148, -6.355479, 0.0 ], [ 106.827029999000061, -6.356206, 0.0 ], [ 106.827345, -6.356854000999903, 0.0 ], [ 106.827343890000094, -6.356854489999943, 0.0 ], [ 106.825734, -6.357564998999933, 0.0 ], [ 106.824376000000115, -6.358214, 0.0 ], [ 106.823018, -6.358935, 0.0 ], [ 106.820229, -6.36002, 0.0 ], [ 106.818802, -6.361314, 0.0 ], [ 106.81723, -6.36218, 0.0 ], [ 106.814583000000113, -6.362977, 0.0 ], [ 106.813438, -6.363196, 0.0 ], [ 106.810546056000049, -6.363848934000018, 0.0 ], [ 106.810218, -6.363923, 0.0 ], [ 106.807115335000063, -6.363508045999968, 0.0 ], [ 106.807115, -6.363508000999964, 0.0 ], [ 106.807077205000013, -6.36350639499992, 0.0 ], [ 106.805498757000066, -6.363439329999967, 0.0 ], [ 106.805491, -6.363439, 0.0 ], [ 106.805477115000045, -6.363441498999968, 0.0 ], [ 106.804274, -6.363658000999941, 0.0 ], [ 106.802699, -6.363591999999898, 0.0 ], [ 106.802680298000013, -6.363594808999952, 0.0 ], [ 106.797331, -6.364398, 0.0 ], [ 106.796473, -6.364616, 0.0 ], [ 106.794639, -6.364823, 0.0 ], [ 106.794638848000076, -6.364822909999958, 0.0 ], [ 106.794181, -6.364553, 0.0 ], [ 106.794162812000124, -6.364255842999935, 0.0 ], [ 106.793953, -6.360828, 0.0 ], [ 106.793003, -6.355387, 0.0 ], [ 106.792964961000052, -6.355078904999935, 0.0 ], [ 106.792640264000099, -6.35244900999994, 0.0 ], [ 106.792615325000071, -6.352247012999925, 0.0 ], [ 106.792561001000109, -6.351807, 0.0 ], [ 106.792437012000065, -6.348417341999959, 0.0 ], [ 106.792437, -6.34841700099993, 0.0 ], [ 106.792692, -6.348152, 0.0 ], [ 106.794610894000073, -6.346511655999933, 0.0 ], [ 106.795048, -6.346138, 0.0 ], [ 106.795903999000046, -6.345347, 0.0 ], [ 106.796762, -6.344771, 0.0 ], [ 106.797619, -6.344267, 0.0 ], [ 106.798907, -6.343797, 0.0 ], [ 106.798833, -6.343331, 0.0 ], [ 106.799684083000074, -6.342011178999975, 0.0 ], [ 106.799759, -6.341895, 0.0 ], [ 106.799755567000048, -6.340973239999894, 0.0 ], [ 106.799755, -6.340821, 0.0 ], [ 106.799528839000018, -6.339360841999977, 0.0 ], [ 106.799389001000094, -6.338458, 0.0 ], [ 106.799385000000115, -6.33724, 0.0 ], [ 106.799453, -6.336094, 0.0 ], [ 106.799807, -6.335161, 0.0 ], [ 106.799620000000104, -6.333308, 0.0 ], [ 106.799620763000078, -6.333307100999932, 0.0 ], [ 106.799871, -6.333012, 0.0 ], [ 106.800153, -6.331578000999951, 0.0 ], [ 106.800936, -6.330358001, 0.0 ], [ 106.801505000000105, -6.329281000999966, 0.0 ], [ 106.802004, -6.328563, 0.0 ], [ 106.802789000000118, -6.327699999999894, 0.0 ], [ 106.803572, -6.32648, 0.0 ], [ 106.804045432000066, -6.325643797999938, 0.0 ], [ 106.804141, -6.325475, 0.0 ], [ 106.804316380000017, -6.325121362999965, 0.0 ], [ 106.804506176000089, -6.32473866299992, 0.0 ], [ 106.804568, -6.324614, 0.0 ], [ 106.804837060000111, -6.324130952999909, 0.0 ], [ 106.805208, -6.323465, 0.0 ], [ 106.805706001000061, -6.322461, 0.0 ], [ 106.806133, -6.321743, 0.0 ], [ 106.80635168400002, -6.321585010999932, 0.0 ], [ 106.80685, -6.321225000999988, 0.0 ], [ 106.807029190000037, -6.321081813999953, 0.0 ], [ 106.807282896000061, -6.320879074999965, 0.0 ], [ 106.807283, -6.320879000999959, 0.0 ], [ 106.807559001000087, -6.319875, 0.0 ], [ 106.808272, -6.319085000999937, 0.0 ], [ 106.808914000000115, -6.318366, 0.0 ], [ 106.809484, -6.317720000999973, 0.0 ], [ 106.809774, -6.31701, 0.0 ], [ 106.809544001000106, -6.316093, 0.0 ], [ 106.80915853400009, -6.315101351999932, 0.0 ], [ 106.808975850000081, -6.314631381999948, 0.0 ], [ 106.808931000000101, -6.314516, 0.0 ], [ 106.808930869000079, -6.314516023999907, 0.0 ], [ 106.808929852000091, -6.314516206999922, 0.0 ], [ 106.804954000000109, -6.315235, 0.0 ], [ 106.804233, -6.315317, 0.0 ], [ 106.803274403000046, -6.31525639099997, 0.0 ], [ 106.803031, -6.315241, 0.0 ], [ 106.801171, -6.314863, 0.0 ], [ 106.800385, -6.314833, 0.0 ], [ 106.799488, -6.315029000999985, 0.0 ], [ 106.79863558000001, -6.315325449999911, 0.0 ], [ 106.798634, -6.315326, 0.0 ], [ 106.798633616000117, -6.315326005999957, 0.0 ], [ 106.798622695000105, -6.31532616999997, 0.0 ], [ 106.796036999000123, -6.315364999999897, 0.0 ], [ 106.791948409000042, -6.315559879999945, 0.0 ], [ 106.79179900100003, -6.315567, 0.0 ], [ 106.789685134000095, -6.315715299999926, 0.0 ], [ 106.7852559990001, -6.316025998999965, 0.0 ], [ 106.784259000000119, -6.316216000999965, 0.0 ], [ 106.783212218000102, -6.316544304999951, 0.0 ], [ 106.78321, -6.316545, 0.0 ], [ 106.783208917000096, -6.316544919, 0.0 ], [ 106.782897184000063, -6.316521593999937, 0.0 ], [ 106.780981832000037, -6.316378278999892, 0.0 ], [ 106.780644, -6.316353000999932, 0.0 ], [ 106.779904194000039, -6.316542160999951, 0.0 ], [ 106.779897, -6.316544, 0.0 ], [ 106.778463273000099, -6.315531640999918, 0.0 ], [ 106.777522, -6.314867, 0.0 ], [ 106.776697502000019, -6.314674077999928, 0.0 ], [ 106.775133087000071, -6.314308020999928, 0.0 ], [ 106.775133, -6.314308, 0.0 ], [ 106.775127, -6.314215, 0.0 ], [ 106.775108481000075, -6.314050849999965, 0.0 ], [ 106.775105, -6.314019998999989, 0.0 ], [ 106.775101, -6.313815, 0.0 ], [ 106.775143141000015, -6.313679214999947, 0.0 ], [ 106.775146001000081, -6.313669998999984, 0.0 ], [ 106.775146051000078, -6.313669904999887, 0.0 ], [ 106.775215106000104, -6.313540987999968, 0.0 ], [ 106.775483999000059, -6.313039000999911, 0.0 ], [ 106.775480404000035, -6.312959435999989, 0.0 ], [ 106.775476001000115, -6.312862, 0.0 ], [ 106.775437666000045, -6.312758744999904, 0.0 ], [ 106.775414035000054, -6.312695092999967, 0.0 ], [ 106.775414, -6.312695, 0.0 ], [ 106.775368648000025, -6.312658937, 0.0 ], [ 106.775331, -6.312629, 0.0 ], [ 106.775307825000056, -6.312624499999988, 0.0 ], [ 106.775227999000023, -6.312609000999949, 0.0 ], [ 106.775070018000093, -6.312633904999966, 0.0 ], [ 106.775025, -6.312641, 0.0 ], [ 106.774844, -6.312632, 0.0 ], [ 106.774843754000116, -6.312631753999966, 0.0 ], [ 106.774840291, -6.312628290999946, 0.0 ], [ 106.774791, -6.312579, 0.0 ], [ 106.774781684000047, -6.312530353999925, 0.0 ], [ 106.774773, -6.312485, 0.0 ], [ 106.774791810000082, -6.312346917999935, 0.0 ], [ 106.774816954000116, -6.31216234399994, 0.0 ], [ 106.774817001000116, -6.312162000999912, 0.0 ], [ 106.774700729000088, -6.311104899999933, 0.0 ], [ 106.77459836900006, -6.310174257999936, 0.0 ], [ 106.774512000000115, -6.309389, 0.0 ], [ 106.774323, -6.309015000999942, 0.0 ], [ 106.774287471, -6.308954049999961, 0.0 ], [ 106.773633999000111, -6.307833, 0.0 ], [ 106.773005, -6.306213, 0.0 ], [ 106.772314, -6.304594000999899, 0.0 ], [ 106.771784766000053, -6.303235082999905, 0.0 ], [ 106.77120048700003, -6.301734814999939, 0.0 ], [ 106.770616, -6.300234, 0.0 ], [ 106.770051, -6.299176, 0.0 ], [ 106.770298, -6.298426000999903, 0.0 ], [ 106.770295444000013, -6.29773584, 0.0 ], [ 106.770295, -6.297616, 0.0 ], [ 106.769918, -6.296557, 0.0 ], [ 106.769853197000103, -6.296419285999956, 0.0 ], [ 106.769469357000062, -6.295603571999965, 0.0 ], [ 106.769039, -6.294689, 0.0 ], [ 106.768287, -6.293444, 0.0 ], [ 106.768255521000071, -6.293392858999926, 0.0 ], [ 106.767899666000034, -6.292814723999964, 0.0 ], [ 106.767597000000123, -6.292323, 0.0 ], [ 106.76757143500005, -6.292280708999922, 0.0 ], [ 106.767033001000087, -6.29139, 0.0 ], [ 106.7670331, -6.291389696999918, 0.0 ], [ 106.767442001000092, -6.290142, 0.0 ], [ 106.767441933000086, -6.290141820999963, 0.0 ], [ 106.767088, -6.289207, 0.0 ], [ 106.767004865000075, -6.288676117999927, 0.0 ], [ 106.766960999000077, -6.288396, 0.0 ], [ 106.766639389000034, -6.287120905999945, 0.0 ], [ 106.766621, -6.287048, 0.0 ], [ 106.766434615000051, -6.286403206999982, 0.0 ], [ 106.766399, -6.28628, 0.0 ], [ 106.766295999000036, -6.28565, 0.0 ], [ 106.766227001000104, -6.284652012999949, 0.0 ], [ 106.766225000000119, -6.284651, 0.0 ], [ 106.766224576000084, -6.284650892999945, 0.0 ], [ 106.765264, -6.28441, 0.0 ], [ 106.764514000000119, -6.283914, 0.0 ], [ 106.76388900100001, -6.283417, 0.0 ], [ 106.763264, -6.282671, 0.0 ], [ 106.763075, -6.282297, 0.0 ], [ 106.762824, -6.281799000999968, 0.0 ], [ 106.761316448000059, -6.282366306000011, 0.0 ], [ 106.7601480000001, -6.282806, 0.0 ], [ 106.760019, -6.281746, 0.0 ], [ 106.760390999000037, -6.280934, 0.0 ], [ 106.760575, -6.280248, 0.0 ], [ 106.760386001000072, -6.279499998999906, 0.0 ], [ 106.75976000100006, -6.278878, 0.0 ], [ 106.758762, -6.278507, 0.0 ], [ 106.758324, -6.278072, 0.0 ], [ 106.758197215000067, -6.277983960999968, 0.0 ], [ 106.757699, -6.277638, 0.0 ], [ 106.757214130000094, -6.277852942999964, 0.0 ], [ 106.757214, -6.277853, 0.0 ], [ 106.756251001000066, -6.276471, 0.0 ], [ 106.75553, -6.275934, 0.0 ], [ 106.753683, -6.27486, 0.0 ], [ 106.753303361000079, -6.274482951999929, 0.0 ], [ 106.753097, -6.274278, 0.0 ], [ 106.752555, -6.273605, 0.0 ], [ 106.752013001000066, -6.272707, 0.0 ], [ 106.751472, -6.272169, 0.0 ], [ 106.751172335000049, -6.271816301999912, 0.0 ], [ 106.750780175000031, -6.271354736, 0.0 ], [ 106.750777056000032, -6.271351065999966, 0.0 ], [ 106.750777000000113, -6.271351, 0.0 ], [ 106.751895, -6.270013, 0.0 ], [ 106.752217999000067, -6.2697, 0.0 ], [ 106.752751, -6.269132, 0.0 ], [ 106.753068, -6.268864000999976, 0.0 ], [ 106.753335, -6.268646, 0.0 ], [ 106.753747, -6.26826899899995, 0.0 ], [ 106.754183000000111, -6.267853, 0.0 ], [ 106.754182844000098, -6.267852527999953, 0.0 ], [ 106.753927, -6.267077, 0.0 ], [ 106.753566, -6.266674, 0.0 ], [ 106.753490334000091, -6.266598753999954, 0.0 ], [ 106.753025, -6.266136000999946, 0.0 ], [ 106.752708999, -6.265777, 0.0 ], [ 106.752739074000019, -6.265552726999914, 0.0 ], [ 106.752884, -6.264472, 0.0 ], [ 106.752925095000037, -6.264354920999928, 0.0 ], [ 106.753374, -6.26307600099998, 0.0 ], [ 106.753871289000074, -6.262180720999979, 0.0 ], [ 106.754, -6.261949, 0.0 ], [ 106.754761, -6.261137, 0.0 ], [ 106.755297999000092, -6.26028, 0.0 ], [ 106.755385, -6.259334998999979, 0.0 ], [ 106.754754, -6.258798, 0.0 ], [ 106.753393546000069, -6.258595478999986, 0.0 ], [ 106.752684999000067, -6.258490000999963, 0.0 ], [ 106.752055, -6.258402, 0.0 ], [ 106.751783, -6.257773000999968, 0.0 ], [ 106.751823, -6.256288000999934, 0.0 ], [ 106.751776, -6.255569, 0.0 ], [ 106.751945780000099, -6.254171950999911, 0.0 ], [ 106.751951, -6.254129, 0.0 ], [ 106.751812250000071, -6.252891612999935, 0.0 ], [ 106.751719, -6.25206, 0.0 ], [ 106.751939, -6.250710001, 0.0 ], [ 106.752134908000116, -6.250028164999978, 0.0 ], [ 106.752143, -6.25, 0.0 ], [ 106.751096, -6.25, 0.0 ], [ 106.750415, -6.25, 0.0 ], [ 106.75, -6.25, 0.0 ], [ 106.749999995000039, -6.250105764999915, 0.0 ], [ 106.749119465000021, -6.250116253999984, 0.0 ], [ 106.748923529000066, -6.250342034999925, 0.0 ], [ 106.748783443000022, -6.250406800999954, 0.0 ], [ 106.748584814000097, -6.250434956999886, 0.0 ], [ 106.748404173000083, -6.250460560999962, 0.0 ], [ 106.74812039400004, -6.250405162999908, 0.0 ], [ 106.748102189000051, -6.250270185000019, 0.0 ], [ 106.748098525000017, -6.250243022999904, 0.0 ], [ 106.74809137000004, -6.250189966999955, 0.0 ], [ 106.748113931000049, -6.250000011999958, 0.0 ], [ 106.748114665000102, -6.250000010999958, 0.0 ], [ 106.748114997000044, -6.250000010999958, 0.0 ], [ 106.748114765000111, -6.249999192999979, 0.0 ], [ 106.747882453000074, -6.249180947999957, 0.0 ], [ 106.746809272000093, -6.245400956999926, 0.0 ], [ 106.746809001000074, -6.2454, 0.0 ], [ 106.746808938000072, -6.245399587, 0.0 ], [ 106.746608, -6.244078, 0.0 ], [ 106.746126, -6.242261, 0.0 ], [ 106.745901, -6.239447, 0.0 ], [ 106.74628300100008, -6.23728, 0.0 ], [ 106.74696190100012, -6.236370132999937, 0.0 ], [ 106.746962, -6.23637, 0.0 ], [ 106.746960598, -6.236370021999928, 0.0 ], [ 106.74557865500006, -6.236391856999958, 0.0 ], [ 106.743987, -6.236417000999907, 0.0 ], [ 106.743986896000081, -6.236415796999985, 0.0 ], [ 106.743897000000104, -6.235383000999974, 0.0 ], [ 106.743978, -6.233781, 0.0 ], [ 106.743757, -6.232482, 0.0 ], [ 106.743925001000022, -6.230923, 0.0 ], [ 106.74336, -6.230059, 0.0 ], [ 106.742666, -6.229715, 0.0 ], [ 106.741969, -6.228115, 0.0 ], [ 106.741447, -6.227424, 0.0 ], [ 106.740797, -6.226905999999889, 0.0 ], [ 106.740319999000079, -6.226605, 0.0 ], [ 106.739454, -6.226478, 0.0 ], [ 106.738545, -6.226481, 0.0 ], [ 106.737809, -6.22644, 0.0 ], [ 106.737376, -6.226311, 0.0 ], [ 106.736381, -6.226315, 0.0 ], [ 106.736379673000016, -6.225874274999967, 0.0 ], [ 106.736378001000048, -6.225319000999942, 0.0 ], [ 106.736117, -6.224843, 0.0 ], [ 106.735856, -6.224541000999963, 0.0 ], [ 106.734687, -6.224458, 0.0 ], [ 106.734164, -6.224615, 0.0 ], [ 106.734148870000084, -6.223984250999905, 0.0 ], [ 106.734148000000104, -6.223948, 0.0 ], [ 106.733084999000084, -6.223901, 0.0 ], [ 106.73157, -6.223906, 0.0 ], [ 106.731051, -6.223907, 0.0 ], [ 106.730186, -6.223953000999895, 0.0 ], [ 106.729537, -6.223956000999966, 0.0 ], [ 106.728585, -6.224001998999952, 0.0 ], [ 106.728238, -6.223917, 0.0 ], [ 106.727134927000094, -6.224329259999941, 0.0 ], [ 106.72705, -6.224361, 0.0 ], [ 106.727049769000061, -6.224360958999988, 0.0 ], [ 106.723954, -6.223801000999931, 0.0 ], [ 106.72218, -6.223806, 0.0 ], [ 106.721488, -6.223852, 0.0 ], [ 106.721012999, -6.224069999999895, 0.0 ], [ 106.72065799900011, -6.224224006999936, 0.0 ], [ 106.718806, -6.223947, 0.0 ], [ 106.717897, -6.224036999, 0.0 ], [ 106.71763550200005, -6.224037754999891, 0.0 ], [ 106.717205001000053, -6.224038999, 0.0 ], [ 106.717066001, -6.221312, 0.0 ], [ 106.716975001000023, -6.219883, 0.0 ], [ 106.718551061000042, -6.216502608999932, 0.0 ], [ 106.718921713000071, -6.215707618999968, 0.0 ], [ 106.718922001000095, -6.215707, 0.0 ], [ 106.719972073000022, -6.210722088999933, 0.0 ], [ 106.71997805500007, -6.210693687999893, 0.0 ], [ 106.720084897000035, -6.210186483999937, 0.0 ], [ 106.720085, -6.210186, 0.0 ], [ 106.720924170000018, -6.209256646999918, 0.0 ], [ 106.722160001000049, -6.207888000999919, 0.0 ], [ 106.724030783000018, -6.203443514999975, 0.0 ], [ 106.724031, -6.203443, 0.0 ], [ 106.724031048000043, -6.203442741999911, 0.0 ], [ 106.724721, -6.19974, 0.0 ], [ 106.725262001000019, -6.195299, 0.0 ], [ 106.724261031000069, -6.19211745299997, 0.0 ], [ 106.724259, -6.192111, 0.0 ], [ 106.724257345000026, -6.192111066999885, 0.0 ], [ 106.72323253100005, -6.192152631999949, 0.0 ], [ 106.719722001000022, -6.192295, 0.0 ], [ 106.719721971000112, -6.192294595999972, 0.0 ], [ 106.719659, -6.191422999999887, 0.0 ], [ 106.71888, -6.18775900099995, 0.0 ], [ 106.718879476000041, -6.187758699999925, 0.0 ], [ 106.717065155000029, -6.18671810899998, 0.0 ], [ 106.716001698000056, -6.186108164999961, 0.0 ], [ 106.714886174000029, -6.185468353999958, 0.0 ], [ 106.700422, -6.177171999999899, 0.0 ], [ 106.700202901000068, -6.177066422999957, 0.0 ], [ 106.697163338000024, -6.175601737999916, 0.0 ], [ 106.695721719000019, -6.174907049999902, 0.0 ], [ 106.694476931000054, -6.17430720499992, 0.0 ], [ 106.693165396000083, -6.173675190999941, 0.0 ], [ 106.693165, -6.173675, 0.0 ], [ 106.689442, -6.173136000999914, 0.0 ], [ 106.689974909000057, -6.160035253999975, 0.0 ], [ 106.689974981000063, -6.160033471, 0.0 ], [ 106.689975, -6.160033, 0.0 ], [ 106.68892, -6.159897999999899, 0.0 ], [ 106.687802417000071, -6.159982967999913, 0.0 ], [ 106.687801999000044, -6.159983, 0.0 ], [ 106.687801984000046, -6.159979394999972, 0.0 ], [ 106.687781, -6.155017000999987, 0.0 ], [ 106.687420357000079, -6.15412488199998, 0.0 ], [ 106.68742, -6.154123999, 0.0 ], [ 106.687420002000053, -6.154123586999962, 0.0 ], [ 106.687457, -6.147679, 0.0 ], [ 106.686956, -6.147513, 0.0 ], [ 106.686820001000058, -6.14739, 0.0 ], [ 106.686676, -6.147163, 0.0 ], [ 106.686671301000018, -6.147153108999916, 0.0 ], [ 106.686657, -6.147123, 0.0 ], [ 106.686644, -6.14702, 0.0 ], [ 106.686616, -6.146262, 0.0 ], [ 106.68646, -6.145384001, 0.0 ], [ 106.686288, -6.144161, 0.0 ], [ 106.686255326000051, -6.143931710999919, 0.0 ], [ 106.686231, -6.143761, 0.0 ], [ 106.686223145000056, -6.143487624999945, 0.0 ], [ 106.686211001000032, -6.143065035999975, 0.0 ], [ 106.686211, -6.143065, 0.0 ], [ 106.68636397200008, -6.143013116999942, 0.0 ], [ 106.687295999000099, -6.142696999999899, 0.0 ], [ 106.688362, -6.141644999999897, 0.0 ], [ 106.688922, -6.140861000999955, 0.0 ], [ 106.689185908000056, -6.140518699999966, 0.0 ], [ 106.689565, -6.140027, 0.0 ], [ 106.689895456000059, -6.139571251999911, 0.0 ], [ 106.69062, -6.138572000999922, 0.0 ], [ 106.690963999000104, -6.138102, 0.0 ], [ 106.691261, -6.137697, 0.0 ], [ 106.691267932000116, -6.137662344999974, 0.0 ], [ 106.691268, -6.137662000999946, 0.0 ], [ 106.691238354000063, -6.137574643999912, 0.0 ], [ 106.68957037300008, -6.132659709999945, 0.0 ], [ 106.688268001000054, -6.128822, 0.0 ], [ 106.687944, -6.125663, 0.0 ], [ 106.687876, -6.125004000999958, 0.0 ], [ 106.687877, -6.125003, 0.0 ], [ 106.687876570000086, -6.125001708999946, 0.0 ], [ 106.687876, -6.125, 0.0 ], [ 106.687877001000032, -6.125, 0.0 ], [ 106.687961, -6.124684, 0.0 ], [ 106.687961207000072, -6.124683723000015, 0.0 ], [ 106.687985, -6.124652000999966, 0.0 ], [ 106.688065326000071, -6.124294457999959, 0.0 ], [ 106.688067, -6.124287, 0.0 ], [ 106.688229, -6.123953998999944, 0.0 ], [ 106.688365944000068, -6.12368045399996, 0.0 ], [ 106.688628, -6.123157, 0.0 ], [ 106.688695, -6.123017000999955, 0.0 ], [ 106.688848237000101, -6.122697837999926, 0.0 ], [ 106.688851844000041, -6.122690328999926, 0.0 ], [ 106.688852001000058, -6.12269, 0.0 ], [ 106.68888490700003, -6.122630852999979, 0.0 ], [ 106.689167999000091, -6.122122, 0.0 ], [ 106.689235552000085, -6.121999916999911, 0.0 ], [ 106.689334, -6.121822, 0.0 ], [ 106.689353967000017, -6.121786673999942, 0.0 ], [ 106.689373, -6.121752999, 0.0 ], [ 106.689501000000107, -6.121583, 0.0 ], [ 106.689568614000024, -6.121513053999951, 0.0 ], [ 106.689617, -6.121463, 0.0 ], [ 106.689617274000042, -6.121462720999961, 0.0 ], [ 106.689672165000061, -6.121268921, 0.0 ], [ 106.6897, -6.121171, 0.0 ], [ 106.689721000000105, -6.120931998999925, 0.0 ], [ 106.689742, -6.119908000999931, 0.0 ], [ 106.689732566000089, -6.119783143999904, 0.0 ], [ 106.689725313000011, -6.119682615999935, 0.0 ], [ 106.689666618000047, -6.11929934700002, 0.0 ], [ 106.689641, -6.119131, 0.0 ], [ 106.689516001000101, -6.118769, 0.0 ], [ 106.689279803000019, -6.118482791999959, 0.0 ], [ 106.689124308000032, -6.11829399099997, 0.0 ], [ 106.689130269000074, -6.118282044999958, 0.0 ], [ 106.68915198900001, -6.118221251, 0.0 ], [ 106.689188999000052, -6.118119, 0.0 ], [ 106.689218, -6.117903, 0.0 ], [ 106.68917963800007, -6.116892613999926, 0.0 ], [ 106.689150388000058, -6.11611214600001, 0.0 ], [ 106.689119091000038, -6.115556145000014, 0.0 ], [ 106.689112885000057, -6.115393955999917, 0.0 ], [ 106.689093, -6.114867, 0.0 ], [ 106.689072, -6.114487000999926, 0.0 ], [ 106.6890715790001, -6.114485106999947, 0.0 ], [ 106.689070321000088, -6.114478, 0.0 ], [ 106.689046876000106, -6.114366153999963, 0.0 ], [ 106.689021, -6.114241, 0.0 ], [ 106.68924065800006, -6.114176177999965, 0.0 ], [ 106.689736298000042, -6.114030041999953, 0.0 ], [ 106.691063647000078, -6.113699416999953, 0.0 ], [ 106.691617029000042, -6.113555464999944, 0.0 ], [ 106.693286392000047, -6.113173989, 0.0 ], [ 106.693466270000016, -6.11312090199996, 0.0 ], [ 106.693561, -6.113093, 0.0 ], [ 106.693675128000066, -6.113064858999941, 0.0 ], [ 106.693675802000115, -6.113064692999927, 0.0 ], [ 106.694290875000036, -6.112913393999932, 0.0 ], [ 106.695136971000053, -6.112887143999981, 0.0 ], [ 106.695512331000103, -6.112934913999936, 0.0 ], [ 106.695560001000061, -6.112941, 0.0 ], [ 106.695674705000044, -6.112949799999924, 0.0 ], [ 106.695937943000061, -6.112970058, 0.0 ], [ 106.69595920600004, -6.112968140999932, 0.0 ], [ 106.696166001, -6.11295, 0.0 ], [ 106.696311498000057, -6.112905559, 0.0 ], [ 106.696405246, -6.112877227999959, 0.0 ], [ 106.696784053000087, -6.112647258999939, 0.0 ], [ 106.696944573000039, -6.112517365999938, 0.0 ], [ 106.696944597000041, -6.112517324999935, 0.0 ], [ 106.696945, -6.112517, 0.0 ], [ 106.697463001000031, -6.111637, 0.0 ], [ 106.697463017000032, -6.111636970999925, 0.0 ], [ 106.697881, -6.110894, 0.0 ], [ 106.697880817000055, -6.110893816999987, 0.0 ], [ 106.69763199900008, -6.110646, 0.0 ], [ 106.697419615000086, -6.11046757199998, 0.0 ], [ 106.697288098000044, -6.110356779999961, 0.0 ], [ 106.696832247000074, -6.10994301800001, 0.0 ], [ 106.696677000000108, -6.109802, 0.0 ], [ 106.695923, -6.108985, 0.0 ], [ 106.695451, -6.108553, 0.0 ], [ 106.6948659990001, -6.108073, 0.0 ], [ 106.694255719000054, -6.107623681999954, 0.0 ], [ 106.694065783000056, -6.107483748999922, 0.0 ], [ 106.693690830000037, -6.107194814, 0.0 ], [ 106.693419038000101, -6.107073724000013, 0.0 ], [ 106.693244844000077, -6.107038322999927, 0.0 ], [ 106.693244617000062, -6.107038276999923, 0.0 ], [ 106.693048, -6.106998, 0.0 ], [ 106.692664, -6.106929, 0.0 ], [ 106.692443534000034, -6.106932904999908, 0.0 ], [ 106.692042784000094, -6.106939552000014, 0.0 ], [ 106.690894310000019, -6.106920928999983, 0.0 ], [ 106.689995492000079, -6.106703980999974, 0.0 ], [ 106.689093, -6.106486, 0.0 ], [ 106.689011861000054, -6.106411521999934, 0.0 ], [ 106.688958915000015, -6.106362698999892, 0.0 ], [ 106.68892833600006, -6.106319721999977, 0.0 ], [ 106.688818, -6.106164, 0.0 ], [ 106.688618444, -6.105894560999971, 0.0 ], [ 106.688560882000033, -6.10581665599992, 0.0 ], [ 106.688533216000053, -6.105751784999971, 0.0 ], [ 106.688489, -6.105648, 0.0 ], [ 106.688423127000092, -6.105463819999947, 0.0 ], [ 106.688239090000053, -6.104949059999988, 0.0 ], [ 106.688178476000104, -6.104698854999981, 0.0 ], [ 106.688138846000115, -6.10429927799996, 0.0 ], [ 106.688138821000024, -6.104299024999939, 0.0 ], [ 106.688111, -6.104015, 0.0 ], [ 106.688085442000045, -6.103803605999893, 0.0 ], [ 106.688052416000062, -6.103526565999974, 0.0 ], [ 106.688024413000065, -6.103351194999941, 0.0 ], [ 106.68802403200003, -6.103351202999942, 0.0 ], [ 106.688024, -6.103351, 0.0 ], [ 106.688018162000077, -6.103351, 0.0 ], [ 106.688052574000082, -6.102809755, 0.0 ], [ 106.688073, -6.10249, 0.0 ], [ 106.688079416000079, -6.10232758299998, 0.0 ], [ 106.688108433000082, -6.101603935999968, 0.0 ], [ 106.688123479000083, -6.101339963999976, 0.0 ], [ 106.688142473000056, -6.10100675699994, 0.0 ], [ 106.688048475000102, -6.10081341899993, 0.0 ], [ 106.688048320000078, -6.100813102, 0.0 ], [ 106.687996999000106, -6.100708, 0.0 ], [ 106.687997020000097, -6.100707813999986, 0.0 ], [ 106.688027335000029, -6.100440738, 0.0 ], [ 106.688054869, -6.100197157000011, 0.0 ], [ 106.688014614000053, -6.099656925999987, 0.0 ], [ 106.687897514000042, -6.099201842999904, 0.0 ], [ 106.687601832, -6.098361364, 0.0 ], [ 106.68746599900004, -6.098005401999941, 0.0 ], [ 106.687275, -6.097506, 0.0 ], [ 106.687235, -6.09712, 0.0 ], [ 106.687535, -6.096856, 0.0 ], [ 106.688160780000061, -6.096748083, 0.0 ], [ 106.688398695000032, -6.096706915999974, 0.0 ], [ 106.68942385900003, -6.096541597999973, 0.0 ], [ 106.690541224000114, -6.096267914999977, 0.0 ], [ 106.690565683, -6.096260248999965, 0.0 ], [ 106.690904, -6.096154, 0.0 ], [ 106.690904184000033, -6.096154119999976, 0.0 ], [ 106.691152, -6.096316, 0.0 ], [ 106.691394, -6.096525, 0.0 ], [ 106.691592, -6.096742, 0.0 ], [ 106.691760316000085, -6.096848904, 0.0 ], [ 106.691760621000114, -6.096849096999925, 0.0 ], [ 106.691813535000051, -6.096882656999949, 0.0 ], [ 106.692737532000109, -6.096986654999938, 0.0 ], [ 106.693181932000115, -6.096922765999981, 0.0 ], [ 106.693266749000117, -6.096897466999931, 0.0 ], [ 106.693338, -6.096876, 0.0 ], [ 106.693724001000106, -6.096719, 0.0 ], [ 106.693762494000097, -6.096700238999954, 0.0 ], [ 106.693842634000063, -6.096660603999961, 0.0 ], [ 106.694013473000084, -6.096559579999951, 0.0 ], [ 106.694158999000038, -6.096473, 0.0 ], [ 106.694353, -6.096388, 0.0 ], [ 106.694889, -6.096222, 0.0 ], [ 106.694988279000086, -6.096216522999988, 0.0 ], [ 106.695033563000024, -6.096213798999941, 0.0 ], [ 106.695194346000093, -6.096217238999959, 0.0 ], [ 106.695528999000061, -6.096224, 0.0 ], [ 106.696038, -6.096222, 0.0 ], [ 106.696448, -6.096366, 0.0 ], [ 106.696656, -6.096419, 0.0 ], [ 106.696915, -6.09655300099994, 0.0 ], [ 106.697169, -6.096706000999987, 0.0 ], [ 106.697258058000045, -6.096761193999935, 0.0 ], [ 106.69757428200009, -6.096956641999942, 0.0 ], [ 106.697955853000053, -6.096887513999906, 0.0 ], [ 106.698361259000109, -6.096742626, 0.0 ], [ 106.698816744000041, -6.096590625999944, 0.0 ], [ 106.699310062000094, -6.096450548999901, 0.0 ], [ 106.699616743000064, -6.096378220999956, 0.0 ], [ 106.699997, -6.096288, 0.0 ], [ 106.699997184000011, -6.096288498, 0.0 ], [ 106.699997515000049, -6.096288419999986, 0.0 ], [ 106.700004054000047, -6.096307, 0.0 ], [ 106.700286, -6.096302, 0.0 ], [ 106.700593883000096, -6.096291004999934, 0.0 ], [ 106.70109339400004, -6.09616346099995, 0.0 ], [ 106.701339717000081, -6.096159374999967, 0.0 ], [ 106.701413000000102, -6.096158, 0.0 ], [ 106.701413067000018, -6.096158157999955, 0.0 ], [ 106.701413275000036, -6.096158153999955, 0.0 ], [ 106.701434738000032, -6.09620937899993, 0.0 ], [ 106.701479, -6.096314000999971, 0.0 ], [ 106.701841, -6.096584, 0.0 ], [ 106.702145, -6.096761, 0.0 ], [ 106.702550999000024, -6.09666, 0.0 ], [ 106.703076313000054, -6.096384769999965, 0.0 ], [ 106.703303117000075, -6.096265738999975, 0.0 ], [ 106.704211819000037, -6.095958508999956, 0.0 ], [ 106.704276714000073, -6.095937821999932, 0.0 ], [ 106.704251303000021, -6.095834687999925, 0.0 ], [ 106.704228, -6.095741, 0.0 ], [ 106.704201, -6.095607, 0.0 ], [ 106.704161348000042, -6.095406410999928, 0.0 ], [ 106.704161339000038, -6.095406361999924, 0.0 ], [ 106.70414992200007, -6.095349221999903, 0.0 ], [ 106.704105041000091, -6.095237302999969, 0.0 ], [ 106.70410511900009, -6.095237297999969, 0.0 ], [ 106.704105, -6.095237, 0.0 ], [ 106.705235999000053, -6.09514, 0.0 ], [ 106.705236059000057, -6.095140101, 0.0 ], [ 106.70524281200008, -6.095152651999982, 0.0 ], [ 106.705463526000045, -6.095236801999928, 0.0 ], [ 106.70553439400004, -6.095348666999946, 0.0 ], [ 106.705621877000084, -6.095576237999946, 0.0 ], [ 106.705633, -6.095605, 0.0 ], [ 106.705658902000039, -6.095722962, 0.0 ], [ 106.705707358000055, -6.095942399999956, 0.0 ], [ 106.705803388, -6.096060083999923, 0.0 ], [ 106.705936001000055, -6.096089, 0.0 ], [ 106.706369602000052, -6.096092218, 0.0 ], [ 106.706475280000092, -6.096092922999976, 0.0 ], [ 106.70665, -6.096046, 0.0 ], [ 106.706681291000081, -6.096020836999962, 0.0 ], [ 106.70679255900005, -6.095930654999961, 0.0 ], [ 106.706792365000041, -6.095918916999967, 0.0 ], [ 106.706792001000096, -6.095912, 0.0 ], [ 106.706792249000031, -6.095911917999921, 0.0 ], [ 106.706792247000024, -6.095911811999912, 0.0 ], [ 106.706991914000113, -6.095845695999948, 0.0 ], [ 106.707152432000072, -6.095787075999983, 0.0 ], [ 106.707316, -6.095727, 0.0 ], [ 106.707547, -6.09562900099996, 0.0 ], [ 106.70799, -6.095515000999942, 0.0 ], [ 106.708152, -6.095442998999935, 0.0 ], [ 106.708632999000102, -6.095297, 0.0 ], [ 106.708850978000015, -6.095244248999922, 0.0 ], [ 106.709132771000057, -6.095175844999947, 0.0 ], [ 106.709552273000043, -6.095124914999907, 0.0 ], [ 106.709891499000037, -6.095150676999907, 0.0 ], [ 106.709891869000074, -6.095150990000022, 0.0 ], [ 106.709892, -6.095151, 0.0 ], [ 106.710146, -6.095366, 0.0 ], [ 106.71057, -6.095585, 0.0 ], [ 106.710972, -6.095616, 0.0 ], [ 106.711009205000067, -6.095584813999945, 0.0 ], [ 106.711040000000125, -6.095559, 0.0 ], [ 106.711261999000016, -6.09531, 0.0 ], [ 106.711429, -6.09515, 0.0 ], [ 106.711533936000052, -6.095051409999954, 0.0 ], [ 106.711892, -6.094715, 0.0 ], [ 106.71207019900001, -6.094607896999939, 0.0 ], [ 106.712085, -6.094599000999914, 0.0 ], [ 106.712179492000075, -6.094538548999974, 0.0 ], [ 106.712407, -6.094392999000011, 0.0 ], [ 106.712619000000117, -6.094294999999896, 0.0 ], [ 106.713124, -6.094116998999912, 0.0 ], [ 106.713319265000067, -6.094080443999907, 0.0 ], [ 106.713562, -6.094035, 0.0 ], [ 106.713969, -6.093959000999984, 0.0 ], [ 106.714120535000106, -6.09389884299998, 0.0 ], [ 106.714367, -6.093801, 0.0 ], [ 106.714971999000028, -6.093577997, 0.0 ], [ 106.715025329000085, -6.093546944, 0.0 ], [ 106.715482, -6.093281, 0.0 ], [ 106.716425003000083, -6.092932955, 0.0 ], [ 106.716517, -6.092899000999942, 0.0 ], [ 106.716564409000071, -6.092871391999967, 0.0 ], [ 106.717027, -6.092602, 0.0 ], [ 106.717544798000091, -6.092386774999927, 0.0 ], [ 106.717768, -6.092294, 0.0 ], [ 106.718614000000102, -6.091853, 0.0 ], [ 106.719174, -6.091567, 0.0 ], [ 106.719802001000076, -6.091249, 0.0 ], [ 106.720480470000084, -6.090765018999946, 0.0 ], [ 106.720558951000086, -6.090709034999932, 0.0 ], [ 106.720559001000098, -6.090709001999929, 0.0 ], [ 106.721117, -6.090417, 0.0 ], [ 106.721167896000026, -6.090395268999906, 0.0 ], [ 106.721206, -6.090378999999892, 0.0 ], [ 106.721333000000101, -6.090324, 0.0 ], [ 106.721647, -6.090096000999925, 0.0 ], [ 106.721838999000042, -6.089914000999965, 0.0 ], [ 106.722214, -6.089492, 0.0 ], [ 106.722328451000038, -6.089406827999923, 0.0 ], [ 106.722386, -6.089364, 0.0 ], [ 106.722432169000086, -6.089327413000014, 0.0 ], [ 106.722598, -6.089196, 0.0 ], [ 106.722575, -6.089163, 0.0 ], [ 106.722611540000102, -6.089121500999941, 0.0 ], [ 106.722715, -6.089004000999989, 0.0 ], [ 106.722759851000021, -6.088971837, 0.0 ], [ 106.722867, -6.088895, 0.0 ], [ 106.72334, -6.088688, 0.0 ], [ 106.723744516000053, -6.088400218999947, 0.0 ], [ 106.723988, -6.088227, 0.0 ], [ 106.723988052000038, -6.088227072999921, 0.0 ], [ 106.72416600000011, -6.088479, 0.0 ], [ 106.724406, -6.088751, 0.0 ], [ 106.724569, -6.088929, 0.0 ], [ 106.724805, -6.089296999999895, 0.0 ], [ 106.72506300100008, -6.089679, 0.0 ], [ 106.725401, -6.090142, 0.0 ], [ 106.725675, -6.090402, 0.0 ], [ 106.725764, -6.090394, 0.0 ], [ 106.725866001000085, -6.09032900099993, 0.0 ], [ 106.726636, -6.089748, 0.0 ], [ 106.726784, -6.089808998999981, 0.0 ], [ 106.726864, -6.089883000999976, 0.0 ], [ 106.726856, -6.089986, 0.0 ], [ 106.726806999000047, -6.090146, 0.0 ], [ 106.726616, -6.090847, 0.0 ], [ 106.726722, -6.091341, 0.0 ], [ 106.727103, -6.091846, 0.0 ], [ 106.72832, -6.093176, 0.0 ], [ 106.728757000000101, -6.093592999999899, 0.0 ], [ 106.728831, -6.093653, 0.0 ], [ 106.729015, -6.093924, 0.0 ], [ 106.728987000000117, -6.094028, 0.0 ], [ 106.728945001000014, -6.094205, 0.0 ], [ 106.729014, -6.094284000999963, 0.0 ], [ 106.729963, -6.095123000999926, 0.0 ], [ 106.730164, -6.095288, 0.0 ], [ 106.731138999000095, -6.096080000999972, 0.0 ], [ 106.731555, -6.096369, 0.0 ], [ 106.731971, -6.096723000999972, 0.0 ], [ 106.732973, -6.097582999999897, 0.0 ], [ 106.733225, -6.097727, 0.0 ], [ 106.733646, -6.097858, 0.0 ], [ 106.733923, -6.09794, 0.0 ], [ 106.734249, -6.098121, 0.0 ], [ 106.734478, -6.098293, 0.0 ], [ 106.735033001000062, -6.098711, 0.0 ], [ 106.735046, -6.098742, 0.0 ], [ 106.735547, -6.098916, 0.0 ], [ 106.73598, -6.099093, 0.0 ], [ 106.736234, -6.09921, 0.0 ], [ 106.736458, -6.099491, 0.0 ], [ 106.736514001000032, -6.099547, 0.0 ], [ 106.736612, -6.099554000999909, 0.0 ], [ 106.736701, -6.099551, 0.0 ], [ 106.737483, -6.100009, 0.0 ], [ 106.738146, -6.100284, 0.0 ], [ 106.738375, -6.100411, 0.0 ], [ 106.738576000000108, -6.100543, 0.0 ], [ 106.738799, -6.100611, 0.0 ], [ 106.739190000000107, -6.100719, 0.0 ], [ 106.739708, -6.100987, 0.0 ], [ 106.739997, -6.101176, 0.0 ], [ 106.740151000000125, -6.101264000999908, 0.0 ], [ 106.740534999000019, -6.101323, 0.0 ], [ 106.741402, -6.101496, 0.0 ], [ 106.741776000000115, -6.101602, 0.0 ], [ 106.742415, -6.101747999999898, 0.0 ], [ 106.742783000000117, -6.101763, 0.0 ], [ 106.743685, -6.101737000999965, 0.0 ], [ 106.743994, -6.101654, 0.0 ], [ 106.744202000000115, -6.101602000999986, 0.0 ], [ 106.744598, -6.101575, 0.0 ], [ 106.74484100100004, -6.101577, 0.0 ], [ 106.745100999000059, -6.101611, 0.0 ], [ 106.745322, -6.101682, 0.0 ], [ 106.745478, -6.101747, 0.0 ], [ 106.745582, -6.101758, 0.0 ], [ 106.745695, -6.101723, 0.0 ], [ 106.746092999000069, -6.101394999, 0.0 ], [ 106.746305, -6.101237, 0.0 ], [ 106.746534, -6.101046999999895, 0.0 ], [ 106.746730000000113, -6.100904, 0.0 ], [ 106.746823, -6.100879, 0.0 ], [ 106.747183, -6.101029, 0.0 ], [ 106.747705, -6.1012, 0.0 ], [ 106.748202, -6.101378, 0.0 ], [ 106.748217001000043, -6.101385000999883, 0.0 ], [ 106.748232000000129, -6.101394999, 0.0 ], [ 106.7485590000001, -6.101601001, 0.0 ], [ 106.748671, -6.101745, 0.0 ], [ 106.748833, -6.101934000999922, 0.0 ], [ 106.748972, -6.102010000999904, 0.0 ], [ 106.749515, -6.102235, 0.0 ], [ 106.749682, -6.102392, 0.0 ], [ 106.749788, -6.102562, 0.0 ], [ 106.749861999000089, -6.102657000999969, 0.0 ], [ 106.749999, -6.102765, 0.0 ], [ 106.75026, -6.102969000999938, 0.0 ], [ 106.750317, -6.103003, 0.0 ], [ 106.750396000000123, -6.10305, 0.0 ], [ 106.750804, -6.103306, 0.0 ], [ 106.751018, -6.103329, 0.0 ], [ 106.7510580000001, -6.103333, 0.0 ], [ 106.751246999000017, -6.103327, 0.0 ], [ 106.751592, -6.103296999999898, 0.0 ], [ 106.752033001000129, -6.103268, 0.0 ], [ 106.752167, -6.103218, 0.0 ], [ 106.752292, -6.103233, 0.0 ], [ 106.752667, -6.103332, 0.0 ], [ 106.752796, -6.103335, 0.0 ], [ 106.752978, -6.10334199899998, 0.0 ], [ 106.753182, -6.103403, 0.0 ], [ 106.753850001, -6.10345, 0.0 ], [ 106.75412, -6.103488, 0.0 ], [ 106.754628, -6.103576, 0.0 ], [ 106.755692, -6.103765, 0.0 ], [ 106.755786, -6.103767, 0.0 ], [ 106.756274000000104, -6.103776, 0.0 ], [ 106.75730699900005, -6.103867998999892, 0.0 ], [ 106.758198, -6.103815, 0.0 ], [ 106.758702, -6.103804, 0.0 ], [ 106.759075, -6.103779, 0.0 ], [ 106.759595, -6.103783, 0.0 ], [ 106.761233, -6.103667, 0.0 ], [ 106.762265000000113, -6.103608, 0.0 ], [ 106.762724, -6.103591000999888, 0.0 ], [ 106.763114001000105, -6.103494, 0.0 ], [ 106.763199, -6.103473, 0.0 ], [ 106.76352300100011, -6.103434000999954, 0.0 ], [ 106.764122, -6.103422, 0.0 ], [ 106.764411, -6.103386, 0.0 ], [ 106.764518, -6.103337, 0.0 ], [ 106.764652, -6.103126, 0.0 ], [ 106.765055000000118, -6.10273799899992, 0.0 ], [ 106.765219000000101, -6.102653001, 0.0 ], [ 106.765252, -6.102644, 0.0 ], [ 106.76528, -6.102643, 0.0 ], [ 106.765502, -6.102609, 0.0 ], [ 106.765563, -6.1026, 0.0 ], [ 106.765770999000026, -6.102583998999968, 0.0 ], [ 106.766062, -6.102623, 0.0 ], [ 106.766234, -6.102705, 0.0 ], [ 106.766627, -6.102934, 0.0 ], [ 106.766705, -6.103014, 0.0 ], [ 106.766884000000104, -6.103142000999952, 0.0 ], [ 106.76693, -6.103166999999889, 0.0 ], [ 106.766957, -6.103164000999907, 0.0 ], [ 106.767008, -6.103158, 0.0 ], [ 106.76732055800008, -6.103216916999934, 0.0 ], [ 106.767321, -6.103217, 0.0 ], [ 106.76794793800012, -6.103214179999974, 0.0 ], [ 106.76796, -6.103214, 0.0 ], [ 106.768196, -6.103209999999894, 0.0 ], [ 106.768318, -6.103209999999894, 0.0 ], [ 106.768501, -6.103332, 0.0 ], [ 106.768707, -6.103463, 0.0 ], [ 106.768875, -6.103573, 0.0 ], [ 106.7694860000001, -6.103995, 0.0 ], [ 106.769921, -6.104238, 0.0 ], [ 106.770234, -6.104413, 0.0 ], [ 106.770355, -6.104475, 0.0 ], [ 106.770981, -6.1048, 0.0 ], [ 106.771256, -6.104857, 0.0 ], [ 106.771569, -6.104918, 0.0 ], [ 106.771638, -6.104879, 0.0 ], [ 106.771744, -6.10482, 0.0 ], [ 106.771828, -6.104858, 0.0 ], [ 106.772026, -6.104986, 0.0 ], [ 106.772491, -6.105206, 0.0 ], [ 106.772637, -6.105226, 0.0 ], [ 106.772728000000114, -6.105201, 0.0 ], [ 106.772934000000106, -6.105141, 0.0 ], [ 106.773510162, -6.105087356999974, 0.0 ], [ 106.773514, -6.105087, 0.0 ], [ 106.774048, -6.105162, 0.0 ], [ 106.774132000000108, -6.10518, 0.0 ], [ 106.774185, -6.10519, 0.0 ], [ 106.7743380000001, -6.105217, 0.0 ], [ 106.774392, -6.105265, 0.0 ], [ 106.774422, -6.105286, 0.0 ], [ 106.774689, -6.105394, 0.0 ], [ 106.774849000000103, -6.10543, 0.0 ], [ 106.775048, -6.105401, 0.0 ], [ 106.775246, -6.105304, 0.0 ], [ 106.775398, -6.105153, 0.0 ], [ 106.77542900000013, -6.105067, 0.0 ], [ 106.775581, -6.104562, 0.0 ], [ 106.775627, -6.104512, 0.0 ], [ 106.775727000000103, -6.10452, 0.0 ], [ 106.776024, -6.104539999999893, 0.0 ], [ 106.77607, -6.104495, 0.0 ], [ 106.776413, -6.103946, 0.0 ], [ 106.776436, -6.103903, 0.0 ], [ 106.776482, -6.103876, 0.0 ], [ 106.776512000000125, -6.103913, 0.0 ], [ 106.776436, -6.104164, 0.0 ], [ 106.775955, -6.105596, 0.0 ], [ 106.775704, -6.106348, 0.0 ], [ 106.775612, -6.106585999999893, 0.0 ], [ 106.775452, -6.106959, 0.0 ], [ 106.774948, -6.107014, 0.0 ], [ 106.774773, -6.107329, 0.0 ], [ 106.774704, -6.107489, 0.0 ], [ 106.774666, -6.107673, 0.0 ], [ 106.77491, -6.107816, 0.0 ], [ 106.774941, -6.107854, 0.0 ], [ 106.774765, -6.10843, 0.0 ], [ 106.774712, -6.108565, 0.0 ], [ 106.77475, -6.108639, 0.0 ], [ 106.77475, -6.108684, 0.0 ], [ 106.774712, -6.10878, 0.0 ], [ 106.774681, -6.108864, 0.0 ], [ 106.77462, -6.108952, 0.0 ], [ 106.774628, -6.109052, 0.0 ], [ 106.774597000000128, -6.109373, 0.0 ], [ 106.774521, -6.10967, 0.0 ], [ 106.774521, -6.109717, 0.0 ], [ 106.774552, -6.109738, 0.0 ], [ 106.774636, -6.109768, 0.0 ], [ 106.774696, -6.109753, 0.0 ], [ 106.774743, -6.109662, 0.0 ], [ 106.77491, -6.10921, 0.0 ], [ 106.775086, -6.108795, 0.0 ], [ 106.775124, -6.108754, 0.0 ], [ 106.775139000000124, -6.108676, 0.0 ], [ 106.7752, -6.10855, 0.0 ], [ 106.775322, -6.108456999999891, 0.0 ], [ 106.77549, -6.108354, 0.0 ], [ 106.775566, -6.108314, 0.0 ], [ 106.775604, -6.108251, 0.0 ], [ 106.775643, -6.108132, 0.0 ], [ 106.775727000000103, -6.108031, 0.0 ], [ 106.775917, -6.108002, 0.0 ], [ 106.776154, -6.107899, 0.0 ], [ 106.776421, -6.107929, 0.0 ], [ 106.776467, -6.107925, 0.0 ], [ 106.776467, -6.10777, 0.0 ], [ 106.775955, -6.107568, 0.0 ], [ 106.775971000000126, -6.10753, 0.0 ], [ 106.776467, -6.107689, 0.0 ], [ 106.776436, -6.107397, 0.0 ], [ 106.776459, -6.107294, 0.0 ], [ 106.776528, -6.107206, 0.0 ], [ 106.776558000000108, -6.107197, 0.0 ], [ 106.776734, -6.107103, 0.0 ], [ 106.776863, -6.106953, 0.0 ], [ 106.776879, -6.106916, 0.0 ], [ 106.776299, -6.106699, 0.0 ], [ 106.776345, -6.106576, 0.0 ], [ 106.776924000000108, -6.106796, 0.0 ], [ 106.77694, -6.106756, 0.0 ], [ 106.77705400000012, -6.106436, 0.0 ], [ 106.776474, -6.106233, 0.0 ], [ 106.776535, -6.106063, 0.0 ], [ 106.777741, -6.106581, 0.0 ], [ 106.778328, -6.104943, 0.0 ], [ 106.778397, -6.104954, 0.0 ], [ 106.777794, -6.106594, 0.0 ], [ 106.777848, -6.106604, 0.0 ], [ 106.779495, -6.107325, 0.0 ], [ 106.779879711000063, -6.107491297999925, 0.0 ], [ 106.780152, -6.107609, 0.0 ], [ 106.780449, -6.107725, 0.0 ], [ 106.780838, -6.107878, 0.0 ], [ 106.781631890000085, -6.108223401000014, 0.0 ], [ 106.782486, -6.108595, 0.0 ], [ 106.783249, -6.108622, 0.0 ], [ 106.784455, -6.108588, 0.0 ], [ 106.7845, -6.108595, 0.0 ], [ 106.784531, -6.109481, 0.0 ], [ 106.784531, -6.109657, 0.0 ], [ 106.784547, -6.109765, 0.0 ], [ 106.784897, -6.109765, 0.0 ], [ 106.784897, -6.109692, 0.0 ], [ 106.785004000000114, -6.109692, 0.0 ], [ 106.785004000000114, -6.109827, 0.0 ], [ 106.785156, -6.109827, 0.0 ], [ 106.785156, -6.109604, 0.0 ], [ 106.785004000000114, -6.109604, 0.0 ], [ 106.785004000000114, -6.109544, 0.0 ], [ 106.785210000000106, -6.109544, 0.0 ], [ 106.785210000000106, -6.109883, 0.0 ], [ 106.784897, -6.109884, 0.0 ], [ 106.784897, -6.109829, 0.0 ], [ 106.784556, -6.109829, 0.0 ], [ 106.784577, -6.110005, 0.0 ], [ 106.784897, -6.110426, 0.0 ], [ 106.785042, -6.110693, 0.0 ], [ 106.78508, -6.110889, 0.0 ], [ 106.78505, -6.111153, 0.0 ], [ 106.785027, -6.111246, 0.0 ], [ 106.785065000000102, -6.111245, 0.0 ], [ 106.785347, -6.111231, 0.0 ], [ 106.785652, -6.111216, 0.0 ], [ 106.785622, -6.110981, 0.0 ], [ 106.785607, -6.110679, 0.0 ], [ 106.785599, -6.110123999999885, 0.0 ], [ 106.785599, -6.109585, 0.0 ], [ 106.785607, -6.10818, 0.0 ], [ 106.785675000000126, -6.108148, 0.0 ], [ 106.786767, -6.108117, 0.0 ], [ 106.786888, -6.108122, 0.0 ], [ 106.786919000000111, -6.108907, 0.0 ], [ 106.787171, -6.1089, 0.0 ], [ 106.787201, -6.108206, 0.0 ], [ 106.787209, -6.108086, 0.0 ], [ 106.788376, -6.108055, 0.0 ], [ 106.789032, -6.10806, 0.0 ], [ 106.789856, -6.108051, 0.0 ], [ 106.790307050000038, -6.108045372999939, 0.0 ], [ 106.790370884000083, -6.107695238999924, 0.0 ], [ 106.790352, -6.107008, 0.0 ], [ 106.790375, -6.106895, 0.0 ], [ 106.790512, -6.106751, 0.0 ], [ 106.790688, -6.106659, 0.0 ], [ 106.790726, -6.106639, 0.0 ], [ 106.790901, -6.106555, 0.0 ], [ 106.791031, -6.106506, 0.0 ], [ 106.79242, -6.105907, 0.0 ], [ 106.792670862000051, -6.105811943999974, 0.0 ], [ 106.792766345000047, -6.105775763999912, 0.0 ], [ 106.792771, -6.105774, 0.0 ], [ 106.793541000000104, -6.105507, 0.0 ], [ 106.793747, -6.105404, 0.0 ], [ 106.793945, -6.105191, 0.0 ], [ 106.794044, -6.105036999999893, 0.0 ], [ 106.794144, -6.104481, 0.0 ], [ 106.794167000000115, -6.104059, 0.0 ], [ 106.793266, -6.104034, 0.0 ], [ 106.792816, -6.104009, 0.0 ], [ 106.792760467000093, -6.104008076999936, 0.0 ], [ 106.79266485800008, -6.104006487999893, 0.0 ], [ 106.791733, -6.103991, 0.0 ], [ 106.791535, -6.103979, 0.0 ], [ 106.79139, -6.103941, 0.0 ], [ 106.791115, -6.103707999999887, 0.0 ], [ 106.790947, -6.103587, 0.0 ], [ 106.790909, -6.103565, 0.0 ], [ 106.790688, -6.103483, 0.0 ], [ 106.790299, -6.10325, 0.0 ], [ 106.790199, -6.103192, 0.0 ], [ 106.790154, -6.10302, 0.0 ], [ 106.789864, -6.102139, 0.0 ], [ 106.78978, -6.101889, 0.0 ], [ 106.789773, -6.101662, 0.0 ], [ 106.789818, -6.101403, 0.0 ], [ 106.78994, -6.101032, 0.0 ], [ 106.790055, -6.100495, 0.0 ], [ 106.790085, -6.100424, 0.0 ], [ 106.790095, -6.099276, 0.0 ], [ 106.790322, -6.098206, 0.0 ], [ 106.790419, -6.097007, 0.0 ], [ 106.790581, -6.095549, 0.0 ], [ 106.790665808000057, -6.094633389999917, 0.0 ], [ 106.790743, -6.0938, 0.0 ], [ 106.791132, -6.093152, 0.0 ], [ 106.79165, -6.09299, 0.0 ], [ 106.792201, -6.092925, 0.0 ], [ 106.792627852000038, -6.092865966999963, 0.0 ], [ 106.793141, -6.092795, 0.0 ], [ 106.793692, -6.092763, 0.0 ], [ 106.794081000000105, -6.09273, 0.0 ], [ 106.794631, -6.093022, 0.0 ], [ 106.794761, -6.093119, 0.0 ], [ 106.794955, -6.093249, 0.0 ], [ 106.795182, -6.093443, 0.0 ], [ 106.795206280000045, -6.093462859999967, 0.0 ], [ 106.795539, -6.093735, 0.0 ], [ 106.796025, -6.093832, 0.0 ], [ 106.79677, -6.094286, 0.0 ], [ 106.797094, -6.095127999999896, 0.0 ], [ 106.796964, -6.096457, 0.0 ], [ 106.796673, -6.098044, 0.0 ], [ 106.796608, -6.09934, 0.0 ], [ 106.796471, -6.10056, 0.0 ], [ 106.796494, -6.100662, 0.0 ], [ 106.796586, -6.101077, 0.0 ], [ 106.796622811000091, -6.101217090999935, 0.0 ], [ 106.796761, -6.101743, 0.0 ], [ 106.796845, -6.102217, 0.0 ], [ 106.79686, -6.102601, 0.0 ], [ 106.796822, -6.102852, 0.0 ], [ 106.796677, -6.103363, 0.0 ], [ 106.796692, -6.103701, 0.0 ], [ 106.796715, -6.103935, 0.0 ], [ 106.796677, -6.104096, 0.0 ], [ 106.796631, -6.104105, 0.0 ], [ 106.796433, -6.104123, 0.0 ], [ 106.796402, -6.104189, 0.0 ], [ 106.796417000000119, -6.10427, 0.0 ], [ 106.796501, -6.104381, 0.0 ], [ 106.79657, -6.104398, 0.0 ], [ 106.796685, -6.104442, 0.0 ], [ 106.796738, -6.10457, 0.0 ], [ 106.796699, -6.104659, 0.0 ], [ 106.796639, -6.104665, 0.0 ], [ 106.796341, -6.104694, 0.0 ], [ 106.796173, -6.104796, 0.0 ], [ 106.796105, -6.104896, 0.0 ], [ 106.796028, -6.105077, 0.0 ], [ 106.795937, -6.105458, 0.0 ], [ 106.795891, -6.105956, 0.0 ], [ 106.795937, -6.106583, 0.0 ], [ 106.796066, -6.107803, 0.0 ], [ 106.79612, -6.108394, 0.0 ], [ 106.796219, -6.108943, 0.0 ], [ 106.796395, -6.108934, 0.0 ], [ 106.796761, -6.108914, 0.0 ], [ 106.796806, -6.108911, 0.0 ], [ 106.798104, -6.108761, 0.0 ], [ 106.798386, -6.1083, 0.0 ], [ 106.798485, -6.10824, 0.0 ], [ 106.798607, -6.108244, 0.0 ], [ 106.798691, -6.108318, 0.0 ], [ 106.798844000000116, -6.108442, 0.0 ], [ 106.799294000000131, -6.108671, 0.0 ], [ 106.799995, -6.108639, 0.0 ], [ 106.80027, -6.108564, 0.0 ], [ 106.800552, -6.108424, 0.0 ], [ 106.800598, -6.108305, 0.0 ], [ 106.800591, -6.108154, 0.0 ], [ 106.800507, -6.107659, 0.0 ], [ 106.800202, -6.105889, 0.0 ], [ 106.800064, -6.10514, 0.0 ], [ 106.799851, -6.10374, 0.0 ], [ 106.79953, -6.101966, 0.0 ], [ 106.799294000000131, -6.100622999999896, 0.0 ], [ 106.799164, -6.099912, 0.0 ], [ 106.799142, -6.099778, 0.0 ], [ 106.798859, -6.098003, 0.0 ], [ 106.798767, -6.097441, 0.0 ], [ 106.79866800000012, -6.09684, 0.0 ], [ 106.798699, -6.096831, 0.0 ], [ 106.799263, -6.096746, 0.0 ], [ 106.799263, -6.096692, 0.0 ], [ 106.79995, -6.096575, 0.0 ], [ 106.800247000000113, -6.096525, 0.0 ], [ 106.800476, -6.097818, 0.0 ], [ 106.801811, -6.097572, 0.0 ], [ 106.80185, -6.097741, 0.0 ], [ 106.800499, -6.097998, 0.0 ], [ 106.800843, -6.100029, 0.0 ], [ 106.801949, -6.099834999999889, 0.0 ], [ 106.802338000000105, -6.101955, 0.0 ], [ 106.802269, -6.101972, 0.0 ], [ 106.802315, -6.102319, 0.0 ], [ 106.802407, -6.102325, 0.0 ], [ 106.802864, -6.102255, 0.0 ], [ 106.803391, -6.10216, 0.0 ], [ 106.803368, -6.102072, 0.0 ], [ 106.803459, -6.102043, 0.0 ], [ 106.803475, -6.102145, 0.0 ], [ 106.803894, -6.102068, 0.0 ], [ 106.803871000000115, -6.101977, 0.0 ], [ 106.803978, -6.101957, 0.0 ], [ 106.803993, -6.10205, 0.0 ], [ 106.804138, -6.102023, 0.0 ], [ 106.804375, -6.101961, 0.0 ], [ 106.804375, -6.101715, 0.0 ], [ 106.80436, -6.10145, 0.0 ], [ 106.80426, -6.101472, 0.0 ], [ 106.803048, -6.094642, 0.0 ], [ 106.803040000000109, -6.094587999999892, 0.0 ], [ 106.803276, -6.094542, 0.0 ], [ 106.803322, -6.094535, 0.0 ], [ 106.803627, -6.094508, 0.0 ], [ 106.803673, -6.094559, 0.0 ], [ 106.803688, -6.09464, 0.0 ], [ 106.803787, -6.095127, 0.0 ], [ 106.803879, -6.095589, 0.0 ], [ 106.803948, -6.096051, 0.0 ], [ 106.804047000000111, -6.096613, 0.0 ], [ 106.804138, -6.097148, 0.0 ], [ 106.804398, -6.098547, 0.0 ], [ 106.804535, -6.099364, 0.0 ], [ 106.804581, -6.099584, 0.0 ], [ 106.804627, -6.099757, 0.0 ], [ 106.804749000000115, -6.100133, 0.0 ], [ 106.804955000000106, -6.101136, 0.0 ], [ 106.805168, -6.102219, 0.0 ], [ 106.805374000000128, -6.103425, 0.0 ], [ 106.805504, -6.104171, 0.0 ], [ 106.805741, -6.105546, 0.0 ], [ 106.806061, -6.10733, 0.0 ], [ 106.806076, -6.10744, 0.0 ], [ 106.806168, -6.107898, 0.0 ], [ 106.806221, -6.107883, 0.0 ], [ 106.80674, -6.11088, 0.0 ], [ 106.806694, -6.11089, 0.0 ], [ 106.806801, -6.111093, 0.0 ], [ 106.806831, -6.111163, 0.0 ], [ 106.80683900000011, -6.111686, 0.0 ], [ 106.806725, -6.111718, 0.0 ], [ 106.806709, -6.111795, 0.0 ], [ 106.80674, -6.112085, 0.0 ], [ 106.806756, -6.112501, 0.0 ], [ 106.806709, -6.112893, 0.0 ], [ 106.806831, -6.114086, 0.0 ], [ 106.806893, -6.114229, 0.0 ], [ 106.806694, -6.114225, 0.0 ], [ 106.806595, -6.114168, 0.0 ], [ 106.806534, -6.114075, 0.0 ], [ 106.806519, -6.11394, 0.0 ], [ 106.806481, -6.113742, 0.0 ], [ 106.806405, -6.113671, 0.0 ], [ 106.806297000000114, -6.113649, 0.0 ], [ 106.806214, -6.113691, 0.0 ], [ 106.806153, -6.113796, 0.0 ], [ 106.806122000000116, -6.113950999999897, 0.0 ], [ 106.806153, -6.114354, 0.0 ], [ 106.806214, -6.114385, 0.0 ], [ 106.806274, -6.114412, 0.0 ], [ 106.806855, -6.114571, 0.0 ], [ 106.807312, -6.11463, 0.0 ], [ 106.807404, -6.114688, 0.0 ], [ 106.807434, -6.114779, 0.0 ], [ 106.807526, -6.115304, 0.0 ], [ 106.807648, -6.116088, 0.0 ], [ 106.807729386000062, -6.116085858999966, 0.0 ], [ 106.807758926000105, -6.116085080999902, 0.0 ], [ 106.807797991000058, -6.116084994999895, 0.0 ], [ 106.807978, -6.11608, 0.0 ], [ 106.808282, -6.116325, 0.0 ], [ 106.80901, -6.116913000999926, 0.0 ], [ 106.809567001000048, -6.120226, 0.0 ], [ 106.811388, -6.120504998999944, 0.0 ], [ 106.811801, -6.122661000999898, 0.0 ], [ 106.812491, -6.122546, 0.0 ], [ 106.812279999000083, -6.121105, 0.0 ], [ 106.812556, -6.121055, 0.0 ], [ 106.812804, -6.122565, 0.0 ], [ 106.812848, -6.122831, 0.0 ], [ 106.812889, -6.122814, 0.0 ], [ 106.812917000000112, -6.122804, 0.0 ], [ 106.813078000000118, -6.122772, 0.0 ], [ 106.813048, -6.12259, 0.0 ], [ 106.812967, -6.122167, 0.0 ], [ 106.812704, -6.120611, 0.0 ], [ 106.812732999000076, -6.120591, 0.0 ], [ 106.81326, -6.120718, 0.0 ], [ 106.813478, -6.120753, 0.0 ], [ 106.813681, -6.120766, 0.0 ], [ 106.813811, -6.120734, 0.0 ], [ 106.814098999000038, -6.120278, 0.0 ], [ 106.814257, -6.119989, 0.0 ], [ 106.814461, -6.119644, 0.0 ], [ 106.814533, -6.119493, 0.0 ], [ 106.814919000000117, -6.119531, 0.0 ], [ 106.815177, -6.119586999000017, 0.0 ], [ 106.815332, -6.119633, 0.0 ], [ 106.815617, -6.119585, 0.0 ], [ 106.815744, -6.119563000999985, 0.0 ], [ 106.815966, -6.11958500099994, 0.0 ], [ 106.816226, -6.119623000999976, 0.0 ], [ 106.816501000000102, -6.119561, 0.0 ], [ 106.816692, -6.118636, 0.0 ], [ 106.816905, -6.117052, 0.0 ], [ 106.816973, -6.116498000999961, 0.0 ], [ 106.816998, -6.116296, 0.0 ], [ 106.817027, -6.116059, 0.0 ], [ 106.817077, -6.115660999999896, 0.0 ], [ 106.817196999000046, -6.114901, 0.0 ], [ 106.818185, -6.11498, 0.0 ], [ 106.818518, -6.115038000999952, 0.0 ], [ 106.818812, -6.115086, 0.0 ], [ 106.820416000000108, -6.115293, 0.0 ], [ 106.820633, -6.115336, 0.0 ], [ 106.82066300000011, -6.11538, 0.0 ], [ 106.820678, -6.115615, 0.0 ], [ 106.820707999000021, -6.116011, 0.0 ], [ 106.820681, -6.116284000999929, 0.0 ], [ 106.82067, -6.116395, 0.0 ], [ 106.820598, -6.116828, 0.0 ], [ 106.820584, -6.117147, 0.0 ], [ 106.820614, -6.117331, 0.0 ], [ 106.82068, -6.117508, 0.0 ], [ 106.820611, -6.117921000999928, 0.0 ], [ 106.820473, -6.11820499999989, 0.0 ], [ 106.820453999000051, -6.118507000999919, 0.0 ], [ 106.820478, -6.11874, 0.0 ], [ 106.820517, -6.118984, 0.0 ], [ 106.820573, -6.119224, 0.0 ], [ 106.820629999000047, -6.119312001, 0.0 ], [ 106.821366000000111, -6.119435, 0.0 ], [ 106.822287999000096, -6.11959, 0.0 ], [ 106.822311, -6.119675, 0.0 ], [ 106.822208, -6.120414, 0.0 ], [ 106.822182, -6.120641, 0.0 ], [ 106.822269, -6.120697998999926, 0.0 ], [ 106.822247999000069, -6.121084, 0.0 ], [ 106.822238, -6.121261000999969, 0.0 ], [ 106.822264, -6.121471, 0.0 ], [ 106.822293, -6.121906000999957, 0.0 ], [ 106.822304, -6.121979, 0.0 ], [ 106.82243800100008, -6.122057, 0.0 ], [ 106.822833, -6.122155, 0.0 ], [ 106.823147, -6.122206, 0.0 ], [ 106.824562001000047, -6.122445, 0.0 ], [ 106.824932001000022, -6.122532, 0.0 ], [ 106.825169, -6.122558, 0.0 ], [ 106.82526, -6.122538, 0.0 ], [ 106.825629, -6.122438, 0.0 ], [ 106.825838, -6.122408, 0.0 ], [ 106.826746001000089, -6.122243, 0.0 ], [ 106.827135, -6.122069, 0.0 ], [ 106.828247, -6.120985, 0.0 ], [ 106.828365000000119, -6.120892001, 0.0 ], [ 106.828847, -6.12086, 0.0 ], [ 106.8288790000001, -6.12086, 0.0 ], [ 106.828915999000046, -6.121038999999897, 0.0 ], [ 106.829159, -6.122820001, 0.0 ], [ 106.829221, -6.123381, 0.0 ], [ 106.829309, -6.124021000999981, 0.0 ], [ 106.829461999000017, -6.125000000999894, 0.0 ], [ 106.829913999000027, -6.125, 0.0 ], [ 106.829854999000119, -6.12459, 0.0 ], [ 106.829822, -6.124364, 0.0 ], [ 106.829791001000061, -6.124149, 0.0 ], [ 106.82976, -6.123934000999977, 0.0 ], [ 106.829729, -6.123725, 0.0 ], [ 106.829728, -6.123716, 0.0 ], [ 106.829699, -6.123512, 0.0 ], [ 106.82966, -6.123234, 0.0 ], [ 106.829623000000112, -6.122973000999956, 0.0 ], [ 106.829585999000059, -6.122708998999961, 0.0 ], [ 106.829548, -6.122438, 0.0 ], [ 106.829511, -6.12217, 0.0 ], [ 106.829481, -6.121959, 0.0 ], [ 106.829467, -6.121871999999897, 0.0 ], [ 106.829412, -6.121530000999932, 0.0 ], [ 106.829357, -6.12119, 0.0 ], [ 106.829356, -6.12118, 0.0 ], [ 106.829308, -6.120818, 0.0 ], [ 106.82926, -6.120458, 0.0 ], [ 106.829212, -6.120098, 0.0 ], [ 106.82916500100005, -6.119741000999969, 0.0 ], [ 106.829121, -6.119409, 0.0 ], [ 106.829119, -6.119392, 0.0 ], [ 106.829073999000073, -6.119021998999898, 0.0 ], [ 106.829031999000051, -6.118675, 0.0 ], [ 106.829011, -6.118502, 0.0 ], [ 106.829041, -6.118465, 0.0 ], [ 106.829096999000015, -6.118506, 0.0 ], [ 106.829328, -6.118727, 0.0 ], [ 106.829324, -6.118801, 0.0 ], [ 106.829249, -6.119192, 0.0 ], [ 106.829277, -6.119497, 0.0 ], [ 106.829344, -6.119981, 0.0 ], [ 106.829402999000109, -6.120139, 0.0 ], [ 106.829485, -6.120153, 0.0 ], [ 106.829914000000116, -6.120202, 0.0 ], [ 106.82996, -6.120299, 0.0 ], [ 106.830189, -6.120918, 0.0 ], [ 106.830293, -6.120943, 0.0 ], [ 106.830535999000062, -6.121005000999926, 0.0 ], [ 106.830558, -6.121133, 0.0 ], [ 106.830611001000051, -6.121683, 0.0 ], [ 106.830651999000068, -6.121724, 0.0 ], [ 106.830726, -6.121726000999985, 0.0 ], [ 106.832261, -6.121596, 0.0 ], [ 106.832834001000037, -6.121533000999914, 0.0 ], [ 106.834045, -6.121399000999929, 0.0 ], [ 106.834398999000129, -6.121369, 0.0 ], [ 106.834558, -6.121384, 0.0 ], [ 106.834929, -6.121409, 0.0 ], [ 106.835417, -6.121371, 0.0 ], [ 106.836118, -6.12134, 0.0 ], [ 106.836454, -6.121314, 0.0 ], [ 106.83651800100003, -6.121286999999899, 0.0 ], [ 106.836517, -6.121064, 0.0 ], [ 106.836631, -6.121064001000011, 0.0 ], [ 106.836634, -6.121126998999983, 0.0 ], [ 106.836579000000114, -6.121126000999901, 0.0 ], [ 106.836587, -6.12127, 0.0 ], [ 106.836791001000066, -6.121287999999893, 0.0 ], [ 106.837060001000026, -6.121326, 0.0 ], [ 106.837325000000106, -6.121338, 0.0 ], [ 106.837753, -6.121363, 0.0 ], [ 106.838059001, -6.121361, 0.0 ], [ 106.838318999000109, -6.121387, 0.0 ], [ 106.838507, -6.121360998999894, 0.0 ], [ 106.83858, -6.121319, 0.0 ], [ 106.838612, -6.121216, 0.0 ], [ 106.838610000000116, -6.121086, 0.0 ], [ 106.838609999000113, -6.120895, 0.0 ], [ 106.838628999, -6.120844, 0.0 ], [ 106.838837, -6.120857, 0.0 ], [ 106.839106000000115, -6.120885, 0.0 ], [ 106.839406001000071, -6.120841, 0.0 ], [ 106.839639, -6.120881, 0.0 ], [ 106.839931, -6.120909000999976, 0.0 ], [ 106.840433, -6.120890001, 0.0 ], [ 106.840438000000105, -6.120890001, 0.0 ], [ 106.841579, -6.1209, 0.0 ], [ 106.842121999000085, -6.120936, 0.0 ], [ 106.842545, -6.121038999999897, 0.0 ], [ 106.842645000000104, -6.121089, 0.0 ], [ 106.842874001000041, -6.121351, 0.0 ], [ 106.84299, -6.121526, 0.0 ], [ 106.843021999000115, -6.121652, 0.0 ], [ 106.842996999, -6.121897, 0.0 ], [ 106.842789, -6.122280999999898, 0.0 ], [ 106.842662, -6.122439, 0.0 ], [ 106.842467, -6.122593, 0.0 ], [ 106.842269, -6.122682, 0.0 ], [ 106.84201, -6.122735, 0.0 ], [ 106.841743, -6.122741, 0.0 ], [ 106.841457999000028, -6.122705000999897, 0.0 ], [ 106.841307, -6.122646, 0.0 ], [ 106.840882, -6.122414, 0.0 ], [ 106.840507, -6.122284, 0.0 ], [ 106.840264999000084, -6.122209, 0.0 ], [ 106.840085001000034, -6.122275, 0.0 ], [ 106.83998200000012, -6.122277998999916, 0.0 ], [ 106.839702999000039, -6.122251, 0.0 ], [ 106.839561001000021, -6.1225, 0.0 ], [ 106.839512, -6.122577, 0.0 ], [ 106.839376, -6.122621000999963, 0.0 ], [ 106.839322, -6.122635, 0.0 ], [ 106.839366001000045, -6.122878000999911, 0.0 ], [ 106.839464, -6.123087, 0.0 ], [ 106.839557, -6.123242, 0.0 ], [ 106.83966, -6.123424000999968, 0.0 ], [ 106.839796, -6.123577000999926, 0.0 ], [ 106.840029000000101, -6.123716, 0.0 ], [ 106.840182, -6.123782, 0.0 ], [ 106.840527, -6.123809, 0.0 ], [ 106.840828001000048, -6.123727, 0.0 ], [ 106.840913, -6.123723, 0.0 ], [ 106.84104, -6.123717, 0.0 ], [ 106.841159, -6.123706, 0.0 ], [ 106.841433, -6.123562, 0.0 ], [ 106.841502, -6.123546, 0.0 ], [ 106.841528, -6.12354, 0.0 ], [ 106.841534999, -6.123539000999891, 0.0 ], [ 106.841558999000128, -6.123533, 0.0 ], [ 106.84164800000012, -6.123513, 0.0 ], [ 106.841893, -6.12350500099992, 0.0 ], [ 106.842268, -6.123612, 0.0 ], [ 106.84248, -6.123641000999982, 0.0 ], [ 106.843035999000037, -6.123591, 0.0 ], [ 106.843263001000082, -6.123537999999897, 0.0 ], [ 106.843343001000036, -6.123496, 0.0 ], [ 106.843358000000123, -6.12344, 0.0 ], [ 106.843298, -6.123105, 0.0 ], [ 106.843158, -6.12301, 0.0 ], [ 106.843110000000124, -6.122964999, 0.0 ], [ 106.842975, -6.122986, 0.0 ], [ 106.842982, -6.123051000999926, 0.0 ], [ 106.842937000000106, -6.123058, 0.0 ], [ 106.842912, -6.122944, 0.0 ], [ 106.843107, -6.122935, 0.0 ], [ 106.843150999000045, -6.122685001000018, 0.0 ], [ 106.843566, -6.121506, 0.0 ], [ 106.843631, -6.12135, 0.0 ], [ 106.843688, -6.121213, 0.0 ], [ 106.843769000000108, -6.121099, 0.0 ], [ 106.843931999000091, -6.121006, 0.0 ], [ 106.844232, -6.120912, 0.0 ], [ 106.844258, -6.12088, 0.0 ], [ 106.844251, -6.120801, 0.0 ], [ 106.844744, -6.120681, 0.0 ], [ 106.84489, -6.120623, 0.0 ], [ 106.844917, -6.120606, 0.0 ], [ 106.845547001000057, -6.12043, 0.0 ], [ 106.84565, -6.120410999999894, 0.0 ], [ 106.846041, -6.120338, 0.0 ], [ 106.846332, -6.120244, 0.0 ], [ 106.846517000000105, -6.120175, 0.0 ], [ 106.846626, -6.120135, 0.0 ], [ 106.846793001000023, -6.120102, 0.0 ], [ 106.846856999000082, -6.120145, 0.0 ], [ 106.84699000100008, -6.12023299899991, 0.0 ], [ 106.847105, -6.120273, 0.0 ], [ 106.847753, -6.120258, 0.0 ], [ 106.848363999000071, -6.120186001000018, 0.0 ], [ 106.848564, -6.120139, 0.0 ], [ 106.848650000000106, -6.120053, 0.0 ], [ 106.848674, -6.119915000999978, 0.0 ], [ 106.848684, -6.119912000999907, 0.0 ], [ 106.848797, -6.119879, 0.0 ], [ 106.849029000000115, -6.119865, 0.0 ], [ 106.849255999000064, -6.11983, 0.0 ], [ 106.849149, -6.119233000999948, 0.0 ], [ 106.849011, -6.119265000999931, 0.0 ], [ 106.849000001000022, -6.119231, 0.0 ], [ 106.849137999000078, -6.119195998999906, 0.0 ], [ 106.84911700100011, -6.118937000999971, 0.0 ], [ 106.84903100000011, -6.118946, 0.0 ], [ 106.849023, -6.118901, 0.0 ], [ 106.849113, -6.118885, 0.0 ], [ 106.849089, -6.11865299899992, 0.0 ], [ 106.849004999000087, -6.118667, 0.0 ], [ 106.848991, -6.118619, 0.0 ], [ 106.849290001000043, -6.118579, 0.0 ], [ 106.849566, -6.118458, 0.0 ], [ 106.849591999000069, -6.118496999999891, 0.0 ], [ 106.849264, -6.118634, 0.0 ], [ 106.849121, -6.118647, 0.0 ], [ 106.849144, -6.118878, 0.0 ], [ 106.849226, -6.118883000999944, 0.0 ], [ 106.849391, -6.118797, 0.0 ], [ 106.849421, -6.118841000999932, 0.0 ], [ 106.849233000000126, -6.118911, 0.0 ], [ 106.849148, -6.118924998999955, 0.0 ], [ 106.849169, -6.119187, 0.0 ], [ 106.849685999000116, -6.11897, 0.0 ], [ 106.84975, -6.119101, 0.0 ], [ 106.849707999000074, -6.119123, 0.0 ], [ 106.849663001000081, -6.119038000999979, 0.0 ], [ 106.84918, -6.119228000999978, 0.0 ], [ 106.849291, -6.119801, 0.0 ], [ 106.851916, -6.118971, 0.0 ], [ 106.853843, -6.118374, 0.0 ], [ 106.853865, -6.118488000999946, 0.0 ], [ 106.854158, -6.118141, 0.0 ], [ 106.854187000000124, -6.118114, 0.0 ], [ 106.854497001000098, -6.117804, 0.0 ], [ 106.854876, -6.117249999, 0.0 ], [ 106.854941, -6.117174, 0.0 ], [ 106.855095, -6.117112, 0.0 ], [ 106.855188, -6.117087000999934, 0.0 ], [ 106.855302, -6.117016, 0.0 ], [ 106.855323, -6.117003, 0.0 ], [ 106.855694000000113, -6.11687, 0.0 ], [ 106.855880001000045, -6.116837, 0.0 ], [ 106.856012, -6.116861, 0.0 ], [ 106.856117, -6.116902, 0.0 ], [ 106.856433, -6.11684, 0.0 ], [ 106.856805999000102, -6.116787999999886, 0.0 ], [ 106.856953, -6.116679000999927, 0.0 ], [ 106.857151, -6.116587, 0.0 ], [ 106.85855, -6.116154, 0.0 ], [ 106.858869, -6.116055000999989, 0.0 ], [ 106.859678, -6.115704, 0.0 ], [ 106.859868, -6.115597, 0.0 ], [ 106.859969, -6.11556, 0.0 ], [ 106.860194, -6.115488, 0.0 ], [ 106.860850000000127, -6.115257, 0.0 ], [ 106.861518, -6.114986, 0.0 ], [ 106.861843, -6.1149, 0.0 ], [ 106.862033, -6.114871999999895, 0.0 ], [ 106.862624, -6.114312, 0.0 ], [ 106.862987999000012, -6.114046, 0.0 ], [ 106.863208, -6.113854, 0.0 ], [ 106.863285, -6.113687, 0.0 ], [ 106.863271, -6.11342, 0.0 ], [ 106.863268, -6.113358000999948, 0.0 ], [ 106.863265000000112, -6.113242, 0.0 ], [ 106.86345599900001, -6.112771000999963, 0.0 ], [ 106.863589, -6.112546, 0.0 ], [ 106.863753, -6.112315, 0.0 ], [ 106.863924, -6.111896, 0.0 ], [ 106.863893000000104, -6.111688, 0.0 ], [ 106.863884, -6.111602, 0.0 ], [ 106.864546, -6.110963, 0.0 ], [ 106.864745, -6.110796, 0.0 ], [ 106.865213, -6.110508, 0.0 ], [ 106.865632, -6.110295000999912, 0.0 ], [ 106.865839, -6.110107000999989, 0.0 ], [ 106.866042001000011, -6.109915, 0.0 ], [ 106.866305000000111, -6.109761, 0.0 ], [ 106.866640000000118, -6.109551, 0.0 ], [ 106.866961, -6.109353, 0.0 ], [ 106.867403, -6.109188, 0.0 ], [ 106.867539, -6.109121, 0.0 ], [ 106.867642, -6.10902, 0.0 ], [ 106.867686, -6.108915, 0.0 ], [ 106.867720000000119, -6.108775, 0.0 ], [ 106.868533, -6.108137, 0.0 ], [ 106.86856, -6.108116000999921, 0.0 ], [ 106.868673000000101, -6.108027, 0.0 ], [ 106.869299, -6.107588, 0.0 ], [ 106.870294001000019, -6.106773, 0.0 ], [ 106.870917, -6.106146, 0.0 ], [ 106.871125, -6.105838, 0.0 ], [ 106.871313999000037, -6.105527, 0.0 ], [ 106.871458, -6.105357, 0.0 ], [ 106.87189, -6.105056000999955, 0.0 ], [ 106.87233, -6.104769, 0.0 ], [ 106.872609, -6.104583999999893, 0.0 ], [ 106.872799, -6.10444, 0.0 ], [ 106.872869, -6.104389000999923, 0.0 ], [ 106.872896000000111, -6.104441, 0.0 ], [ 106.872816, -6.104849, 0.0 ], [ 106.872442, -6.106620998999947, 0.0 ], [ 106.872383000000113, -6.106747000999981, 0.0 ], [ 106.872216, -6.107020001, 0.0 ], [ 106.8722250000001, -6.107071, 0.0 ], [ 106.872174, -6.107661, 0.0 ], [ 106.872158, -6.107829, 0.0 ], [ 106.872161, -6.107993, 0.0 ], [ 106.872098, -6.108269, 0.0 ], [ 106.872054, -6.108438, 0.0 ], [ 106.871476000000115, -6.108809, 0.0 ], [ 106.871284, -6.108904, 0.0 ], [ 106.870925, -6.109117, 0.0 ], [ 106.870437, -6.109388, 0.0 ], [ 106.869939, -6.109685, 0.0 ], [ 106.869614001000073, -6.109855, 0.0 ], [ 106.869242, -6.110034999999893, 0.0 ], [ 106.868873, -6.110238, 0.0 ], [ 106.86807, -6.110662999999896, 0.0 ], [ 106.866947999000018, -6.111253, 0.0 ], [ 106.866709999000037, -6.111376, 0.0 ], [ 106.866238, -6.111629, 0.0 ], [ 106.865645000000114, -6.111952000999967, 0.0 ], [ 106.865259027000064, -6.112170772999949, 0.0 ], [ 106.865561109000012, -6.112451086999961, 0.0 ], [ 106.865931667000041, -6.113244875999914, 0.0 ], [ 106.865988774000058, -6.113330536999985, 0.0 ], [ 106.866286953000028, -6.11317827599991, 0.0 ], [ 106.86643611300012, -6.113102108, 0.0 ], [ 106.866483968000082, -6.113041201999938, 0.0 ], [ 106.86657, -6.113000999999898, 0.0 ], [ 106.867344737000067, -6.112575790999887, 0.0 ], [ 106.867394, -6.112584, 0.0 ], [ 106.867425, -6.1125, 0.0 ], [ 106.867533044000112, -6.112383510999965, 0.0 ], [ 106.867611567000026, -6.112297850999894, 0.0 ], [ 106.867768611000059, -6.112176497999979, 0.0 ], [ 106.867897102000114, -6.112090836999908, 0.0 ], [ 106.868018454000037, -6.112026591999921, 0.0 ], [ 106.868089838000074, -6.11207656099997, 0.0 ], [ 106.868202, -6.112079, 0.0 ], [ 106.868363, -6.112343, 0.0 ], [ 106.868461034000063, -6.11236209599997, 0.0 ], [ 106.8685324180001, -6.112326403999948, 0.0 ], [ 106.868639494, -6.11231926599989, 0.0 ], [ 106.868789400000054, -6.11236209599997, 0.0 ], [ 106.868889337000056, -6.112369233999939, 0.0 ], [ 106.868974998000041, -6.11236209599997, 0.0 ], [ 106.869110627000069, -6.112326403999948, 0.0 ], [ 106.869210564000085, -6.112304988999952, 0.0 ], [ 106.869089212000077, -6.112005176999926, 0.0 ], [ 106.86896785900008, -6.111712502999957, 0.0 ], [ 106.869260533000045, -6.111548319999962, 0.0 ], [ 106.869546068000048, -6.111405552999962, 0.0 ], [ 106.869824465000079, -6.111248507999935, 0.0 ], [ 106.870045755, -6.111127155999931, 0.0 ], [ 106.870252768000071, -6.111027217999922, 0.0 ], [ 106.870595411000096, -6.110834481999962, 0.0 ], [ 106.870652518000014, -6.110755959999949, 0.0 ], [ 106.870652518000014, -6.110752710999947, 0.0 ], [ 106.871369, -6.110373, 0.0 ], [ 106.871727000000107, -6.110485, 0.0 ], [ 106.871735, -6.110661, 0.0 ], [ 106.871714770000068, -6.110705717999966, 0.0 ], [ 106.871573369, -6.110677437999936, 0.0 ], [ 106.871459155000053, -6.111062909999944, 0.0 ], [ 106.871637615000083, -6.111127155999931, 0.0 ], [ 106.871623338000049, -6.111184262999949, 0.0 ], [ 106.87159, -6.111293, 0.0 ], [ 106.871536, -6.111466, 0.0 ], [ 106.871704, -6.111517, 0.0 ], [ 106.871384, -6.112638, 0.0 ], [ 106.871338, -6.112633, 0.0 ], [ 106.870888, -6.11433, 0.0 ], [ 106.870262000000125, -6.11471, 0.0 ], [ 106.870568, -6.115285, 0.0 ], [ 106.871033, -6.114986, 0.0 ], [ 106.87143, -6.115087, 0.0 ], [ 106.871580508000065, -6.115131788999985, 0.0 ], [ 106.871651891000013, -6.115038989999945, 0.0 ], [ 106.871723275000065, -6.115096096999963, 0.0 ], [ 106.871452017000095, -6.115445876999949, 0.0 ], [ 106.871523401000047, -6.115524399999963, 0.0 ], [ 106.871930288000044, -6.115196033999972, 0.0 ], [ 106.872116, -6.11504, 0.0 ], [ 106.872735, -6.11451, 0.0 ], [ 106.872808310000039, -6.114467918999946, 0.0 ], [ 106.872844001000061, -6.114103860999933, 0.0 ], [ 106.872779756000085, -6.114018200999951, 0.0 ], [ 106.872722649000067, -6.113918262999942, 0.0 ], [ 106.872729787000125, -6.113711249999955, 0.0 ], [ 106.872627, -6.1137, 0.0 ], [ 106.873245, -6.110616, 0.0 ], [ 106.873818, -6.107799, 0.0 ], [ 106.873955, -6.107809, 0.0 ], [ 106.874016, -6.107716, 0.0 ], [ 106.874161, -6.107552, 0.0 ], [ 106.87423, -6.107433, 0.0 ], [ 106.874291, -6.106803, 0.0 ], [ 106.874329, -6.106429, 0.0 ], [ 106.874352, -6.1063, 0.0 ], [ 106.874352, -6.10612, 0.0 ], [ 106.87439, -6.105942, 0.0 ], [ 106.87426, -6.105912, 0.0 ], [ 106.874291, -6.105795999999899, 0.0 ], [ 106.87442, -6.105819, 0.0 ], [ 106.874428000000123, -6.105774, 0.0 ], [ 106.874459, -6.105576999999897, 0.0 ], [ 106.874634000000114, -6.104542, 0.0 ], [ 106.874886, -6.10386, 0.0 ], [ 106.874985, -6.103748, 0.0 ], [ 106.875, -6.103727, 0.0 ], [ 106.875023, -6.103701, 0.0 ], [ 106.875443, -6.103315, 0.0 ], [ 106.875611, -6.103165, 0.0 ], [ 106.876092, -6.102598, 0.0 ], [ 106.87616, -6.102387, 0.0 ], [ 106.876221, -6.10215, 0.0 ], [ 106.876282, -6.102040999999893, 0.0 ], [ 106.876518, -6.10183699999989, 0.0 ], [ 106.876656, -6.101801, 0.0 ], [ 106.876839, -6.101779, 0.0 ], [ 106.877357, -6.101818, 0.0 ], [ 106.877388, -6.10186, 0.0 ], [ 106.877510000000129, -6.101875, 0.0 ], [ 106.877419, -6.105221, 0.0 ], [ 106.876831, -6.10673, 0.0 ], [ 106.876671, -6.106687, 0.0 ], [ 106.876641, -6.10695, 0.0 ], [ 106.876542, -6.107501, 0.0 ], [ 106.876366, -6.108381, 0.0 ], [ 106.87629, -6.108684, 0.0 ], [ 106.876191, -6.109019, 0.0 ], [ 106.876175, -6.109123, 0.0 ], [ 106.87603, -6.110048, 0.0 ], [ 106.8758780000001, -6.110582, 0.0 ], [ 106.875748, -6.110845, 0.0 ], [ 106.875633, -6.111112, 0.0 ], [ 106.875611, -6.111139, 0.0 ], [ 106.8755570000001, -6.111259, 0.0 ], [ 106.8755570000001, -6.111331, 0.0 ], [ 106.875611, -6.111373, 0.0 ], [ 106.875656, -6.111364, 0.0 ], [ 106.87571, -6.111271, 0.0 ], [ 106.875809, -6.111136, 0.0 ], [ 106.875847000000107, -6.111022, 0.0 ], [ 106.875908, -6.11089, 0.0 ], [ 106.876061, -6.110713, 0.0 ], [ 106.876144, -6.110698, 0.0 ], [ 106.876244, -6.11073, 0.0 ], [ 106.876343000000119, -6.110763, 0.0 ], [ 106.876373, -6.110635, 0.0 ], [ 106.876534, -6.109931, 0.0 ], [ 106.876671, -6.109031, 0.0 ], [ 106.876602, -6.108993, 0.0 ], [ 106.876633, -6.108671, 0.0 ], [ 106.876778, -6.108671, 0.0 ], [ 106.877152, -6.106788, 0.0 ], [ 106.878105, -6.106915, 0.0 ], [ 106.878105, -6.107328, 0.0 ], [ 106.877976, -6.107332999999883, 0.0 ], [ 106.877777, -6.108579, 0.0 ], [ 106.878037, -6.108632, 0.0 ], [ 106.877968, -6.108994, 0.0 ], [ 106.877701, -6.108972, 0.0 ], [ 106.877419, -6.110034999999893, 0.0 ], [ 106.877343, -6.110033999999899, 0.0 ], [ 106.87732, -6.110182, 0.0 ], [ 106.877487, -6.11043, 0.0 ], [ 106.878365, -6.109979, 0.0 ], [ 106.878319, -6.109627, 0.0 ], [ 106.878426, -6.109592, 0.0 ], [ 106.878495, -6.109916, 0.0 ], [ 106.878525, -6.109911, 0.0 ], [ 106.878571, -6.108927, 0.0 ], [ 106.878624, -6.107558, 0.0 ], [ 106.878648, -6.106324, 0.0 ], [ 106.878624, -6.106252, 0.0 ], [ 106.878624, -6.10583, 0.0 ], [ 106.878677, -6.105774, 0.0 ], [ 106.878693, -6.104164, 0.0 ], [ 106.878586, -6.104115, 0.0 ], [ 106.87859400000012, -6.103835, 0.0 ], [ 106.878716, -6.103825, 0.0 ], [ 106.878747, -6.102739, 0.0 ], [ 106.879059, -6.102381, 0.0 ], [ 106.879601, -6.102332, 0.0 ], [ 106.879883, -6.102533, 0.0 ], [ 106.879791, -6.106573, 0.0 ], [ 106.879822, -6.106596, 0.0 ], [ 106.87989, -6.106602, 0.0 ], [ 106.879959, -6.106555, 0.0 ], [ 106.879975, -6.106485, 0.0 ], [ 106.879975, -6.106273, 0.0 ], [ 106.88002, -6.105496, 0.0 ], [ 106.8800430000001, -6.105469, 0.0 ], [ 106.880104, -6.105282, 0.0 ], [ 106.880104, -6.105255, 0.0 ], [ 106.880203, -6.102105, 0.0 ], [ 106.879914, -6.102065, 0.0 ], [ 106.879875, -6.102197, 0.0 ], [ 106.879486, -6.102157, 0.0 ], [ 106.879486, -6.102025, 0.0 ], [ 106.879074, -6.101965, 0.0 ], [ 106.878716, -6.101381, 0.0 ], [ 106.878747, -6.100567, 0.0 ], [ 106.878792, -6.100571, 0.0 ], [ 106.878876, -6.09894, 0.0 ], [ 106.878952, -6.09703, 0.0 ], [ 106.879051, -6.095001, 0.0 ], [ 106.879151, -6.095017, 0.0 ], [ 106.879471000000109, -6.095015, 0.0 ], [ 106.879517000000106, -6.094294, 0.0 ], [ 106.879639, -6.094313, 0.0 ], [ 106.879486, -6.098535, 0.0 ], [ 106.879837000000109, -6.098541, 0.0 ], [ 106.879959, -6.098465, 0.0 ], [ 106.880005, -6.098311, 0.0 ], [ 106.880089, -6.098298999999898, 0.0 ], [ 106.880173000000113, -6.096984, 0.0 ], [ 106.880051, -6.096963, 0.0 ], [ 106.880081, -6.096719, 0.0 ], [ 106.880234000000101, -6.096697, 0.0 ], [ 106.880287, -6.095445, 0.0 ], [ 106.880394, -6.095447, 0.0 ], [ 106.880341, -6.096718, 0.0 ], [ 106.880402, -6.096769, 0.0 ], [ 106.880417, -6.096989, 0.0 ], [ 106.880776, -6.096995, 0.0 ], [ 106.880814, -6.096797, 0.0 ], [ 106.881051, -6.096774, 0.0 ], [ 106.881119, -6.095327, 0.0 ], [ 106.88115, -6.095326, 0.0 ], [ 106.881157, -6.095066, 0.0 ], [ 106.881051, -6.095041, 0.0 ], [ 106.881157, -6.093804, 0.0 ], [ 106.881378, -6.093831, 0.0 ], [ 106.881386000000106, -6.094088, 0.0 ], [ 106.88172200000011, -6.09411, 0.0 ], [ 106.88179, -6.093604, 0.0 ], [ 106.882104, -6.093693, 0.0 ], [ 106.881935, -6.095279, 0.0 ], [ 106.881752000000105, -6.095288, 0.0 ], [ 106.881745, -6.095362, 0.0 ], [ 106.881775, -6.095386, 0.0 ], [ 106.881729, -6.09602, 0.0 ], [ 106.88192, -6.096032, 0.0 ], [ 106.882416, -6.096608, 0.0 ], [ 106.882629000000108, -6.09662, 0.0 ], [ 106.882622, -6.096742, 0.0 ], [ 106.882416, -6.100741, 0.0 ], [ 106.882218000000123, -6.106371, 0.0 ], [ 106.883766, -6.106439, 0.0 ], [ 106.883988, -6.100309, 0.0 ], [ 106.884148, -6.096436, 0.0 ], [ 106.884453, -6.096126, 0.0 ], [ 106.885994, -6.09619, 0.0 ], [ 106.886971000000102, -6.097294, 0.0 ], [ 106.886864, -6.100006, 0.0 ], [ 106.886917, -6.100168, 0.0 ], [ 106.88691, -6.100427, 0.0 ], [ 106.886681, -6.106509, 0.0 ], [ 106.88797, -6.106545, 0.0 ], [ 106.888176, -6.100188, 0.0 ], [ 106.88829800000012, -6.097367, 0.0 ], [ 106.891007, -6.097461, 0.0 ], [ 106.890946, -6.099528, 0.0 ], [ 106.890884000000113, -6.100461999999897, 0.0 ], [ 106.890824, -6.102944, 0.0 ], [ 106.890686, -6.106734, 0.0 ], [ 106.890686, -6.106758, 0.0 ], [ 106.890862, -6.106764, 0.0 ], [ 106.890862, -6.106688, 0.0 ], [ 106.891518, -6.106728, 0.0 ], [ 106.891594, -6.1066, 0.0 ], [ 106.892082, -6.106587, 0.0 ], [ 106.89206, -6.106814, 0.0 ], [ 106.892388, -6.106826, 0.0 ], [ 106.892425, -6.105620999999896, 0.0 ], [ 106.892487, -6.103565, 0.0 ], [ 106.892616, -6.099813, 0.0 ], [ 106.892731, -6.097338, 0.0 ], [ 106.892761, -6.09734, 0.0 ], [ 106.892853946000045, -6.097337663999937, 0.0 ], [ 106.892933669000072, -6.097335661999949, 0.0 ], [ 106.892960000000116, -6.097334999999894, 0.0 ], [ 106.893020081000117, -6.097331046999923, 0.0 ], [ 106.893022714000068, -6.097330873, 0.0 ], [ 106.89302929600008, -6.097330440999961, 0.0 ], [ 106.893036999000088, -6.097331, 0.0 ], [ 106.893284, -6.097316, 0.0 ], [ 106.893708000000103, -6.097294000999966, 0.0 ], [ 106.893811, -6.097236998999957, 0.0 ], [ 106.894297, -6.097242, 0.0 ], [ 106.89441, -6.097233, 0.0 ], [ 106.894485, -6.097201, 0.0 ], [ 106.894599999, -6.097232, 0.0 ], [ 106.894655999000108, -6.097266, 0.0 ], [ 106.894868, -6.097273001, 0.0 ], [ 106.89506300100004, -6.097249, 0.0 ], [ 106.895147, -6.097198, 0.0 ], [ 106.895241999000106, -6.097167, 0.0 ], [ 106.895549000000102, -6.097119000999964, 0.0 ], [ 106.89572899900007, -6.097094, 0.0 ], [ 106.89574, -6.096897, 0.0 ], [ 106.895789999000058, -6.09689, 0.0 ], [ 106.896187, -6.0969, 0.0 ], [ 106.896243, -6.096954, 0.0 ], [ 106.896353, -6.096927, 0.0 ], [ 106.896361, -6.096865001, 0.0 ], [ 106.896326, -6.09677, 0.0 ], [ 106.896261999000032, -6.096743, 0.0 ], [ 106.896053, -6.096753, 0.0 ], [ 106.895808999000025, -6.096776, 0.0 ], [ 106.895815, -6.096724, 0.0 ], [ 106.895876, -6.096689001, 0.0 ], [ 106.896014, -6.096661, 0.0 ], [ 106.896265, -6.096654, 0.0 ], [ 106.896390999000047, -6.096688000999919, 0.0 ], [ 106.896435, -6.096862001000016, 0.0 ], [ 106.896472, -6.096959000999959, 0.0 ], [ 106.896586999000093, -6.096965, 0.0 ], [ 106.896693, -6.096933, 0.0 ], [ 106.896917, -6.096859, 0.0 ], [ 106.896963999000022, -6.096905000999932, 0.0 ], [ 106.896975999000048, -6.096997, 0.0 ], [ 106.896995999000097, -6.097326, 0.0 ], [ 106.897246, -6.097359, 0.0 ], [ 106.897922, -6.097457, 0.0 ], [ 106.898516001000104, -6.097522, 0.0 ], [ 106.899144, -6.097589, 0.0 ], [ 106.90018, -6.097637, 0.0 ], [ 106.901642, -6.097701, 0.0 ], [ 106.903036, -6.097743001, 0.0 ], [ 106.903447, -6.097756, 0.0 ], [ 106.903748, -6.097778, 0.0 ], [ 106.903749, -6.097591998999931, 0.0 ], [ 106.903726, -6.097585, 0.0 ], [ 106.903737001000081, -6.097378999999894, 0.0 ], [ 106.903797001000072, -6.097391, 0.0 ], [ 106.903792, -6.097779, 0.0 ], [ 106.904656, -6.097823, 0.0 ], [ 106.904662, -6.09777, 0.0 ], [ 106.905049999000084, -6.097778, 0.0 ], [ 106.905056, -6.097841000999928, 0.0 ], [ 106.905441, -6.097841000999928, 0.0 ], [ 106.905445, -6.097487000999948, 0.0 ], [ 106.905562, -6.097483, 0.0 ], [ 106.90556, -6.097555, 0.0 ], [ 106.905515, -6.097554, 0.0 ], [ 106.90549, -6.097955000999946, 0.0 ], [ 106.905264, -6.097946, 0.0 ], [ 106.905267, -6.098153000999986, 0.0 ], [ 106.905142, -6.098173, 0.0 ], [ 106.905149, -6.098464, 0.0 ], [ 106.90541, -6.09848699899991, 0.0 ], [ 106.90541, -6.098394, 0.0 ], [ 106.905476, -6.098402, 0.0 ], [ 106.905486, -6.098502, 0.0 ], [ 106.905725, -6.09851, 0.0 ], [ 106.905744, -6.098440000999929, 0.0 ], [ 106.905841, -6.098448, 0.0 ], [ 106.905834000000127, -6.098694, 0.0 ], [ 106.905741, -6.098693, 0.0 ], [ 106.90573, -6.098609, 0.0 ], [ 106.90547, -6.098627, 0.0 ], [ 106.905464, -6.098981, 0.0 ], [ 106.905432, -6.100879, 0.0 ], [ 106.905699, -6.100888, 0.0 ], [ 106.905703000000116, -6.100805, 0.0 ], [ 106.905816, -6.100807, 0.0 ], [ 106.905801, -6.101055000999935, 0.0 ], [ 106.905703000000116, -6.101045, 0.0 ], [ 106.905693999000079, -6.100982, 0.0 ], [ 106.9054280000001, -6.100977, 0.0 ], [ 106.905362999000047, -6.103583, 0.0 ], [ 106.905602, -6.103593, 0.0 ], [ 106.905605, -6.10352700100001, 0.0 ], [ 106.905704000000114, -6.103531000999986, 0.0 ], [ 106.905701, -6.103766000999979, 0.0 ], [ 106.905597999000051, -6.103761, 0.0 ], [ 106.905595, -6.103698, 0.0 ], [ 106.905335, -6.103686, 0.0 ], [ 106.905234, -6.105842, 0.0 ], [ 106.90551, -6.105837999, 0.0 ], [ 106.905513, -6.105773, 0.0 ], [ 106.905618000000104, -6.105781, 0.0 ], [ 106.905614999000122, -6.106026001000011, 0.0 ], [ 106.9055010000001, -6.106025, 0.0 ], [ 106.905497001000043, -6.105955, 0.0 ], [ 106.905233, -6.105964, 0.0 ], [ 106.90524, -6.106973, 0.0 ], [ 106.905468, -6.107261998999959, 0.0 ], [ 106.905447, -6.107443, 0.0 ], [ 106.905785, -6.107719, 0.0 ], [ 106.906022, -6.107782, 0.0 ], [ 106.906155, -6.107679, 0.0 ], [ 106.906558, -6.107837, 0.0 ], [ 106.906564, -6.107887, 0.0 ], [ 106.906507, -6.107906, 0.0 ], [ 106.906531001000062, -6.108106, 0.0 ], [ 106.906607, -6.108469, 0.0 ], [ 106.906873000000118, -6.108447000999952, 0.0 ], [ 106.907294, -6.107712, 0.0 ], [ 106.906983, -6.107998, 0.0 ], [ 106.907045, -6.107705, 0.0 ], [ 106.907107, -6.107598, 0.0 ], [ 106.907114, -6.107427, 0.0 ], [ 106.907144, -6.107204, 0.0 ], [ 106.907156, -6.107169, 0.0 ], [ 106.907162, -6.107141000999984, 0.0 ], [ 106.907252999000022, -6.1068, 0.0 ], [ 106.907275999000063, -6.106471, 0.0 ], [ 106.907259, -6.105903, 0.0 ], [ 106.907262, -6.105734, 0.0 ], [ 106.907304, -6.105459000999904, 0.0 ], [ 106.907051, -6.105423000999945, 0.0 ], [ 106.907001, -6.106564, 0.0 ], [ 106.90685, -6.106556, 0.0 ], [ 106.906891, -6.104971, 0.0 ], [ 106.907068, -6.104958, 0.0 ], [ 106.907059, -6.105337, 0.0 ], [ 106.907304, -6.105334, 0.0 ], [ 106.907302, -6.105111000999976, 0.0 ], [ 106.907255000000106, -6.104993, 0.0 ], [ 106.907222, -6.104861, 0.0 ], [ 106.907223, -6.104736, 0.0 ], [ 106.907224, -6.104643, 0.0 ], [ 106.907345001000081, -6.104145, 0.0 ], [ 106.907535, -6.10410199899998, 0.0 ], [ 106.90766200100002, -6.103765, 0.0 ], [ 106.907749000000123, -6.103766, 0.0 ], [ 106.908043000000106, -6.10377, 0.0 ], [ 106.909280001000056, -6.103793999999898, 0.0 ], [ 106.909296, -6.10342, 0.0 ], [ 106.910374, -6.103437, 0.0 ], [ 106.910347, -6.10168, 0.0 ], [ 106.909558, -6.101653, 0.0 ], [ 106.9094920000001, -6.101651, 0.0 ], [ 106.909479, -6.101525, 0.0 ], [ 106.909039, -6.101507000999941, 0.0 ], [ 106.908997, -6.101725, 0.0 ], [ 106.908397, -6.10172, 0.0 ], [ 106.908417, -6.10089, 0.0 ], [ 106.907968, -6.100887, 0.0 ], [ 106.907943, -6.099975, 0.0 ], [ 106.908079, -6.099854, 0.0 ], [ 106.907995, -6.099716, 0.0 ], [ 106.907835, -6.099798, 0.0 ], [ 106.907792000000128, -6.099732000999982, 0.0 ], [ 106.908134, -6.099512, 0.0 ], [ 106.90817, -6.099559, 0.0 ], [ 106.908028, -6.099661, 0.0 ], [ 106.908114999000119, -6.099779, 0.0 ], [ 106.908189, -6.099699, 0.0 ], [ 106.908528, -6.099516000999962, 0.0 ], [ 106.908806, -6.099363998999909, 0.0 ], [ 106.909127, -6.09908, 0.0 ], [ 106.909254, -6.098963, 0.0 ], [ 106.909967, -6.098947, 0.0 ], [ 106.910794, -6.098931000999965, 0.0 ], [ 106.911217, -6.098947, 0.0 ], [ 106.911331999000097, -6.098978, 0.0 ], [ 106.911378, -6.099119, 0.0 ], [ 106.911392, -6.09916, 0.0 ], [ 106.912307, -6.099328, 0.0 ], [ 106.91284, -6.099452, 0.0 ], [ 106.913102, -6.099496, 0.0 ], [ 106.913208, -6.099454, 0.0 ], [ 106.913274, -6.099391, 0.0 ], [ 106.91326, -6.099319, 0.0 ], [ 106.913211, -6.099134, 0.0 ], [ 106.91318, -6.099029001, 0.0 ], [ 106.913109, -6.09895299899992, 0.0 ], [ 106.912726, -6.098933, 0.0 ], [ 106.912481999000036, -6.098893, 0.0 ], [ 106.912362, -6.098842, 0.0 ], [ 106.912334, -6.098734, 0.0 ], [ 106.913385, -6.098733, 0.0 ], [ 106.913903, -6.099563, 0.0 ], [ 106.914465001000067, -6.099575000999959, 0.0 ], [ 106.914509, -6.099537, 0.0 ], [ 106.914578, -6.099523, 0.0 ], [ 106.914622, -6.099567, 0.0 ], [ 106.914624999000068, -6.099704, 0.0 ], [ 106.914666, -6.100003, 0.0 ], [ 106.914702001000052, -6.100167, 0.0 ], [ 106.914775, -6.100197, 0.0 ], [ 106.915039, -6.100417, 0.0 ], [ 106.915142, -6.100495998999957, 0.0 ], [ 106.915206, -6.10051, 0.0 ], [ 106.915327, -6.10034, 0.0 ], [ 106.915379000000115, -6.10025, 0.0 ], [ 106.915384, -6.100241, 0.0 ], [ 106.915501, -6.099903, 0.0 ], [ 106.915502999000068, -6.099897, 0.0 ], [ 106.915533, -6.099817, 0.0 ], [ 106.915931999000037, -6.099779, 0.0 ], [ 106.916048, -6.099743, 0.0 ], [ 106.916218, -6.099564, 0.0 ], [ 106.916276, -6.099498000999983, 0.0 ], [ 106.916349, -6.09951, 0.0 ], [ 106.91652, -6.099576000999953, 0.0 ], [ 106.916596, -6.099582, 0.0 ], [ 106.916664000000111, -6.099540999999899, 0.0 ], [ 106.916645, -6.099487, 0.0 ], [ 106.916489000000112, -6.099421999, 0.0 ], [ 106.916365999000064, -6.099369, 0.0 ], [ 106.916347, -6.099245998999915, 0.0 ], [ 106.916340001000037, -6.099196, 0.0 ], [ 106.916347999000081, -6.098984, 0.0 ], [ 106.918839999000042, -6.099109, 0.0 ], [ 106.91883, -6.099547, 0.0 ], [ 106.918824, -6.099823, 0.0 ], [ 106.918842, -6.100865, 0.0 ], [ 106.918900999000115, -6.101134, 0.0 ], [ 106.919048, -6.101651, 0.0 ], [ 106.919082, -6.101887, 0.0 ], [ 106.91906800100007, -6.102253, 0.0 ], [ 106.919023, -6.102852000999938, 0.0 ], [ 106.918990001000012, -6.103557, 0.0 ], [ 106.918949, -6.104124, 0.0 ], [ 106.918983, -6.104308, 0.0 ], [ 106.919036999000085, -6.104346, 0.0 ], [ 106.919190999000122, -6.104362, 0.0 ], [ 106.919257, -6.104359, 0.0 ], [ 106.919649, -6.104338, 0.0 ], [ 106.91982200000011, -6.104324, 0.0 ], [ 106.920232, -6.104262, 0.0 ], [ 106.92033, -6.104212, 0.0 ], [ 106.920551001000035, -6.104096, 0.0 ], [ 106.920782001000049, -6.104085, 0.0 ], [ 106.92123899900011, -6.104013, 0.0 ], [ 106.921427, -6.103974, 0.0 ], [ 106.921599, -6.103957, 0.0 ], [ 106.921858001, -6.103908, 0.0 ], [ 106.921854, -6.103858, 0.0 ], [ 106.921742999000074, -6.103545, 0.0 ], [ 106.921674, -6.103477998999953, 0.0 ], [ 106.921568999000058, -6.10347, 0.0 ], [ 106.920597, -6.103469, 0.0 ], [ 106.920222, -6.10342, 0.0 ], [ 106.920054, -6.103481, 0.0 ], [ 106.919975, -6.103428, 0.0 ], [ 106.919903, -6.103315000999967, 0.0 ], [ 106.919798999000065, -6.103053, 0.0 ], [ 106.919744, -6.102768, 0.0 ], [ 106.919783, -6.102569, 0.0 ], [ 106.919821000000113, -6.102413, 0.0 ], [ 106.919770001000074, -6.102058, 0.0 ], [ 106.919902, -6.101505, 0.0 ], [ 106.919991, -6.101419, 0.0 ], [ 106.920044, -6.101398, 0.0 ], [ 106.920111, -6.101372, 0.0 ], [ 106.920389, -6.101342, 0.0 ], [ 106.921541, -6.101236, 0.0 ], [ 106.921862, -6.101183, 0.0 ], [ 106.922778999000073, -6.101022, 0.0 ], [ 106.923764, -6.100766000999915, 0.0 ], [ 106.925035, -6.100590999, 0.0 ], [ 106.925166, -6.100565, 0.0 ], [ 106.925141, -6.10046, 0.0 ], [ 106.925126, -6.100188, 0.0 ], [ 106.925223, -6.100182, 0.0 ], [ 106.925668000000101, -6.100221, 0.0 ], [ 106.925717, -6.100248, 0.0 ], [ 106.925875001000094, -6.100264, 0.0 ], [ 106.92594, -6.100234, 0.0 ], [ 106.926025, -6.100170999999889, 0.0 ], [ 106.926172, -6.100147, 0.0 ], [ 106.926265, -6.100096000999901, 0.0 ], [ 106.92626600100003, -6.10004, 0.0 ], [ 106.926297, -6.100003000999934, 0.0 ], [ 106.926461, -6.099967998999968, 0.0 ], [ 106.926576, -6.099958, 0.0 ], [ 106.926606, -6.098518, 0.0 ], [ 106.926576, -6.098514, 0.0 ], [ 106.926387, -6.098494, 0.0 ], [ 106.926393, -6.098472, 0.0 ], [ 106.926395, -6.098319, 0.0 ], [ 106.926411000000115, -6.098185, 0.0 ], [ 106.926433, -6.098175, 0.0 ], [ 106.926684, -6.098176, 0.0 ], [ 106.926691001000023, -6.098152001, 0.0 ], [ 106.9275260000001, -6.097977001, 0.0 ], [ 106.927916, -6.097891, 0.0 ], [ 106.928155, -6.097861, 0.0 ], [ 106.92832, -6.097837, 0.0 ], [ 106.928616, -6.097773, 0.0 ], [ 106.929520001000057, -6.097585, 0.0 ], [ 106.930068000000105, -6.097495, 0.0 ], [ 106.9313, -6.097294, 0.0 ], [ 106.93148, -6.097287, 0.0 ], [ 106.931565001000067, -6.09733, 0.0 ], [ 106.932931, -6.097180998999942, 0.0 ], [ 106.933129001000054, -6.097146, 0.0 ], [ 106.933229, -6.097093, 0.0 ], [ 106.93331, -6.096998999999894, 0.0 ], [ 106.933324000000113, -6.096968, 0.0 ], [ 106.933355000000105, -6.096894, 0.0 ], [ 106.933145, -6.096885998999959, 0.0 ], [ 106.932364001000096, -6.097042998999981, 0.0 ], [ 106.932029, -6.097096, 0.0 ], [ 106.931783, -6.097129999999897, 0.0 ], [ 106.931576, -6.097162, 0.0 ], [ 106.931466, -6.097153, 0.0 ], [ 106.931436999000127, -6.097123, 0.0 ], [ 106.931750999000087, -6.097057, 0.0 ], [ 106.932013001000087, -6.097013, 0.0 ], [ 106.933033000000108, -6.096797, 0.0 ], [ 106.934805, -6.096481, 0.0 ], [ 106.935352001000055, -6.096412, 0.0 ], [ 106.935477, -6.096426, 0.0 ], [ 106.935633, -6.096456998999901, 0.0 ], [ 106.935731, -6.096451, 0.0 ], [ 106.936481000000114, -6.09631, 0.0 ], [ 106.936888, -6.096291000999933, 0.0 ], [ 106.937163, -6.096329, 0.0 ], [ 106.93742199900008, -6.096526, 0.0 ], [ 106.937561999000124, -6.096674, 0.0 ], [ 106.937676, -6.096817, 0.0 ], [ 106.937704, -6.096844000999948, 0.0 ], [ 106.937734999000043, -6.096877, 0.0 ], [ 106.938929999000067, -6.098232, 0.0 ], [ 106.938988, -6.098367, 0.0 ], [ 106.938995, -6.098612, 0.0 ], [ 106.939037540000086, -6.098638705999939, 0.0 ], [ 106.939038001000114, -6.098639, 0.0 ], [ 106.939190001000085, -6.098648, 0.0 ], [ 106.939386, -6.098612, 0.0 ], [ 106.939521000000113, -6.098523998999951, 0.0 ], [ 106.939523000000108, -6.098455000999927, 0.0 ], [ 106.939461, -6.098312, 0.0 ], [ 106.939447001000119, -6.09820600099993, 0.0 ], [ 106.939492000000115, -6.098198, 0.0 ], [ 106.939552, -6.098236, 0.0 ], [ 106.939578, -6.098317, 0.0 ], [ 106.939645001000073, -6.098516000999911, 0.0 ], [ 106.93978299900003, -6.098878, 0.0 ], [ 106.940151001000103, -6.09989299899998, 0.0 ], [ 106.940297, -6.100596, 0.0 ], [ 106.940309, -6.100685, 0.0 ], [ 106.940587, -6.100642, 0.0 ], [ 106.940546999, -6.100535, 0.0 ], [ 106.940505, -6.100346, 0.0 ], [ 106.940301, -6.099137, 0.0 ], [ 106.94023, -6.098932, 0.0 ], [ 106.940111, -6.09849, 0.0 ], [ 106.940109, -6.098483000999934, 0.0 ], [ 106.939995001000071, -6.098051, 0.0 ], [ 106.939955, -6.097714999999894, 0.0 ], [ 106.93997, -6.097578, 0.0 ], [ 106.940008, -6.097597, 0.0 ], [ 106.940084, -6.097947, 0.0 ], [ 106.940235000000129, -6.098418, 0.0 ], [ 106.940334, -6.098424, 0.0 ], [ 106.941147, -6.09834, 0.0 ], [ 106.942928, -6.098086, 0.0 ], [ 106.943265, -6.098016, 0.0 ], [ 106.943825999000069, -6.097881, 0.0 ], [ 106.944689, -6.097778, 0.0 ], [ 106.944947, -6.097745, 0.0 ], [ 106.945179, -6.097736, 0.0 ], [ 106.945402, -6.097693, 0.0 ], [ 106.945628, -6.097577, 0.0 ], [ 106.94647900000011, -6.09705, 0.0 ], [ 106.947023, -6.096679, 0.0 ], [ 106.947319, -6.096496, 0.0 ], [ 106.947493, -6.096464, 0.0 ], [ 106.947913001000089, -6.096467, 0.0 ], [ 106.949276, -6.096458999999889, 0.0 ], [ 106.949587, -6.09645, 0.0 ], [ 106.950479000000129, -6.096435000999946, 0.0 ], [ 106.951034, -6.096425, 0.0 ], [ 106.952832, -6.096387, 0.0 ], [ 106.954519, -6.096384, 0.0 ], [ 106.955456001000087, -6.096309, 0.0 ], [ 106.95632099900007, -6.096148, 0.0 ], [ 106.956725, -6.096051, 0.0 ], [ 106.956792, -6.09604, 0.0 ], [ 106.956856000000101, -6.095555, 0.0 ], [ 106.95686, -6.095536, 0.0 ], [ 106.956923, -6.095514, 0.0 ], [ 106.956954, -6.09551, 0.0 ], [ 106.956956, -6.095538, 0.0 ], [ 106.956956001000023, -6.095572, 0.0 ], [ 106.956934, -6.095580999999896, 0.0 ], [ 106.956920001000071, -6.095588, 0.0 ], [ 106.956864999000047, -6.095916, 0.0 ], [ 106.956826999000015, -6.096109, 0.0 ], [ 106.956856000000101, -6.096121001, 0.0 ], [ 106.956868, -6.09657, 0.0 ], [ 106.956865999000044, -6.09673, 0.0 ], [ 106.956834, -6.096864, 0.0 ], [ 106.95678, -6.097041999999899, 0.0 ], [ 106.956752, -6.09719600099994, 0.0 ], [ 106.956113, -6.098242, 0.0 ], [ 106.955624, -6.098829, 0.0 ], [ 106.955598999000102, -6.098854000999989, 0.0 ], [ 106.955812999000045, -6.098885, 0.0 ], [ 106.955961, -6.098851, 0.0 ], [ 106.955989999000039, -6.098845, 0.0 ], [ 106.956264, -6.098689, 0.0 ], [ 106.956363, -6.098589, 0.0 ], [ 106.956421999000071, -6.09853, 0.0 ], [ 106.956558, -6.09839, 0.0 ], [ 106.956639, -6.098271, 0.0 ], [ 106.956848, -6.097957, 0.0 ], [ 106.957002, -6.097800000999911, 0.0 ], [ 106.957288, -6.097587998999956, 0.0 ], [ 106.957441000000102, -6.097479, 0.0 ], [ 106.957538, -6.097346, 0.0 ], [ 106.957541, -6.097229, 0.0 ], [ 106.957602, -6.097061998999955, 0.0 ], [ 106.957706, -6.09688, 0.0 ], [ 106.957726999000045, -6.096845000999942, 0.0 ], [ 106.957867, -6.096716, 0.0 ], [ 106.958093999000127, -6.096534000999966, 0.0 ], [ 106.958485999000047, -6.096159000999936, 0.0 ], [ 106.958567, -6.09595, 0.0 ], [ 106.958656, -6.095395, 0.0 ], [ 106.958779, -6.094312, 0.0 ], [ 106.958913999000032, -6.093966, 0.0 ], [ 106.959267, -6.093582000999966, 0.0 ], [ 106.959585, -6.093398998999923, 0.0 ], [ 106.960365, -6.093087, 0.0 ], [ 106.960828, -6.092830998999911, 0.0 ], [ 106.961209, -6.092675, 0.0 ], [ 106.961408001000052, -6.092601, 0.0 ], [ 106.961545, -6.092555000999901, 0.0 ], [ 106.961681, -6.092491, 0.0 ], [ 106.961808000000119, -6.092473, 0.0 ], [ 106.961926000000105, -6.092481, 0.0 ], [ 106.962244, -6.092444, 0.0 ], [ 106.962388999000041, -6.092407, 0.0 ], [ 106.962642999000096, -6.092315, 0.0 ], [ 106.963007, -6.092221, 0.0 ], [ 106.963506, -6.09203, 0.0 ], [ 106.963742, -6.091983, 0.0 ], [ 106.96395, -6.091919, 0.0 ], [ 106.964323, -6.091827, 0.0 ], [ 106.964803999000111, -6.091707, 0.0 ], [ 106.965022, -6.091679, 0.0 ], [ 106.965376, -6.091595, 0.0 ], [ 106.96559400000011, -6.091558, 0.0 ], [ 106.966431, -6.091407, 0.0 ], [ 106.967154, -6.091216, 0.0 ], [ 106.968338999000125, -6.090856000999924, 0.0 ], [ 106.968715, -6.090752, 0.0 ], [ 106.968916, -6.090707, 0.0 ], [ 106.968988, -6.090691, 0.0 ], [ 106.969131000000104, -6.091725, 0.0 ], [ 106.969532, -6.094630999999897, 0.0 ], [ 106.970515001000038, -6.100203998999955, 0.0 ], [ 106.970849, -6.101862, 0.0 ], [ 106.971443, -6.104813, 0.0 ], [ 106.971603, -6.106890999, 0.0 ], [ 106.971517, -6.111098000999917, 0.0 ], [ 106.971325, -6.113988, 0.0 ], [ 106.970878, -6.11652399899998, 0.0 ], [ 106.970490001000101, -6.121087998999954, 0.0 ], [ 106.970770959000077, -6.124533511000021, 0.0 ], [ 106.970808980000029, -6.124999761999963, 0.0 ], [ 106.970809000000116, -6.125, 0.0 ], [ 106.970453134000081, -6.126454452999976, 0.0 ], [ 106.970453, -6.126455, 0.0 ], [ 106.970492, -6.128833, 0.0 ], [ 106.97327, -6.148083, 0.0 ], [ 106.972738, -6.154188, 0.0 ], [ 106.971893000000108, -6.154615, 0.0 ], [ 106.971629043000021, -6.172234114999988, 0.0 ], [ 106.971629, -6.172237, 0.0 ], [ 106.97173298300001, -6.174542619999947, 0.0 ], [ 106.9717330000001, -6.174543, 0.0 ], [ 106.969741469000084, -6.191260675999956, 0.0 ], [ 106.9694186870001, -6.193970266999973, 0.0 ], [ 106.969375, -6.194337, 0.0 ], [ 106.967294658000043, -6.194730668, 0.0 ], [ 106.966850570000076, -6.194814702999942, 0.0 ], [ 106.96684914500004, -6.194814971999964, 0.0 ], [ 106.966849000000124, -6.194815, 0.0 ], [ 106.966848937000023, -6.194816177999975, 0.0 ], [ 106.96670677300007, -6.197463408999983, 0.0 ], [ 106.966589916, -6.199639408999904, 0.0 ], [ 106.966412549000069, -6.20294227299998, 0.0 ], [ 106.966392152000068, -6.203322093999965, 0.0 ], [ 106.966235414000067, -6.206240895999972, 0.0 ], [ 106.966199010000068, -6.20691880999993, 0.0 ], [ 106.966199, -6.206919, 0.0 ], [ 106.966198492000032, -6.206919147999958, 0.0 ], [ 106.960372, -6.208612, 0.0 ], [ 106.957437000000127, -6.214542, 0.0 ], [ 106.956301223000111, -6.217916747999965, 0.0 ], [ 106.955852952000058, -6.219248697999948, 0.0 ], [ 106.955764, -6.219513, 0.0 ], [ 106.955758510000067, -6.219512525999928, 0.0 ], [ 106.955613899000085, -6.219500053999962, 0.0 ], [ 106.954640245000093, -6.219416077999941, 0.0 ], [ 106.951508588000053, -6.219145963999974, 0.0 ], [ 106.950904259000055, -6.219093836999924, 0.0 ], [ 106.950839341000105, -6.219088236999905, 0.0 ], [ 106.950825295000101, -6.219087024999983, 0.0 ], [ 106.950824999000076, -6.219087, 0.0 ], [ 106.950824831000062, -6.219088326, 0.0 ], [ 106.949543, -6.229183, 0.0 ], [ 106.946295999000057, -6.233160000999895, 0.0 ], [ 106.946295951000053, -6.233160101999903, 0.0 ], [ 106.946295646000038, -6.233160741999956, 0.0 ], [ 106.944636188000047, -6.236640664999939, 0.0 ], [ 106.944214, -6.237526, 0.0 ], [ 106.942182999000096, -6.238089, 0.0 ], [ 106.942259380000024, -6.238754033, 0.0 ], [ 106.9423740000001, -6.239752, 0.0 ], [ 106.9434830000001, -6.239748000999914, 0.0 ], [ 106.943811, -6.249688999999893, 0.0 ], [ 106.943798001000062, -6.25, 0.0 ], [ 106.943797925000055, -6.250002144999957, 0.0 ], [ 106.943756, -6.251182, 0.0 ], [ 106.944027, -6.25245, 0.0 ], [ 106.943142, -6.252489, 0.0 ], [ 106.942764001000029, -6.252707, 0.0 ], [ 106.94160800000013, -6.252729999999886, 0.0 ], [ 106.941338, -6.253129000999948, 0.0 ], [ 106.941104001000085, -6.25331, 0.0 ], [ 106.940798, -6.253546, 0.0 ], [ 106.935844, -6.253167, 0.0 ], [ 106.934509, -6.253714, 0.0 ], [ 106.933481, -6.254097, 0.0 ], [ 106.9319089990001, -6.253868000999987, 0.0 ], [ 106.931023001000071, -6.253673001000017, 0.0 ], [ 106.929576, -6.253135998999905, 0.0 ], [ 106.928885918000077, -6.253751466999937, 0.0 ], [ 106.92805, -6.254497000999983, 0.0 ], [ 106.927914775000019, -6.254617569999922, 0.0 ], [ 106.927847, -6.254678, 0.0 ], [ 106.927159000000103, -6.254121, 0.0 ], [ 106.924719, -6.253858, 0.0 ], [ 106.922078215000099, -6.253903215999969, 0.0 ], [ 106.922005440000106, -6.253904461999984, 0.0 ], [ 106.921974, -6.253905, 0.0 ], [ 106.92181, -6.253616, 0.0 ], [ 106.921555, -6.253002, 0.0 ], [ 106.921626, -6.25255, 0.0 ], [ 106.921461, -6.252099001, 0.0 ], [ 106.921351, -6.251702, 0.0 ], [ 106.921586, -6.251538, 0.0 ], [ 106.921476, -6.251304, 0.0 ], [ 106.921129, -6.250961, 0.0 ], [ 106.920876, -6.250818, 0.0 ], [ 106.920911, -6.250564, 0.0 ], [ 106.919935, -6.250405, 0.0 ], [ 106.919266999000016, -6.250661, 0.0 ], [ 106.919233, -6.251257, 0.0 ], [ 106.918241000000123, -6.251604999999884, 0.0 ], [ 106.918079, -6.25184, 0.0 ], [ 106.917863000000111, -6.251877001, 0.0 ], [ 106.917702000000119, -6.252311000999946, 0.0 ], [ 106.917467, -6.252385, 0.0 ], [ 106.917252, -6.252711, 0.0 ], [ 106.916312, -6.252678000999936, 0.0 ], [ 106.916353, -6.254034, 0.0 ], [ 106.916733, -6.254013999999898, 0.0 ], [ 106.916615, -6.256419000999937, 0.0 ], [ 106.916398, -6.256528, 0.0 ], [ 106.916202, -6.257161000999957, 0.0 ], [ 106.916186, -6.25774, 0.0 ], [ 106.915755, -6.258501, 0.0 ], [ 106.913658, -6.258092, 0.0 ], [ 106.913007999000044, -6.25793199999989, 0.0 ], [ 106.91143199900003, -6.256926, 0.0 ], [ 106.910761, -6.256079, 0.0 ], [ 106.910380000000117, -6.255755, 0.0 ], [ 106.909874, -6.255666, 0.0 ], [ 106.910171, -6.257744, 0.0 ], [ 106.910081, -6.257852, 0.0 ], [ 106.909991, -6.25807, 0.0 ], [ 106.905609, -6.260181999999894, 0.0 ], [ 106.90532355600007, -6.260183501999929, 0.0 ], [ 106.905229, -6.260184, 0.0 ], [ 106.905124, -6.260517000999901, 0.0 ], [ 106.904596, -6.26135, 0.0 ], [ 106.904298, -6.261783, 0.0 ], [ 106.904234, -6.262282, 0.0 ], [ 106.9049, -6.262844, 0.0 ], [ 106.905267, -6.263208, 0.0 ], [ 106.904835999000056, -6.263476, 0.0 ], [ 106.905004000000105, -6.264173, 0.0 ], [ 106.904541, -6.264573, 0.0 ], [ 106.90481, -6.265403, 0.0 ], [ 106.904446, -6.265903, 0.0 ], [ 106.90438, -6.266003, 0.0 ], [ 106.904594033000109, -6.266130389999926, 0.0 ], [ 106.904879, -6.2663, 0.0 ], [ 106.904897129000048, -6.266339387999988, 0.0 ], [ 106.905026368000094, -6.26662017599995, 0.0 ], [ 106.90504700000011, -6.266665, 0.0 ], [ 106.905011954000045, -6.266782880999912, 0.0 ], [ 106.904948, -6.266998, 0.0 ], [ 106.904651, -6.267364, 0.0 ], [ 106.904899549000078, -6.267759146999953, 0.0 ], [ 106.904915701000078, -6.267784825999946, 0.0 ], [ 106.904985, -6.267895, 0.0 ], [ 106.905351, -6.268126000999931, 0.0 ], [ 106.905386, -6.26879, 0.0 ], [ 106.904756999000099, -6.269158000999965, 0.0 ], [ 106.904193999000057, -6.269758, 0.0 ], [ 106.904062, -6.269925, 0.0 ], [ 106.904240060000049, -6.27021243, 0.0 ], [ 106.904308667000038, -6.270323177999916, 0.0 ], [ 106.904328999000114, -6.270356, 0.0 ], [ 106.9045950000001, -6.270322, 0.0 ], [ 106.905359, -6.270352, 0.0 ], [ 106.905326000000102, -6.270352000999903, 0.0 ], [ 106.905328, -6.270984, 0.0 ], [ 106.905628, -6.271381, 0.0 ], [ 106.906062, -6.271812000999912, 0.0 ], [ 106.906626000000102, -6.271909000999944, 0.0 ], [ 106.90706, -6.27244, 0.0 ], [ 106.907856, -6.272171, 0.0 ], [ 106.908553, -6.272035, 0.0 ], [ 106.908322, -6.272535000999959, 0.0 ], [ 106.908462887000027, -6.27259071199995, 0.0 ], [ 106.908839763000046, -6.272739740999935, 0.0 ], [ 106.909154, -6.272864, 0.0 ], [ 106.909716, -6.27233, 0.0 ], [ 106.909652, -6.272962, 0.0 ], [ 106.90919, -6.273694, 0.0 ], [ 106.908926, -6.274227, 0.0 ], [ 106.909161, -6.274858, 0.0 ], [ 106.909164, -6.275589, 0.0 ], [ 106.909001, -6.276553000999964, 0.0 ], [ 106.908846457000067, -6.277554249999941, 0.0 ], [ 106.908810551000016, -6.277786874999915, 0.0 ], [ 106.908742, -6.27823100099998, 0.0 ], [ 106.908644, -6.27873, 0.0 ], [ 106.908514, -6.279561, 0.0 ], [ 106.908549, -6.280126, 0.0 ], [ 106.909016, -6.280756, 0.0 ], [ 106.908588, -6.281587998999917, 0.0 ], [ 106.907959, -6.282155, 0.0 ], [ 106.907795000000107, -6.282621, 0.0 ], [ 106.908260001000116, -6.282885, 0.0 ], [ 106.908758852000091, -6.284357563999922, 0.0 ], [ 106.908759000000103, -6.284358, 0.0 ], [ 106.908901, -6.285475, 0.0 ], [ 106.909023187000031, -6.285527548999916, 0.0 ], [ 106.909607527000063, -6.285778852999925, 0.0 ], [ 106.909666000000101, -6.285804, 0.0 ], [ 106.909436001000074, -6.286603, 0.0 ], [ 106.910234, -6.286932, 0.0 ], [ 106.910089220000131, -6.287388916999916, 0.0 ], [ 106.910047545000054, -6.287520439999962, 0.0 ], [ 106.909939, -6.287863000999973, 0.0 ], [ 106.909543, -6.288662001, 0.0 ], [ 106.909577000000112, -6.288729, 0.0 ], [ 106.909976, -6.289026, 0.0 ], [ 106.909747, -6.289725, 0.0 ], [ 106.909251, -6.290358, 0.0 ], [ 106.90945300100006, -6.291088, 0.0 ], [ 106.909620793, -6.290830943999961, 0.0 ], [ 106.910344, -6.289723, 0.0 ], [ 106.910909000000103, -6.289687, 0.0 ], [ 106.91076340900004, -6.289873097999934, 0.0 ], [ 106.910413, -6.290321, 0.0 ], [ 106.910548, -6.290951, 0.0 ], [ 106.910756262000078, -6.290763632999898, 0.0 ], [ 106.911475, -6.290117, 0.0 ], [ 106.911574368000089, -6.290215706999948, 0.0 ], [ 106.91176108500008, -6.290401178999929, 0.0 ], [ 106.911775, -6.290415000999918, 0.0 ], [ 106.911738456000066, -6.290435954999964, 0.0 ], [ 106.910316999000059, -6.291251, 0.0 ], [ 106.91041799900006, -6.291683, 0.0 ], [ 106.910458886000072, -6.291710818999931, 0.0 ], [ 106.91105, -6.292113001, 0.0 ], [ 106.911161887000063, -6.291917891000011, 0.0 ], [ 106.911413, -6.29148, 0.0 ], [ 106.911601497000021, -6.291783142999964, 0.0 ], [ 106.911681, -6.291911, 0.0 ], [ 106.911666791000087, -6.291941462999919, 0.0 ], [ 106.911449653000062, -6.292406993999979, 0.0 ], [ 106.911417000000114, -6.292477, 0.0 ], [ 106.911398980000044, -6.292487296999962, 0.0 ], [ 106.910527133000031, -6.292985495999972, 0.0 ], [ 106.910423, -6.293045000999921, 0.0 ], [ 106.910248211000052, -6.293417529999925, 0.0 ], [ 106.910126, -6.293678, 0.0 ], [ 106.910194, -6.294176, 0.0 ], [ 106.910244668000104, -6.294193634999925, 0.0 ], [ 106.910342192000101, -6.29422757899998, 0.0 ], [ 106.91076, -6.294373, 0.0 ], [ 106.910920315000055, -6.294397121999975, 0.0 ], [ 106.91162575000007, -6.294503263999964, 0.0 ], [ 106.912056, -6.294568, 0.0 ], [ 106.912156, -6.294867, 0.0 ], [ 106.911730956000071, -6.295229769999946, 0.0 ], [ 106.911726, -6.29523400099994, 0.0 ], [ 106.911694849000099, -6.29526536899996, 0.0 ], [ 106.911296, -6.295667, 0.0 ], [ 106.910899, -6.2962, 0.0 ], [ 106.911631, -6.296596000999923, 0.0 ], [ 106.911792260000084, -6.296914681, 0.0 ], [ 106.911798999000013, -6.296928, 0.0 ], [ 106.911775572000039, -6.296972644999911, 0.0 ], [ 106.911502001000045, -6.297494, 0.0 ], [ 106.911637001000116, -6.298125, 0.0 ], [ 106.911823950000041, -6.298254966999963, 0.0 ], [ 106.911901758000084, -6.298309059, 0.0 ], [ 106.912303, -6.298588000999896, 0.0 ], [ 106.912890949000129, -6.298739878999939, 0.0 ], [ 106.912934, -6.298750999999882, 0.0 ], [ 106.913677814000039, -6.298723193999891, 0.0 ], [ 106.913897, -6.298715, 0.0 ], [ 106.914195, -6.298248, 0.0 ], [ 106.914493, -6.298081, 0.0 ], [ 106.91479, -6.297515, 0.0 ], [ 106.915252999000074, -6.297181, 0.0 ], [ 106.915619, -6.297379, 0.0 ], [ 106.916418000000107, -6.297941, 0.0 ], [ 106.916875706000042, -6.298062701999953, 0.0 ], [ 106.917246680000105, -6.298161342999943, 0.0 ], [ 106.917283, -6.298171, 0.0 ], [ 106.917583, -6.298402, 0.0 ], [ 106.917551, -6.298967, 0.0 ], [ 106.917487, -6.299499, 0.0 ], [ 106.917621, -6.299897, 0.0 ], [ 106.917987, -6.299996, 0.0 ], [ 106.918351, -6.299728, 0.0 ], [ 106.918781, -6.299406000999987, 0.0 ], [ 106.91891600000011, -6.299909, 0.0 ], [ 106.918851, -6.300075, 0.0 ], [ 106.918753, -6.300507, 0.0 ], [ 106.918819999000064, -6.300673, 0.0 ], [ 106.919352, -6.300904, 0.0 ], [ 106.919717, -6.300903, 0.0 ], [ 106.920146, -6.30027, 0.0 ], [ 106.920698585000068, -6.300267227999925, 0.0 ], [ 106.920744, -6.300267001, 0.0 ], [ 106.920851, -6.300501999999899, 0.0 ], [ 106.920850945000069, -6.300502208999916, 0.0 ], [ 106.920714, -6.301032, 0.0 ], [ 106.920382999000068, -6.301465, 0.0 ], [ 106.920385, -6.301864, 0.0 ], [ 106.920552, -6.302096, 0.0 ], [ 106.920819, -6.30256, 0.0 ], [ 106.92112000000013, -6.303024, 0.0 ], [ 106.921254001000108, -6.303388998999939, 0.0 ], [ 106.921089, -6.303622, 0.0 ], [ 106.92129, -6.304087, 0.0 ], [ 106.921357, -6.304386, 0.0 ], [ 106.921421991000059, -6.304556520999906, 0.0 ], [ 106.921458000000115, -6.304651001, 0.0 ], [ 106.92146286600007, -6.30467215199997, 0.0 ], [ 106.921556, -6.305076999999894, 0.0 ], [ 106.921595, -6.305269, 0.0 ], [ 106.921594951000074, -6.305269082999889, 0.0 ], [ 106.921594433000038, -6.305269951999961, 0.0 ], [ 106.921415793000079, -6.305569474999963, 0.0 ], [ 106.9213290000001, -6.305715, 0.0 ], [ 106.921264, -6.306081, 0.0 ], [ 106.921366, -6.306678, 0.0 ], [ 106.92146600100007, -6.306977, 0.0 ], [ 106.921168, -6.307045, 0.0 ], [ 106.921035000000103, -6.307211, 0.0 ], [ 106.921013029000065, -6.30726131599997, 0.0 ], [ 106.920941435000088, -6.307425269999946, 0.0 ], [ 106.920904000000107, -6.307511, 0.0 ], [ 106.920606001000053, -6.307811, 0.0 ], [ 106.920374, -6.307911, 0.0 ], [ 106.92024200000013, -6.308277, 0.0 ], [ 106.920477, -6.308875, 0.0 ], [ 106.920779, -6.309671, 0.0 ], [ 106.920914, -6.310169000999945, 0.0 ], [ 106.920683, -6.310801, 0.0 ], [ 106.920021, -6.311169, 0.0 ], [ 106.920137573000019, -6.311347082999898, 0.0 ], [ 106.920455, -6.311832, 0.0 ], [ 106.920787999000098, -6.312163000999906, 0.0 ], [ 106.921099481000027, -6.31231740399998, 0.0 ], [ 106.921254, -6.312394, 0.0 ], [ 106.921421, -6.312726000999948, 0.0 ], [ 106.921755, -6.313223, 0.0 ], [ 106.922255, -6.31362, 0.0 ], [ 106.922364501000061, -6.31372874399996, 0.0 ], [ 106.922688, -6.31405, 0.0 ], [ 106.922639334000067, -6.314132426999965, 0.0 ], [ 106.921764, -6.315615000999976, 0.0 ], [ 106.921965, -6.316246, 0.0 ], [ 106.921967938000122, -6.316897189999928, 0.0 ], [ 106.921968, -6.316911, 0.0 ], [ 106.921949902000051, -6.316976992999958, 0.0 ], [ 106.921804, -6.317509, 0.0 ], [ 106.920676, -6.317846, 0.0 ], [ 106.920679, -6.31851, 0.0 ], [ 106.920846, -6.318842, 0.0 ], [ 106.920814, -6.319141, 0.0 ], [ 106.920683, -6.319607, 0.0 ], [ 106.920454, -6.320538, 0.0 ], [ 106.920484, -6.320726, 0.0 ], [ 106.920484003000084, -6.320726289999936, 0.0 ], [ 106.920489751000019, -6.321342193999914, 0.0 ], [ 106.92049, -6.321369, 0.0 ], [ 106.920515376000097, -6.321381836999908, 0.0 ], [ 106.920991086000114, -6.321622501999926, 0.0 ], [ 106.920997179, -6.321625583999914, 0.0 ], [ 106.920998, -6.321626, 0.0 ], [ 106.921059, -6.322662, 0.0 ], [ 106.921326000000121, -6.322993999999895, 0.0 ], [ 106.921494, -6.323574, 0.0 ], [ 106.921263, -6.323874, 0.0 ], [ 106.921031, -6.324141, 0.0 ], [ 106.920733, -6.324341, 0.0 ], [ 106.920501, -6.324508000999931, 0.0 ], [ 106.920069999000106, -6.32461, 0.0 ], [ 106.919804, -6.324611, 0.0 ], [ 106.919373, -6.324612, 0.0 ], [ 106.919141, -6.324846, 0.0 ], [ 106.919009001000077, -6.325178, 0.0 ], [ 106.91901006600007, -6.325373036, 0.0 ], [ 106.919011001000058, -6.325544, 0.0 ], [ 106.918980422000018, -6.325747227999969, 0.0 ], [ 106.918946000000105, -6.325976, 0.0 ], [ 106.918814, -6.326143, 0.0 ], [ 106.918615, -6.326243, 0.0 ], [ 106.918251, -6.326643, 0.0 ], [ 106.918086, -6.327043000999979, 0.0 ], [ 106.918055, -6.327574, 0.0 ], [ 106.918123, -6.328006, 0.0 ], [ 106.918219823000058, -6.328229994999958, 0.0 ], [ 106.918324, -6.328471, 0.0 ], [ 106.918407958000088, -6.328568180999962, 0.0 ], [ 106.918724, -6.328934000999944, 0.0 ], [ 106.918924, -6.329033, 0.0 ], [ 106.919555, -6.328931, 0.0 ], [ 106.92002, -6.328963, 0.0 ], [ 106.92028900000011, -6.32982600099994, 0.0 ], [ 106.920625000000115, -6.330854, 0.0 ], [ 106.920695999000131, -6.332117, 0.0 ], [ 106.920333000000113, -6.332916, 0.0 ], [ 106.920256026000047, -6.333284876999958, 0.0 ], [ 106.920256, -6.333285, 0.0 ], [ 106.920255796000035, -6.333285077999975, 0.0 ], [ 106.919738, -6.333483, 0.0 ], [ 106.9193420000001, -6.334282, 0.0 ], [ 106.919211, -6.334748, 0.0 ], [ 106.919146001000044, -6.335146, 0.0 ], [ 106.919213, -6.335445000999897, 0.0 ], [ 106.919348, -6.33591, 0.0 ], [ 106.919316, -6.336309, 0.0 ], [ 106.919119000000123, -6.336774999999896, 0.0 ], [ 106.91895499900005, -6.337473, 0.0 ], [ 106.919118564000087, -6.337761546999989, 0.0 ], [ 106.919256, -6.338003998999977, 0.0 ], [ 106.919243134000084, -6.338102569999961, 0.0 ], [ 106.919191, -6.338502, 0.0 ], [ 106.918429, -6.338837000999977, 0.0 ], [ 106.918215168000117, -6.339328613999974, 0.0 ], [ 106.918215000000103, -6.339329, 0.0 ], [ 106.9179, -6.339637001, 0.0 ], [ 106.918433, -6.340067, 0.0 ], [ 106.919265999000018, -6.340795, 0.0 ], [ 106.919235, -6.341393000999986, 0.0 ], [ 106.918926602000099, -6.34157112599998, 0.0 ], [ 106.918794435000081, -6.341647464, 0.0 ], [ 106.918771, -6.341661, 0.0 ], [ 106.918508000000102, -6.34226, 0.0 ], [ 106.91854092800007, -6.342381468999971, 0.0 ], [ 106.918620549000082, -6.342675182999937, 0.0 ], [ 106.918636185000054, -6.342732861999913, 0.0 ], [ 106.918642999000085, -6.34275800099995, 0.0 ], [ 106.918753853000013, -6.342835557999972, 0.0 ], [ 106.919209000000109, -6.343154, 0.0 ], [ 106.918844, -6.34338799899994, 0.0 ], [ 106.918148, -6.343657000999904, 0.0 ], [ 106.917184999000057, -6.34366, 0.0 ], [ 106.917021, -6.344292, 0.0 ], [ 106.916858, -6.345256, 0.0 ], [ 106.916986218000048, -6.345603952999969, 0.0 ], [ 106.917103071000028, -6.345921061999917, 0.0 ], [ 106.917127, -6.345986, 0.0 ], [ 106.916429, -6.345956, 0.0 ], [ 106.915799, -6.346124, 0.0 ], [ 106.916134, -6.346904, 0.0 ], [ 106.916633, -6.347134, 0.0 ], [ 106.916968, -6.347864, 0.0 ], [ 106.916504000000117, -6.348132, 0.0 ], [ 106.916284798000092, -6.348540737999954, 0.0 ], [ 106.916105133000059, -6.348875751999962, 0.0 ], [ 106.916105, -6.348876, 0.0 ], [ 106.916219823000048, -6.348969906999937, 0.0 ], [ 106.916374000000104, -6.349096, 0.0 ], [ 106.917174, -6.349757000999958, 0.0 ], [ 106.917542000000111, -6.350387000999948, 0.0 ], [ 106.916912000000124, -6.350755000999932, 0.0 ], [ 106.916250999000056, -6.351622, 0.0 ], [ 106.916617, -6.351886000999986, 0.0 ], [ 106.916753999, -6.352816, 0.0 ], [ 106.917086, -6.352948, 0.0 ], [ 106.91659, -6.353381, 0.0 ], [ 106.915398, -6.354449, 0.0 ], [ 106.915334000000115, -6.355114, 0.0 ], [ 106.916930999, -6.356005, 0.0 ], [ 106.916832999000064, -6.356371, 0.0 ], [ 106.91563700100005, -6.356309, 0.0 ], [ 106.915107001000081, -6.356776, 0.0 ], [ 106.914446, -6.357609, 0.0 ], [ 106.914615, -6.358207, 0.0 ], [ 106.913453, -6.358444, 0.0 ], [ 106.913588, -6.358942, 0.0 ], [ 106.914187, -6.359372, 0.0 ], [ 106.913957, -6.360103, 0.0 ], [ 106.914722999, -6.360499, 0.0 ], [ 106.915388, -6.360696000999912, 0.0 ], [ 106.914393, -6.361232, 0.0 ], [ 106.914895, -6.36206, 0.0 ], [ 106.915926, -6.362688, 0.0 ], [ 106.915762, -6.362988, 0.0 ], [ 106.9146, -6.363125, 0.0 ], [ 106.914868000000112, -6.363855, 0.0 ], [ 106.914470999000031, -6.364355, 0.0 ], [ 106.91434500600009, -6.365546002000013, 0.0 ], [ 106.913648001000055, -6.364942, 0.0 ], [ 106.912981, -6.36418, 0.0 ], [ 106.911452, -6.363953, 0.0 ], [ 106.910488, -6.363591, 0.0 ], [ 106.91012, -6.362828001000011, 0.0 ], [ 106.909022, -6.362301000999928, 0.0 ], [ 106.907755, -6.361043, 0.0 ], [ 106.90659, -6.360482000999969, 0.0 ], [ 106.905695, -6.360818, 0.0 ], [ 106.904703999000063, -6.362416000999939, 0.0 ], [ 106.903679001000071, -6.363616, 0.0 ], [ 106.902425, -6.365947000999974, 0.0 ], [ 106.901771001000029, -6.368641, 0.0 ], [ 106.901208, -6.369142, 0.0 ], [ 106.900346, -6.369411000999971, 0.0 ], [ 106.89885, -6.369017, 0.0 ], [ 106.897519, -6.368523998999944, 0.0 ], [ 106.897254, -6.368791, 0.0 ], [ 106.896495, -6.369949, 0.0 ], [ 106.896097001000058, -6.370166998999906, 0.0 ], [ 106.895758575000031, -6.370730042999952, 0.0 ], [ 106.895758, -6.370731, 0.0 ], [ 106.895567, -6.370634, 0.0 ], [ 106.894471, -6.370688, 0.0 ], [ 106.893339000000125, -6.369828001000013, 0.0 ], [ 106.892474, -6.369632, 0.0 ], [ 106.891709, -6.369269, 0.0 ], [ 106.89003, -6.368777, 0.0 ], [ 106.889536262000078, -6.368459168999909, 0.0 ], [ 106.889536, -6.368459000999984, 0.0 ], [ 106.889535561000102, -6.368457803999974, 0.0 ], [ 106.88925050000006, -6.367681361999946, 0.0 ], [ 106.889250000000104, -6.36768, 0.0 ], [ 106.889116155000039, -6.367466246999911, 0.0 ], [ 106.889116001000033, -6.367466, 0.0 ], [ 106.888616, -6.36825000100001, 0.0 ], [ 106.887886, -6.368270000999889, 0.0 ], [ 106.887675, -6.369616, 0.0 ], [ 106.886828, -6.369536, 0.0 ], [ 106.885931000000113, -6.369606, 0.0 ], [ 106.885001001000077, -6.369676, 0.0 ], [ 106.884038, -6.369563, 0.0 ], [ 106.883725314000046, -6.369944602999979, 0.0 ], [ 106.883489, -6.370233000999949, 0.0 ], [ 106.88348893600002, -6.370232960999946, 0.0 ], [ 106.883487118000048, -6.37023181899994, 0.0 ], [ 106.882826, -6.369817, 0.0 ], [ 106.88322, -6.368453, 0.0 ], [ 106.88365, -6.368003, 0.0 ], [ 106.883911, -6.366639, 0.0 ], [ 106.883759999000077, -6.366341, 0.0 ], [ 106.883428, -6.366209, 0.0 ], [ 106.883415, -6.365746, 0.0 ], [ 106.883512, -6.365629, 0.0 ], [ 106.883628, -6.365511, 0.0 ], [ 106.883666, -6.365219, 0.0 ], [ 106.883633808000113, -6.36513589299992, 0.0 ], [ 106.883616824000043, -6.365092045999933, 0.0 ], [ 106.883568, -6.364966, 0.0 ], [ 106.883372, -6.364733, 0.0 ], [ 106.882982, -6.364695, 0.0 ], [ 106.88275, -6.364988, 0.0 ], [ 106.882476, -6.364794, 0.0 ], [ 106.882203, -6.364716999999899, 0.0 ], [ 106.881932, -6.365167001, 0.0 ], [ 106.882012000000131, -6.365809, 0.0 ], [ 106.882053, -6.366218, 0.0 ], [ 106.8818, -6.366180000999979, 0.0 ], [ 106.881411, -6.366416, 0.0 ], [ 106.881119, -6.366417, 0.0 ], [ 106.880864, -6.366145, 0.0 ], [ 106.8809210000001, -6.365579, 0.0 ], [ 106.880977000000115, -6.36497499899993, 0.0 ], [ 106.880655999000012, -6.364638000999935, 0.0 ], [ 106.880652346000076, -6.364635057999958, 0.0 ], [ 106.880148203000019, -6.364228963999931, 0.0 ], [ 106.880039, -6.364141, 0.0 ], [ 106.879709, -6.364532, 0.0 ], [ 106.879319, -6.364220999999894, 0.0 ], [ 106.87892800000013, -6.363833, 0.0 ], [ 106.8784220000001, -6.363932, 0.0 ], [ 106.878323, -6.363543, 0.0 ], [ 106.877951, -6.363038, 0.0 ], [ 106.878319, -6.362607, 0.0 ], [ 106.878513999000063, -6.362431000999937, 0.0 ], [ 106.878415, -6.362217, 0.0 ], [ 106.878531, -6.361886, 0.0 ], [ 106.878823, -6.361826, 0.0 ], [ 106.879134999000115, -6.361825, 0.0 ], [ 106.879191999000028, -6.361455, 0.0 ], [ 106.878956, -6.361007, 0.0 ], [ 106.877905, -6.361031000999919, 0.0 ], [ 106.877456, -6.360837, 0.0 ], [ 106.877185, -6.361403000999967, 0.0 ], [ 106.876757, -6.361522, 0.0 ], [ 106.876583, -6.361776, 0.0 ], [ 106.875957999000065, -6.361447, 0.0 ], [ 106.87499999900011, -6.361478, 0.0 ], [ 106.87499999900011, -6.361635, 0.0 ], [ 106.87499999900011, -6.361635129999989, 0.0 ], [ 106.875, -6.361714, 0.0 ], [ 106.875, -6.362126, 0.0 ], [ 106.874325213000049, -6.361403064999973, 0.0 ], [ 106.87294, -6.359919, 0.0 ], [ 106.872020666000068, -6.359150233, 0.0 ], [ 106.871786, -6.358954, 0.0 ], [ 106.87032, -6.355385, 0.0 ], [ 106.87012, -6.352954, 0.0 ], [ 106.87011948500006, -6.352953951999975, 0.0 ], [ 106.869585, -6.352903999000016, 0.0 ], [ 106.868857999000042, -6.352906999, 0.0 ], [ 106.867889, -6.352911, 0.0 ], [ 106.866739, -6.352854, 0.0 ], [ 106.864861999000084, -6.352921001, 0.0 ], [ 106.863711, -6.352926, 0.0 ], [ 106.862682, -6.352929, 0.0 ], [ 106.861714, -6.353114, 0.0 ], [ 106.859882, -6.353546, 0.0 ], [ 106.859655, -6.353061, 0.0 ], [ 106.858561, -6.351854, 0.0 ], [ 106.857831, -6.351008, 0.0 ], [ 106.857038999000025, -6.349436, 0.0 ], [ 106.856733000000105, -6.34871, 0.0 ], [ 106.85632879300006, -6.348090418, 0.0 ], [ 106.856062999000088, -6.347683, 0.0 ], [ 106.85588, -6.347138, 0.0 ], [ 106.856479455000084, -6.347111518, 0.0 ], [ 106.856626793000018, -6.347105009, 0.0 ], [ 106.856627, -6.347105, 0.0 ], [ 106.856626853000108, -6.347104814999984, 0.0 ], [ 106.855693000000116, -6.345806, 0.0 ], [ 106.855208, -6.345444, 0.0 ], [ 106.854081046000061, -6.345463998999936, 0.0 ], [ 106.854081, -6.345464, 0.0 ], [ 106.853873, -6.344783, 0.0 ], [ 106.852841, -6.343938, 0.0 ], [ 106.851749, -6.343396999999886, 0.0 ], [ 106.85096, -6.342734, 0.0 ], [ 106.85017, -6.341888, 0.0 ], [ 106.849743, -6.341224, 0.0 ], [ 106.849196001000081, -6.340438, 0.0 ], [ 106.848951, -6.339833000999963, 0.0 ], [ 106.848282, -6.339048, 0.0 ], [ 106.84719, -6.338385, 0.0 ], [ 106.846796923000085, -6.338432750000013, 0.0 ], [ 106.846161, -6.33851, 0.0 ], [ 106.845499, -6.339663999000013, 0.0 ], [ 106.845441, -6.340209, 0.0 ], [ 106.844776999000018, -6.340757, 0.0 ], [ 106.843628, -6.341306, 0.0 ], [ 106.842963, -6.341611, 0.0 ], [ 106.841753, -6.341797, 0.0 ], [ 106.84094312600007, -6.3419877339999, 0.0 ], [ 106.840942, -6.341988, 0.0 ], [ 106.840941445000013, -6.341988489999963, 0.0 ], [ 106.840273482000086, -6.342577506999937, 0.0 ], [ 106.839639, -6.343137, 0.0 ], [ 106.839220768000104, -6.343446288999967, 0.0 ], [ 106.838733, -6.343807, 0.0 ], [ 106.837766, -6.344477000999984, 0.0 ] ] ], [ [ [ 106.736419990000059, -6.039481746999968, 0.0 ], [ 106.736403946000053, -6.03954355999997, 0.0 ], [ 106.736343862000069, -6.039601330999972, 0.0 ], [ 106.736322979000079, -6.039656564999973, 0.0 ], [ 106.736319108000089, -6.039752932999932, 0.0 ], [ 106.736312271000088, -6.039798142999928, 0.0 ], [ 106.736274200000082, -6.039875474999974, 0.0 ], [ 106.736205225000049, -6.039949928999931, 0.0 ], [ 106.736076677000085, -6.039991527999973, 0.0 ], [ 106.736025070000039, -6.040019431999951, 0.0 ], [ 106.735986999000033, -6.039958517999935, 0.0 ], [ 106.735842328000047, -6.040063213999929, 0.0 ], [ 106.735792835000041, -6.039998492999928, 0.0 ], [ 106.735645308000073, -6.04011746599997, 0.0 ], [ 106.735591057000079, -6.040050840999925, 0.0 ], [ 106.735420687000044, -6.040184090999958, 0.0 ], [ 106.735286486000064, -6.039999444999978, 0.0 ], [ 106.735388089000082, -6.039927346999946, 0.0 ], [ 106.735419497000066, -6.039881661999971, 0.0 ], [ 106.735423781000065, -6.039828837999949, 0.0 ], [ 106.735365246000072, -6.039740321999943, 0.0 ], [ 106.73546232800004, -6.03968178699995, 0.0 ], [ 106.73546946600004, -6.039650377999976, 0.0 ], [ 106.735466611000049, -6.039613257999974, 0.0 ], [ 106.735435202000076, -6.039567572999943, 0.0 ], [ 106.735389516000055, -6.039513320999959, 0.0 ], [ 106.735375240000053, -6.039489050999975, 0.0 ], [ 106.73538224400005, -6.039461402999962, 0.0 ], [ 106.735422493000044, -6.039252813999951, 0.0 ], [ 106.735478270000044, -6.039075975999936, 0.0 ], [ 106.735350969000081, -6.039027196999939, 0.0 ], [ 106.735362489000067, -6.03900850399998, 0.0 ], [ 106.735390230000064, -6.038992694999934, 0.0 ], [ 106.735414025000068, -6.038965330999929, 0.0 ], [ 106.735452096000074, -6.038886808999962, 0.0 ], [ 106.735560362000058, -6.03862149899993, 0.0 ], [ 106.735605571000065, -6.038476351999975, 0.0 ], [ 106.735612710000055, -6.038370465999947, 0.0 ], [ 106.735621226000035, -6.03832170499993, 0.0 ], [ 106.735660749000033, -6.038292061999925, 0.0 ], [ 106.735729278000065, -6.038299676999941, 0.0 ], [ 106.73578638500004, -6.038330133999978, 0.0 ], [ 106.735814270000049, -6.03835158399994, 0.0 ], [ 106.735822102000043, -6.038408536999953, 0.0 ], [ 106.735843517000035, -6.038494197999967, 0.0 ], [ 106.735883968000053, -6.038562012999932, 0.0 ], [ 106.735955352000076, -6.038614360999929, 0.0 ], [ 106.735995808000041, -6.038613010999939, 0.0 ], [ 106.736019598000041, -6.03862149899993, 0.0 ], [ 106.736036111000033, -6.038659382999981, 0.0 ], [ 106.73606361800006, -6.038711918999979, 0.0 ], [ 106.736101689000066, -6.038757127999929, 0.0 ], [ 106.736221852000085, -6.038873097999954, 0.0 ], [ 106.736333314000035, -6.039001346999953, 0.0 ], [ 106.73636343000004, -6.039067647999957, 0.0 ], [ 106.736387224000055, -6.039109288999953, 0.0 ], [ 106.736462177000078, -6.039179482999941, 0.0 ], [ 106.736476454000069, -6.039246107999929, 0.0 ], [ 106.736464672000068, -6.03934490499995, 0.0 ], [ 106.736419990000059, -6.039481746999968, 0.0 ] ] ], [ [ [ 106.747176645000081, -6.034363147999954, 0.0 ], [ 106.747178339000072, -6.034363, 0.0 ], [ 106.747179981000045, -6.034362558999931, 0.0 ], [ 106.747181654000087, -6.034361760999957, 0.0 ], [ 106.747220543000083, -6.034337634999929, 0.0 ], [ 106.747221674000059, -6.034336814999961, 0.0 ], [ 106.74722287600008, -6.03433561199995, 0.0 ], [ 106.747223851000058, -6.03433421699998, 0.0 ], [ 106.747224635000066, -6.034332481999968, 0.0 ], [ 106.747245547000034, -6.034266564999939, 0.0 ], [ 106.747458133000066, -6.034188448999942, 0.0 ], [ 106.747535500000083, -6.034209231999967, 0.0 ], [ 106.747537612000087, -6.034209472999976, 0.0 ], [ 106.747539306000078, -6.03420932399996, 0.0 ], [ 106.74754094900004, -6.034208883999952, 0.0 ], [ 106.747542414000065, -6.034208207999939, 0.0 ], [ 106.747605680000049, -6.034172399999932, 0.0 ], [ 106.747625757000037, -6.034185306999973, 0.0 ], [ 106.747640715000045, -6.034232786999951, 0.0 ], [ 106.74764108800008, -6.034233730999972, 0.0 ], [ 106.747670147000065, -6.034296952999966, 0.0 ], [ 106.747658500000057, -6.034335775999978, 0.0 ], [ 106.747639861000039, -6.034460923999973, 0.0 ], [ 106.747634535000088, -6.034562107999932, 0.0 ], [ 106.747687790000043, -6.034628675999954, 0.0 ], [ 106.747727731000055, -6.034663291999948, 0.0 ], [ 106.747786311000084, -6.034719208999945, 0.0 ], [ 106.747818264000045, -6.034796427999936, 0.0 ], [ 106.747871518000068, -6.034990806999929, 0.0 ], [ 106.747914122000054, -6.035097316999952, 0.0 ], [ 106.747927825000033, -6.035119012999928, 0.0 ], [ 106.747929716000044, -6.035122006999927, 0.0 ], [ 106.747930599000085, -6.035122889999968, 0.0 ], [ 106.747931991000087, -6.035123866999925, 0.0 ], [ 106.747933532000047, -6.035124585999938, 0.0 ], [ 106.74793442400005, -6.035124824999968, 0.0 ], [ 106.747932761000072, -6.035131931999956, 0.0 ], [ 106.747955047000062, -6.035150396999938, 0.0 ], [ 106.747954063000066, -6.035161221999942, 0.0 ], [ 106.747983353000052, -6.035278381999944, 0.0 ], [ 106.747983353000052, -6.035316560999945, 0.0 ], [ 106.747983339000086, -6.035316700999942, 0.0 ], [ 106.747969756000089, -6.035988442999951, 0.0 ], [ 106.747937534000073, -6.036134341999968, 0.0 ], [ 106.747937346000072, -6.036136361999979, 0.0 ], [ 106.747940787000061, -6.03627970499997, 0.0 ], [ 106.747935294000058, -6.036416279999969, 0.0 ], [ 106.747903119000057, -6.036592175999942, 0.0 ], [ 106.747902964000048, -6.036593903999972, 0.0 ], [ 106.747903165000082, -6.036595854999973, 0.0 ], [ 106.747926903000064, -6.03669834699997, 0.0 ], [ 106.747903822000069, -6.036786194999934, 0.0 ], [ 106.747903616000087, -6.036787538999931, 0.0 ], [ 106.747898562000046, -6.036853444999963, 0.0 ], [ 106.747766461000083, -6.036855548999938, 0.0 ], [ 106.747764927000048, -6.036855695999975, 0.0 ], [ 106.74762617500005, -6.036880110999959, 0.0 ], [ 106.747410329000047, -6.036933677999968, 0.0 ], [ 106.747408537000069, -6.036934412999926, 0.0 ], [ 106.747275579000075, -6.037006267999971, 0.0 ], [ 106.747142573000076, -6.03705430399998, 0.0 ], [ 106.747141304000081, -6.037054868999974, 0.0 ], [ 106.747059892000038, -6.037098362999927, 0.0 ], [ 106.746944887000041, -6.03717082999998, 0.0 ], [ 106.746813777000057, -6.037264145999927, 0.0 ], [ 106.746809891000055, -6.037265957999978, 0.0 ], [ 106.746632390000059, -6.037312129999975, 0.0 ], [ 106.746389865000083, -6.037300832999961, 0.0 ], [ 106.746261313000048, -6.037170652999976, 0.0 ], [ 106.746244216000036, -6.037118798999927, 0.0 ], [ 106.74624364500005, -6.037117475999935, 0.0 ], [ 106.746196655000062, -6.037027493999972, 0.0 ], [ 106.746056644000078, -6.036756472999969, 0.0 ], [ 106.745890816000042, -6.036443193999958, 0.0 ], [ 106.745890209000038, -6.036441637999928, 0.0 ], [ 106.745889507000072, -6.036440221999953, 0.0 ], [ 106.745888411000067, -6.036438650999969, 0.0 ], [ 106.745887309000068, -6.036437484999965, 0.0 ], [ 106.745886063000057, -6.036436377999962, 0.0 ], [ 106.745857446000059, -6.036404020999953, 0.0 ], [ 106.745856940000067, -6.036402453999926, 0.0 ], [ 106.745856317000062, -6.036400994999951, 0.0 ], [ 106.745855535000032, -6.036399525999968, 0.0 ], [ 106.745817645000045, -6.036299888999963, 0.0 ], [ 106.745862198000054, -6.036209602999975, 0.0 ], [ 106.745862849000048, -6.036207464999961, 0.0 ], [ 106.745862989000045, -6.03620549599998, 0.0 ], [ 106.745856643000081, -6.036091604999967, 0.0 ], [ 106.745856435000064, -6.036090101999946, 0.0 ], [ 106.745823079000047, -6.035958273999938, 0.0 ], [ 106.745822640000085, -6.035956967999937, 0.0 ], [ 106.745792406000078, -6.035890907999942, 0.0 ], [ 106.74579176900005, -6.035889751999946, 0.0 ], [ 106.745731259000081, -6.035802521999926, 0.0 ], [ 106.745729787000073, -6.035800963999975, 0.0 ], [ 106.745728720000045, -6.03580018599996, 0.0 ], [ 106.74563467300004, -6.035740803999943, 0.0 ], [ 106.745632452000052, -6.035739828999965, 0.0 ], [ 106.745565911000085, -6.035723596999958, 0.0 ], [ 106.74557851600008, -6.03516108599996, 0.0 ], [ 106.745635572000083, -6.035178233999943, 0.0 ], [ 106.745637824000084, -6.035178515999974, 0.0 ], [ 106.745639518000075, -6.035178366999958, 0.0 ], [ 106.745641160000048, -6.035177927999939, 0.0 ], [ 106.745642702000055, -6.035177207999936, 0.0 ], [ 106.745644095000046, -6.03517623099998, 0.0 ], [ 106.745645115000059, -6.035175238999955, 0.0 ], [ 106.74569580900004, -6.03511814999996, 0.0 ], [ 106.745696874000032, -6.035116650999953, 0.0 ], [ 106.745697704000065, -6.035114764999946, 0.0 ], [ 106.745715217000054, -6.035052697999959, 0.0 ], [ 106.745749635000038, -6.034991949999949, 0.0 ], [ 106.745787418000077, -6.034953883999947, 0.0 ], [ 106.745880223000086, -6.034862334999957, 0.0 ], [ 106.745881666000059, -6.034860308999953, 0.0 ], [ 106.745941547000086, -6.034738141999981, 0.0 ], [ 106.745942192000086, -6.034736016999943, 0.0 ], [ 106.745942341000045, -6.034734320999974, 0.0 ], [ 106.745942192000086, -6.034732625999936, 0.0 ], [ 106.745941533000064, -6.034730469999943, 0.0 ], [ 106.745823636000068, -6.034493926999971, 0.0 ], [ 106.74581063100004, -6.03446809899998, 0.0 ], [ 106.745843321000052, -6.034391059999962, 0.0 ], [ 106.745951433000073, -6.034317417999944, 0.0 ], [ 106.746009899000057, -6.034273234999944, 0.0 ], [ 106.74611294500005, -6.034240444999966, 0.0 ], [ 106.746114309000063, -6.034239863999971, 0.0 ], [ 106.746200980000083, -6.034194627999966, 0.0 ], [ 106.746202355000037, -6.034193714999958, 0.0 ], [ 106.746251277000056, -6.034154795999939, 0.0 ], [ 106.746350307000057, -6.034281414999953, 0.0 ], [ 106.746351753000056, -6.034282858999973, 0.0 ], [ 106.746462696000037, -6.034369341999934, 0.0 ], [ 106.746463812000059, -6.034370093999939, 0.0 ], [ 106.746465680000085, -6.034370918999969, 0.0 ], [ 106.746580122000069, -6.03440367099995, 0.0 ], [ 106.746582310000065, -6.034403932999965, 0.0 ], [ 106.746584356000085, -6.034403708999946, 0.0 ], [ 106.746656013000063, -6.034385544999964, 0.0 ], [ 106.746790034000071, -6.034361247999925, 0.0 ], [ 106.746791338000037, -6.034360916999958, 0.0 ], [ 106.747019139000088, -6.034286065999936, 0.0 ], [ 106.747137877000057, -6.034298305999926, 0.0 ], [ 106.747168069000054, -6.034358026999939, 0.0 ], [ 106.747169172000042, -6.03435965999995, 0.0 ], [ 106.747170374000063, -6.034360862999961, 0.0 ], [ 106.747171767000054, -6.034361839999974, 0.0 ], [ 106.747173308000072, -6.034362558999931, 0.0 ], [ 106.747174951000034, -6.034363, 0.0 ], [ 106.747176645000081, -6.034363147999954, 0.0 ] ] ], [ [ [ 106.736172654000086, -6.034064872999977, 0.0 ], [ 106.736082928000087, -6.034113608999974, 0.0 ], [ 106.736081227000057, -6.034114821999935, 0.0 ], [ 106.736038929000074, -6.034154432999969, 0.0 ], [ 106.736037707000037, -6.034155989999931, 0.0 ], [ 106.736007907000044, -6.034204065999972, 0.0 ], [ 106.736007108000081, -6.034205741999926, 0.0 ], [ 106.736006606000046, -6.034207902999981, 0.0 ], [ 106.73600082300004, -6.03429250399995, 0.0 ], [ 106.736000960000069, -6.034294534999958, 0.0 ], [ 106.736013129000071, -6.034363283999937, 0.0 ], [ 106.73601371500007, -6.034365278999928, 0.0 ], [ 106.736060011000063, -6.034466796999936, 0.0 ], [ 106.736047588000076, -6.034512431999929, 0.0 ], [ 106.736047372000087, -6.034513433999962, 0.0 ], [ 106.736023570000043, -6.034673651999981, 0.0 ], [ 106.735968552000088, -6.034723540999948, 0.0 ], [ 106.735824708000052, -6.034753409999951, 0.0 ], [ 106.735675034000053, -6.034789880999938, 0.0 ], [ 106.735585762000085, -6.034816993999925, 0.0 ], [ 106.735437025000067, -6.034844439999972, 0.0 ], [ 106.735337500000071, -6.034838474999958, 0.0 ], [ 106.735335514000042, -6.034838613999966, 0.0 ], [ 106.73533387100008, -6.034839054999964, 0.0 ], [ 106.735331959000064, -6.034840011999961, 0.0 ], [ 106.735301457000048, -6.034861528999954, 0.0 ], [ 106.735300492000079, -6.03486236699996, 0.0 ], [ 106.735262370000044, -6.034900663999963, 0.0 ], [ 106.735206738000045, -6.034895375999952, 0.0 ], [ 106.735229424000067, -6.034441921999928, 0.0 ], [ 106.734949748000076, -6.034421281999926, 0.0 ], [ 106.734924, -6.034817, 0.0 ], [ 106.734867776000044, -6.034786380999947, 0.0 ], [ 106.734866127000032, -6.034785945999943, 0.0 ], [ 106.734591117000036, -6.034739894999973, 0.0 ], [ 106.734449785000038, -6.034672651999927, 0.0 ], [ 106.734223976000067, -6.034489838999946, 0.0 ], [ 106.734222422000073, -6.034488816999954, 0.0 ], [ 106.733628881000072, -6.034198524999965, 0.0 ], [ 106.733568311000056, -6.034098478999965, 0.0 ], [ 106.73351959300004, -6.034035503999974, 0.0 ], [ 106.733518106000076, -6.034032965999927, 0.0 ], [ 106.733492193000075, -6.033969911999975, 0.0 ], [ 106.733440503000054, -6.033872869999925, 0.0 ], [ 106.733400305000089, -6.033742136999933, 0.0 ], [ 106.73336207400007, -6.033580505999964, 0.0 ], [ 106.73337465700007, -6.033455416999971, 0.0 ], [ 106.733455560000039, -6.033346426999969, 0.0 ], [ 106.73349449400007, -6.033280039999966, 0.0 ], [ 106.733495230000074, -6.033278468999981, 0.0 ], [ 106.733495670000082, -6.033276823999927, 0.0 ], [ 106.733495819000041, -6.033275111999956, 0.0 ], [ 106.733495467000068, -6.033164448999969, 0.0 ], [ 106.733495251000079, -6.03316246199995, 0.0 ], [ 106.733467795000081, -6.033051077999971, 0.0 ], [ 106.733467053000084, -6.033049265999978, 0.0 ], [ 106.733416184000077, -6.032955246999961, 0.0 ], [ 106.733420377000073, -6.032897885999944, 0.0 ], [ 106.73342424100008, -6.032721264999964, 0.0 ], [ 106.733488700000066, -6.032596473999945, 0.0 ], [ 106.733549026000048, -6.03254437399994, 0.0 ], [ 106.734189623000077, -6.032198706999964, 0.0 ], [ 106.734308931000044, -6.032117562999929, 0.0 ], [ 106.734392117000084, -6.032072605999929, 0.0 ], [ 106.734392980000052, -6.032072063999976, 0.0 ], [ 106.734420528000044, -6.032052629999953, 0.0 ], [ 106.734468306000053, -6.032049661999963, 0.0 ], [ 106.734653986000069, -6.032046984999965, 0.0 ], [ 106.735040799000046, -6.032119465999926, 0.0 ], [ 106.735130437000066, -6.032139749999942, 0.0 ], [ 106.735189607000052, -6.032153139999934, 0.0 ], [ 106.735282253000037, -6.032174096999938, 0.0 ], [ 106.735284175000061, -6.032174291999979, 0.0 ], [ 106.735286015000042, -6.032174114999975, 0.0 ], [ 106.735395492000066, -6.032151346999967, 0.0 ], [ 106.735485439000058, -6.032148155999948, 0.0 ], [ 106.735780384000066, -6.032250444999931, 0.0 ], [ 106.736118317000034, -6.032629406999945, 0.0 ], [ 106.736119505000033, -6.03263052899996, 0.0 ], [ 106.736523342000055, -6.032938158999968, 0.0 ], [ 106.736627881000061, -6.033026910999979, 0.0 ], [ 106.73664150500008, -6.033060085999978, 0.0 ], [ 106.736622785000066, -6.033134638999968, 0.0 ], [ 106.736525910000069, -6.033334054999955, 0.0 ], [ 106.736255745000051, -6.034013286999937, 0.0 ], [ 106.736172654000086, -6.034064872999977, 0.0 ] ] ], [ [ [ 106.745226001000049, -6.025695685999949, 0.0 ], [ 106.745248784000069, -6.02557797399993, 0.0 ], [ 106.745221634000075, -6.025520470999936, 0.0 ], [ 106.745220782000047, -6.025519110999937, 0.0 ], [ 106.745136296000055, -6.025407233999942, 0.0 ], [ 106.745134719000077, -6.025405660999979, 0.0 ], [ 106.74496365300007, -6.025278063999963, 0.0 ], [ 106.744932159000086, -6.02522294299996, 0.0 ], [ 106.744937828000047, -6.025104688999932, 0.0 ], [ 106.744981026000062, -6.025045772999931, 0.0 ], [ 106.745024140000055, -6.02501469799995, 0.0 ], [ 106.745120727000085, -6.024983569999961, 0.0 ], [ 106.745225474000051, -6.025057225999944, 0.0 ], [ 106.745248204000063, -6.025098326999967, 0.0 ], [ 106.745249223000087, -6.025099796999939, 0.0 ], [ 106.745250418000069, -6.025100994999946, 0.0 ], [ 106.745297148000077, -6.02514032299996, 0.0 ], [ 106.745298815000069, -6.025141448999932, 0.0 ], [ 106.745370601000047, -6.025177104999955, 0.0 ], [ 106.745456338000054, -6.025226804999932, 0.0 ], [ 106.745499502000087, -6.025320291999947, 0.0 ], [ 106.745482186000061, -6.025538773999926, 0.0 ], [ 106.745485161000033, -6.025666669999964, 0.0 ], [ 106.745517878000044, -6.02577374599997, 0.0 ], [ 106.745514904000061, -6.02588379599996, 0.0 ], [ 106.745491109000056, -6.026091998999959, 0.0 ], [ 106.745437571000082, -6.026246663999927, 0.0 ], [ 106.745398905000059, -6.026359687999957, 0.0 ], [ 106.745381059000067, -6.026451891999955, 0.0 ], [ 106.745369162000088, -6.026508404999959, 0.0 ], [ 106.74535429000008, -6.026541121999969, 0.0 ], [ 106.745312650000074, -6.026523275999978, 0.0 ], [ 106.745223420000059, -6.026508404999959, 0.0 ], [ 106.74514608700008, -6.026532198999973, 0.0 ], [ 106.745033063000051, -6.026567890999956, 0.0 ], [ 106.74497060200008, -6.02660358299994, 0.0 ], [ 106.744941692000054, -6.026610066999979, 0.0 ], [ 106.744918849000044, -6.02660007299994, 0.0 ], [ 106.744839084000034, -6.02654423599995, 0.0 ], [ 106.744839084000034, -6.02649887299998, 0.0 ], [ 106.74494048300005, -6.02632542799995, 0.0 ], [ 106.745068566000043, -6.026071929999944, 0.0 ], [ 106.745164628000055, -6.025866463999932, 0.0 ], [ 106.745226001000049, -6.025695685999949, 0.0 ] ] ], [ [ [ 106.832020837000073, -6.006318186999977, 0.0 ], [ 106.83203747400006, -6.006415100999959, 0.0 ], [ 106.832035098000063, -6.006507286999977, 0.0 ], [ 106.832012471000041, -6.00656632099998, 0.0 ], [ 106.831954523000036, -6.006651723999937, 0.0 ], [ 106.831889100000069, -6.006738663999954, 0.0 ], [ 106.83174587600007, -6.006784, 0.0 ], [ 106.831665198000053, -6.006775298999969, 0.0 ], [ 106.831650151000076, -6.006761909999966, 0.0 ], [ 106.831635796000057, -6.006720023999947, 0.0 ], [ 106.831628665000039, -6.006642020999948, 0.0 ], [ 106.831607274000078, -6.006561652999949, 0.0 ], [ 106.831595390000075, -6.006481285999939, 0.0 ], [ 106.831621535000068, -6.006367825999973, 0.0 ], [ 106.831676952000066, -6.006212758999936, 0.0 ], [ 106.831744891000085, -6.006169033999981, 0.0 ], [ 106.831858977000081, -6.006145396999955, 0.0 ], [ 106.831928142000038, -6.006157451999968, 0.0 ], [ 106.831985185000065, -6.006202362999943, 0.0 ], [ 106.832020837000073, -6.006318186999977, 0.0 ] ] ], [ [ [ 106.782745844000033, -6.004039397999975, 0.0 ], [ 106.782749435000085, -6.004094221999935, 0.0 ], [ 106.782750113000077, -6.004167964999965, 0.0 ], [ 106.782708472000081, -6.004251245999967, 0.0 ], [ 106.782482423000033, -6.00459329399996, 0.0 ], [ 106.782184991000065, -6.004982930999972, 0.0 ], [ 106.781897316000084, -6.005400612999949, 0.0 ], [ 106.781821195000077, -6.005495487999951, 0.0 ], [ 106.781813955000075, -6.005488941999943, 0.0 ], [ 106.78177977200005, -6.005526834999955, 0.0 ], [ 106.781646638000041, -6.005637281999952, 0.0 ], [ 106.781557408000083, -6.005684871999961, 0.0 ], [ 106.781480075000047, -6.005672973999935, 0.0 ], [ 106.781405422000034, -6.005634224999937, 0.0 ], [ 106.781341234000081, -6.005557926999927, 0.0 ], [ 106.781265567000048, -6.005430863999948, 0.0 ], [ 106.781191819000071, -6.00535161199997, 0.0 ], [ 106.781148497000061, -6.005303800999968, 0.0 ], [ 106.781088535000038, -6.005209573999934, 0.0 ], [ 106.780970038000078, -6.005081082999936, 0.0 ], [ 106.780824415000041, -6.00498971199994, 0.0 ], [ 106.780783482000061, -6.004996428999959, 0.0 ], [ 106.780772237000065, -6.004976907999946, 0.0 ], [ 106.780623884000079, -6.004868090999935, 0.0 ], [ 106.780622363000077, -6.004866868999954, 0.0 ], [ 106.780621196000084, -6.004866034999964, 0.0 ], [ 106.780619784000066, -6.004865140999925, 0.0 ], [ 106.780510885000069, -6.004785575999961, 0.0 ], [ 106.780397134000054, -6.00460185999998, 0.0 ], [ 106.780337896000049, -6.004434802999981, 0.0 ], [ 106.780120808000049, -6.004141195999978, 0.0 ], [ 106.779804192000086, -6.003768996999952, 0.0 ], [ 106.779615173000082, -6.003516587999968, 0.0 ], [ 106.779518535000079, -6.003201027999978, 0.0 ], [ 106.779521930000044, -6.00303981299993, 0.0 ], [ 106.779535059000068, -6.003005897999969, 0.0 ], [ 106.779565912000066, -6.002950566999971, 0.0 ], [ 106.779623456000081, -6.002902807999931, 0.0 ], [ 106.77980292400008, -6.002863442999967, 0.0 ], [ 106.780382321000047, -6.002847233999944, 0.0 ], [ 106.78065459000004, -6.002857104999975, 0.0 ], [ 106.780944804000058, -6.002859748999981, 0.0 ], [ 106.781210152000085, -6.002876820999973, 0.0 ], [ 106.781882911000082, -6.002948104999973, 0.0 ], [ 106.781934095000054, -6.002975637999953, 0.0 ], [ 106.782220568000071, -6.003000679999957, 0.0 ], [ 106.782233193000081, -6.003033226999946, 0.0 ], [ 106.782212756000035, -6.003133766999952, 0.0 ], [ 106.782176068000069, -6.003305410999928, 0.0 ], [ 106.782194273000073, -6.003370684999936, 0.0 ], [ 106.782236346000047, -6.003365308999946, 0.0 ], [ 106.782290071000034, -6.003381924999928, 0.0 ], [ 106.782335495000041, -6.003416668999932, 0.0 ], [ 106.782389108000075, -6.003455763999966, 0.0 ], [ 106.78242089400004, -6.003483865999954, 0.0 ], [ 106.782453064000038, -6.003515863999951, 0.0 ], [ 106.782488534000038, -6.00355114499996, 0.0 ], [ 106.782520463000083, -6.003593476999981, 0.0 ], [ 106.782614570000078, -6.003722248999964, 0.0 ], [ 106.782736048000061, -6.003857315999937, 0.0 ], [ 106.782770013000061, -6.003939137999964, 0.0 ], [ 106.782746048000035, -6.004037066999956, 0.0 ], [ 106.782745844000033, -6.004039397999975, 0.0 ] ] ], [ [ [ 106.846797313000081, -5.984305167999935, 0.0 ], [ 106.846783214000084, -5.984233263999954, 0.0 ], [ 106.846808992000035, -5.98417066199994, 0.0 ], [ 106.84689000700007, -5.984100693999949, 0.0 ], [ 106.846996799000067, -5.984038091999935, 0.0 ], [ 106.847088862000078, -5.983993901999952, 0.0 ], [ 106.84715514700008, -5.983916568999973, 0.0 ], [ 106.847214067000039, -5.983916568999973, 0.0 ], [ 106.847398192000071, -5.983920251999962, 0.0 ], [ 106.847630189000085, -5.984004948999939, 0.0 ], [ 106.847755394000046, -5.984108058999936, 0.0 ], [ 106.847847457000057, -5.984325326999965, 0.0 ], [ 106.847789424000041, -5.984566384999937, 0.0 ], [ 106.847765009000057, -5.984604085999933, 0.0 ], [ 106.847554069000068, -5.98479023799996, 0.0 ], [ 106.847408490000078, -5.984937977999948, 0.0 ], [ 106.847309868000082, -5.984954294999966, 0.0 ], [ 106.847251027000084, -5.98498525499997, 0.0 ], [ 106.847234467000078, -5.984997803999931, 0.0 ], [ 106.847150013000032, -5.985082763999969, 0.0 ], [ 106.847149306000063, -5.985082813999952, 0.0 ], [ 106.847052037000083, -5.985187030999953, 0.0 ], [ 106.846908419000044, -5.985404298999981, 0.0 ], [ 106.846842134000042, -5.985400615999936, 0.0 ], [ 106.846845817000087, -5.985341695999978, 0.0 ], [ 106.84694156200004, -5.985209125999972, 0.0 ], [ 106.846989434000079, -5.985117063999951, 0.0 ], [ 106.847004164000055, -5.985039730999972, 0.0 ], [ 106.846982069000035, -5.984818781999934, 0.0 ], [ 106.846967339000059, -5.984656751999978, 0.0 ], [ 106.846948927000085, -5.984564688999967, 0.0 ], [ 106.846923149000077, -5.984483673999932, 0.0 ], [ 106.846920479000062, -5.984414240999968, 0.0 ], [ 106.846873710000068, -5.984352926999975, 0.0 ], [ 106.846797313000081, -5.984305167999935, 0.0 ] ] ], [ [ [ 106.708550255000034, -5.975339657999939, 0.0 ], [ 106.708839359000081, -5.975411041999962, 0.0 ], [ 106.709042803000045, -5.975475287999927, 0.0 ], [ 106.709199848000083, -5.975596639999935, 0.0 ], [ 106.709356892000073, -5.975732268999934, 0.0 ], [ 106.709510367000064, -5.975825067999949, 0.0 ], [ 106.709624581000071, -5.975932143999955, 0.0 ], [ 106.709785195000052, -5.976032080999971, 0.0 ], [ 106.709888702000057, -5.976117741999929, 0.0 ], [ 106.709992208000074, -5.976149864999968, 0.0 ], [ 106.71009928400008, -5.976142725999978, 0.0 ], [ 106.710149253000054, -5.976092757999936, 0.0 ], [ 106.710211629000071, -5.976068224999949, 0.0 ], [ 106.710212997000042, -5.976069561999964, 0.0 ], [ 106.710277513000051, -5.976119160999929, 0.0 ], [ 106.710307774000057, -5.976171117999968, 0.0 ], [ 106.710296658000061, -5.976233423999929, 0.0 ], [ 106.710296509000045, -5.976235130999953, 0.0 ], [ 106.710296745000051, -5.976237225999967, 0.0 ], [ 106.710314968000034, -5.976306352999927, 0.0 ], [ 106.710315344000037, -5.976307477999967, 0.0 ], [ 106.710372521000068, -5.976438943999938, 0.0 ], [ 106.710399543000051, -5.976510412999971, 0.0 ], [ 106.710400287000084, -5.976511955999968, 0.0 ], [ 106.710433704000081, -5.976566262999938, 0.0 ], [ 106.710488101000067, -5.976635457999976, 0.0 ], [ 106.71053829400006, -5.97676019599993, 0.0 ], [ 106.710613247000083, -5.97695650199995, 0.0 ], [ 106.710627386000056, -5.977025080999965, 0.0 ], [ 106.710635492000051, -5.977088720999973, 0.0 ], [ 106.710695232000035, -5.977123952999932, 0.0 ], [ 106.710871312000052, -5.977300032999949, 0.0 ], [ 106.710928419000084, -5.97739521099993, 0.0 ], [ 106.71093793700004, -5.977533219999941, 0.0 ], [ 106.71093793700004, -5.977742612999975, 0.0 ], [ 106.711014080000041, -5.977966281999954, 0.0 ], [ 106.711142571000039, -5.978175674999932, 0.0 ], [ 106.71134244600006, -5.978361272999962, 0.0 ], [ 106.711380517000066, -5.978404102999946, 0.0 ], [ 106.711356722000062, -5.97855162899998, 0.0 ], [ 106.71128058000005, -5.978765780999936, 0.0 ], [ 106.711213955000062, -5.978989449999972, 0.0 ], [ 106.711114017000057, -5.979175047999945, 0.0 ], [ 106.71098076800007, -5.979346368999927, 0.0 ], [ 106.710914143000082, -5.979317815999934, 0.0 ], [ 106.711318651000056, -5.978418379999937, 0.0 ], [ 106.710887465000042, -5.978218755999933, 0.0 ], [ 106.710804687000063, -5.978180432999977, 0.0 ], [ 106.710739886000056, -5.978110227999935, 0.0 ], [ 106.710721782000064, -5.978107140999953, 0.0 ], [ 106.710721663000072, -5.978107319999935, 0.0 ], [ 106.710276447000069, -5.978989449999972, 0.0 ], [ 106.710595295000076, -5.979236913999955, 0.0 ], [ 106.710437762000083, -5.979282424999951, 0.0 ], [ 106.710303918000079, -5.979306219999955, 0.0 ], [ 106.710197932000085, -5.979356958999972, 0.0 ], [ 106.710196159000077, -5.979357420999975, 0.0 ], [ 106.71019461800006, -5.979358139999931, 0.0 ], [ 106.710193342000082, -5.979359019999947, 0.0 ], [ 106.71011640100005, -5.979421636999973, 0.0 ], [ 106.710057048000067, -5.979416269999945, 0.0 ], [ 106.709961870000086, -5.979422217999968, 0.0 ], [ 106.709820702000059, -5.979514945999938, 0.0 ], [ 106.70967930900008, -5.979675035999946, 0.0 ], [ 106.709578182000087, -5.979657189999955, 0.0 ], [ 106.709499568000069, -5.97965243799996, 0.0 ], [ 106.709155672000065, -5.979960397999946, 0.0 ], [ 106.708929677000071, -5.980131196999935, 0.0 ], [ 106.708749251000086, -5.980256402999942, 0.0 ], [ 106.708596468000053, -5.980303989999925, 0.0 ], [ 106.708469613000034, -5.980316202999973, 0.0 ], [ 106.708367906000035, -5.980314439999972, 0.0 ], [ 106.708263133000059, -5.980245114999946, 0.0 ], [ 106.708094191000043, -5.980114244999925, 0.0 ], [ 106.707913352000048, -5.979945302999965, 0.0 ], [ 106.70775868700008, -5.979752566999935, 0.0 ], [ 106.707634432000077, -5.979692667999927, 0.0 ], [ 106.707633308000084, -5.979691967999941, 0.0 ], [ 106.707560738000041, -5.979655944999934, 0.0 ], [ 106.707558207000034, -5.979655237999964, 0.0 ], [ 106.707434856000077, -5.979643581999937, 0.0 ], [ 106.707432704000041, -5.979643707999969, 0.0 ], [ 106.707431062000069, -5.979644148999967, 0.0 ], [ 106.707429521000051, -5.979644868999969, 0.0 ], [ 106.707427804000076, -5.979646142999968, 0.0 ], [ 106.707397662000062, -5.979676489999974, 0.0 ], [ 106.707381646000044, -5.979692614999976, 0.0 ], [ 106.707311114000049, -5.979671129999929, 0.0 ], [ 106.707273103000034, -5.979654516999972, 0.0 ], [ 106.70720932200004, -5.979626640999925, 0.0 ], [ 106.706881186000032, -5.979483227999935, 0.0 ], [ 106.706826210000088, -5.97946746599996, 0.0 ], [ 106.706735809000065, -5.979441547999954, 0.0 ], [ 106.706450274000076, -5.979351127999962, 0.0 ], [ 106.706274194000059, -5.979351127999962, 0.0 ], [ 106.705912226000066, -5.979417062999971, 0.0 ], [ 106.705793253000081, -5.97927905399996, 0.0 ], [ 106.705586240000059, -5.979064902999937, 0.0 ], [ 106.705335218000073, -5.97885419399995, 0.0 ], [ 106.705239885000083, -5.978770794999946, 0.0 ], [ 106.705189089000044, -5.978720254999928, 0.0 ], [ 106.705122765000056, -5.978657281999972, 0.0 ], [ 106.705056719000083, -5.978603507999935, 0.0 ], [ 106.704984853000042, -5.978543926999976, 0.0 ], [ 106.704983239000057, -5.978542844999936, 0.0 ], [ 106.704922635000059, -5.978512764999948, 0.0 ], [ 106.704920493000088, -5.97851210999994, 0.0 ], [ 106.704918769000074, -5.97851196199997, 0.0 ], [ 106.704865003000066, -5.978512128999967, 0.0 ], [ 106.704863339000042, -5.978512277999926, 0.0 ], [ 106.704861697000069, -5.978512717999934, 0.0 ], [ 106.704860156000052, -5.978513436999947, 0.0 ], [ 106.704858763000061, -5.97851441399996, 0.0 ], [ 106.70485756000005, -5.97851561799996, 0.0 ], [ 106.704856362000044, -5.97851744899998, 0.0 ], [ 106.704802412000049, -5.978637352999954, 0.0 ], [ 106.704768989000058, -5.978610551999964, 0.0 ], [ 106.703816046000043, -5.977846446999934, 0.0 ], [ 106.703298060000066, -5.977382220999971, 0.0 ], [ 106.703261502000032, -5.977337757999976, 0.0 ], [ 106.703261259000044, -5.977337513999942, 0.0 ], [ 106.703261171000065, -5.97733739399996, 0.0 ], [ 106.703115869000044, -5.977193066999973, 0.0 ], [ 106.70311496100004, -5.977192278999951, 0.0 ], [ 106.702899264000052, -5.977038790999927, 0.0 ], [ 106.702897507000046, -5.977037886999938, 0.0 ], [ 106.702758896000034, -5.976984422999976, 0.0 ], [ 106.702692272000036, -5.976931516999969, 0.0 ], [ 106.70269206200004, -5.976931348999926, 0.0 ], [ 106.702690878000055, -5.976930541999934, 0.0 ], [ 106.702689690000057, -5.97692995899996, 0.0 ], [ 106.702689338000084, -5.976929818999963, 0.0 ], [ 106.702668094000046, -5.976921124999933, 0.0 ], [ 106.702476911000076, -5.976822074999973, 0.0 ], [ 106.702468352000039, -5.976735211999937, 0.0 ], [ 106.702486198000088, -5.976571028999956, 0.0 ], [ 106.702490669000042, -5.976537046999965, 0.0 ], [ 106.702520304000075, -5.976510074999965, 0.0 ], [ 106.702553616000046, -5.976436311999976, 0.0 ], [ 106.702544099000079, -5.976350651999951, 0.0 ], [ 106.702520467000056, -5.976283150999961, 0.0 ], [ 106.702525460000061, -5.976256939999928, 0.0 ], [ 106.702564721000044, -5.976199832999953, 0.0 ], [ 106.702618259000076, -5.976110603999928, 0.0 ], [ 106.702657520000059, -5.976003527999978, 0.0 ], [ 106.702736042000083, -5.975921435999965, 0.0 ], [ 106.702875240000083, -5.975832206999939, 0.0 ], [ 106.703018008000072, -5.975657315999968, 0.0 ], [ 106.703121515000078, -5.975503840999977, 0.0 ], [ 106.703203737000081, -5.975347297999974, 0.0 ], [ 106.703225933000056, -5.975325835999968, 0.0 ], [ 106.703321389000052, -5.975321811999947, 0.0 ], [ 106.703374927000084, -5.975311104999946, 0.0 ], [ 106.703478434000033, -5.975268273999973, 0.0 ], [ 106.703639047000081, -5.975261135999972, 0.0 ], [ 106.703792523000061, -5.975211166999941, 0.0 ], [ 106.703949567000052, -5.975129075999973, 0.0 ], [ 106.704095904000042, -5.97505769199995, 0.0 ], [ 106.70422439500004, -5.975004153999976, 0.0 ], [ 106.704324332000056, -5.974989876999928, 0.0 ], [ 106.704370732000086, -5.975025568999968, 0.0 ], [ 106.704424269000071, -5.975029138999957, 0.0 ], [ 106.704592021000053, -5.975007722999976, 0.0 ], [ 106.704752635000034, -5.975046984999949, 0.0 ], [ 106.704920387000072, -5.97505412299995, 0.0 ], [ 106.705077431000063, -5.975079106999942, 0.0 ], [ 106.705213061000052, -5.975146921999965, 0.0 ], [ 106.705330844000059, -5.975164767999956, 0.0 ], [ 106.705402228000082, -5.975139783999964, 0.0 ], [ 106.70548788800005, -5.975129075999973, 0.0 ], [ 106.705552134000072, -5.975132644999974, 0.0 ], [ 106.705605672000047, -5.975093383999933, 0.0 ], [ 106.705627087000039, -5.975000584999975, 0.0 ], [ 106.705662779000079, -5.974943477999943, 0.0 ], [ 106.705734163000045, -5.97490778599996, 0.0 ], [ 106.705876930000045, -5.97490421699996, 0.0 ], [ 106.706026836000035, -5.974929200999952, 0.0 ], [ 106.706230280000057, -5.975046984999949, 0.0 ], [ 106.706380186000047, -5.975111229999925, 0.0 ], [ 106.706533662000083, -5.975129075999973, 0.0 ], [ 106.706719260000057, -5.975157628999966, 0.0 ], [ 106.706904858000087, -5.975211166999941, 0.0 ], [ 106.707029779000038, -5.975211166999941, 0.0 ], [ 106.707183254000086, -5.975253997999971, 0.0 ], [ 106.707322453000074, -5.975300396999955, 0.0 ], [ 106.707511620000048, -5.975332519999938, 0.0 ], [ 106.707618696000054, -5.975332519999938, 0.0 ], [ 106.707740048000062, -5.975321811999947, 0.0 ], [ 106.707772171000045, -5.975261135999972, 0.0 ], [ 106.707857832000059, -5.975164767999956, 0.0 ], [ 106.707939923000083, -5.975104091999981, 0.0 ], [ 106.708154075000039, -5.975118367999926, 0.0 ], [ 106.708311119000086, -5.975214736999931, 0.0 ], [ 106.708550255000034, -5.975339657999939, 0.0 ] ] ], [ [ [ 106.692749642000081, -5.971525699999972, 0.0 ], [ 106.692878133000079, -5.971672035999973, 0.0 ], [ 106.693177945000059, -5.971768404999978, 0.0 ], [ 106.693417081000064, -5.971846926999945, 0.0 ], [ 106.693556280000053, -5.971846926999945, 0.0 ], [ 106.69366692400007, -5.971804095999971, 0.0 ], [ 106.693806123000059, -5.971682743999963, 0.0 ], [ 106.694034551000072, -5.971454315999949, 0.0 ], [ 106.694140662000052, -5.971343918999935, 0.0 ], [ 106.694184981000035, -5.97134086899996, 0.0 ], [ 106.694219781000072, -5.971384459999967, 0.0 ], [ 106.694223718000046, -5.971422192999967, 0.0 ], [ 106.694173750000061, -5.971514991999925, 0.0 ], [ 106.694116643000086, -5.971561390999966, 0.0 ], [ 106.694105935000039, -5.97161135999994, 0.0 ], [ 106.694127350000088, -5.971632774999932, 0.0 ], [ 106.694188026000063, -5.97164705199998, 0.0 ], [ 106.694295102000069, -5.971722004999947, 0.0 ], [ 106.694548515000065, -5.97194686399996, 0.0 ], [ 106.694755528000087, -5.972136030999934, 0.0 ], [ 106.694901865000077, -5.972157445999926, 0.0 ], [ 106.695030356000075, -5.972153876999926, 0.0 ], [ 106.695094601000051, -5.972150307999925, 0.0 ], [ 106.695112447000042, -5.972175291999974, 0.0 ], [ 106.695108878000042, -5.972257383999931, 0.0 ], [ 106.695066048000058, -5.972350182999946, 0.0 ], [ 106.69508746300005, -5.972439412999961, 0.0 ], [ 106.695187400000066, -5.97257504199996, 0.0 ], [ 106.695433674000071, -5.972839161999957, 0.0 ], [ 106.695430105000071, -5.97290697699998, 0.0 ], [ 106.695401552000078, -5.972967652999955, 0.0 ], [ 106.695401552000078, -5.973053313999969, 0.0 ], [ 106.695469366000054, -5.973156819999929, 0.0 ], [ 106.695515766000085, -5.973231772999952, 0.0 ], [ 106.695497920000037, -5.973324571999967, 0.0 ], [ 106.695437243000072, -5.973367401999951, 0.0 ], [ 106.695287337000082, -5.973420939999926, 0.0 ], [ 106.695123155000033, -5.97351016999994, 0.0 ], [ 106.695037494000076, -5.973617245999947, 0.0 ], [ 106.694994664000035, -5.973770720999937, 0.0 ], [ 106.69493755700006, -5.973934903999975, 0.0 ], [ 106.694884019000085, -5.974002717999952, 0.0 ], [ 106.694862604000036, -5.974152623999942, 0.0 ], [ 106.694887588000086, -5.97431680699998, 0.0 ], [ 106.69493398700007, -5.974545235999926, 0.0 ], [ 106.694976818000043, -5.974841477999973, 0.0 ], [ 106.694994664000035, -5.975226950999968, 0.0 ], [ 106.695030356000075, -5.975462517999972, 0.0 ], [ 106.695123333000083, -5.97559027099993, 0.0 ], [ 106.695246920000045, -5.976049825999951, 0.0 ], [ 106.695253007000076, -5.976358514999959, 0.0 ], [ 106.695219523000048, -5.97651899799996, 0.0 ], [ 106.69523380000004, -5.976743857999963, 0.0 ], [ 106.695258784000089, -5.976925885999947, 0.0 ], [ 106.695312322000063, -5.97714360699996, 0.0 ], [ 106.695290907000071, -5.977379173999964, 0.0 ], [ 106.69523023000005, -5.977539786999955, 0.0 ], [ 106.695083894000049, -5.977707538999937, 0.0 ], [ 106.695012510000083, -5.977861013999927, 0.0 ], [ 106.694998233000035, -5.977975228999981, 0.0 ], [ 106.694973249000043, -5.978068027999939, 0.0 ], [ 106.694926849000069, -5.978146549999963, 0.0 ], [ 106.694939960000056, -5.978224636999926, 0.0 ], [ 106.694976818000043, -5.978300024999953, 0.0 ], [ 106.694962541000052, -5.978371408999976, 0.0 ], [ 106.694916142000068, -5.97842137799995, 0.0 ], [ 106.694851896000046, -5.978428515999951, 0.0 ], [ 106.694805497000061, -5.978417807999961, 0.0 ], [ 106.694769805000078, -5.978396392999969, 0.0 ], [ 106.694744705000062, -5.978349009999931, 0.0 ], [ 106.694662729000072, -5.978310732999944, 0.0 ], [ 106.694491408000033, -5.978257194999969, 0.0 ], [ 106.694330794000052, -5.978178672999945, 0.0 ], [ 106.694173671000044, -5.978110948999927, 0.0 ], [ 106.693983638000077, -5.977947732999951, 0.0 ], [ 106.693877507000082, -5.977828891999934, 0.0 ], [ 106.693716893000044, -5.977736092999976, 0.0 ], [ 106.693534864000071, -5.977693261999946, 0.0 ], [ 106.693324321000034, -5.97769638799997, 0.0 ], [ 106.692624721000072, -5.977664708999953, 0.0 ], [ 106.692278509000062, -5.977650431999962, 0.0 ], [ 106.692239248000078, -5.977621878999969, 0.0 ], [ 106.692210694000039, -5.977604032999977, 0.0 ], [ 106.692167864000055, -5.977611170999978, 0.0 ], [ 106.69211075700008, -5.977689692999945, 0.0 ], [ 106.691946574000042, -5.977664708999953, 0.0 ], [ 106.691843068000082, -5.977625447999969, 0.0 ], [ 106.691685705000054, -5.977553434999948, 0.0 ], [ 106.691606067000066, -5.977502080999955, 0.0 ], [ 106.691210845000057, -5.977179631999945, 0.0 ], [ 106.691224170000055, -5.977162499999963, 0.0 ], [ 106.691323155000077, -5.977240545999962, 0.0 ], [ 106.691327210000054, -5.977208459999929, 0.0 ], [ 106.691343381000081, -5.977118622999967, 0.0 ], [ 106.691318396000042, -5.977011546999961, 0.0 ], [ 106.691239874000075, -5.976883055999963, 0.0 ], [ 106.691100676000076, -5.976683180999942, 0.0 ], [ 106.690954339000086, -5.97651542899996, 0.0 ], [ 106.690754464000065, -5.976344107999978, 0.0 ], [ 106.69051889800005, -5.976190632999931, 0.0 ], [ 106.690308315000038, -5.97604072699994, 0.0 ], [ 106.690219085000081, -5.975894389999951, 0.0 ], [ 106.690108441000064, -5.975623130999963, 0.0 ], [ 106.690004934000058, -5.975448240999981, 0.0 ], [ 106.689872874000059, -5.975309042999925, 0.0 ], [ 106.689712260000078, -5.975184120999927, 0.0 ], [ 106.689605185000062, -5.975176981999937, 0.0 ], [ 106.68954450800004, -5.975176981999937, 0.0 ], [ 106.689450402000034, -5.975209708999955, 0.0 ], [ 106.689347871000052, -5.975192747999927, 0.0 ], [ 106.689303454000083, -5.975173226999971, 0.0 ], [ 106.68924469600006, -5.975059198999929, 0.0 ], [ 106.689226850000068, -5.974898585999938, 0.0 ], [ 106.689209004000077, -5.974545235999926, 0.0 ], [ 106.689216143000067, -5.974409605999938, 0.0 ], [ 106.68924826500006, -5.974363206999953, 0.0 ], [ 106.689273250000042, -5.974309668999979, 0.0 ], [ 106.689262542000051, -5.974248992999946, 0.0 ], [ 106.689241127000059, -5.97417760899998, 0.0 ], [ 106.689233989000059, -5.974077670999975, 0.0 ], [ 106.689291096000034, -5.973310294999976, 0.0 ], [ 106.689298234000034, -5.972971221999956, 0.0 ], [ 106.689237558000059, -5.972746362999942, 0.0 ], [ 106.689201866000076, -5.972460827999953, 0.0 ], [ 106.689169743000036, -5.972221691999948, 0.0 ], [ 106.689109067000061, -5.972011109999926, 0.0 ], [ 106.689084083000068, -5.971886187999928, 0.0 ], [ 106.689120072000037, -5.971783574999961, 0.0 ], [ 106.68924469600006, -5.97164705199998, 0.0 ], [ 106.689358910000067, -5.971511422999981, 0.0 ], [ 106.689465986000073, -5.971258009999929, 0.0 ], [ 106.689565923000089, -5.971026012999971, 0.0 ], [ 106.689719399000069, -5.970754753999927, 0.0 ], [ 106.689847890000067, -5.970626262999929, 0.0 ], [ 106.69002991800005, -5.970537032999971, 0.0 ], [ 106.690186963000087, -5.970512048999979, 0.0 ], [ 106.690411822000044, -5.970583432999945, 0.0 ], [ 106.69051889800005, -5.970601278999936, 0.0 ], [ 106.69070449600008, -5.970672662999959, 0.0 ], [ 106.690886524000064, -5.970779738999966, 0.0 ], [ 106.691129229000069, -5.970918936999965, 0.0 ], [ 106.691222028000084, -5.970933213999956, 0.0 ], [ 106.691250582000066, -5.970901090999973, 0.0 ], [ 106.691271997000058, -5.970879675999981, 0.0 ], [ 106.69134037200007, -5.970859182999959, 0.0 ], [ 106.691407626000057, -5.970951059999948, 0.0 ], [ 106.691468303000079, -5.971043858999963, 0.0 ], [ 106.691536117000055, -5.971154503999969, 0.0 ], [ 106.691750269000067, -5.971265148999976, 0.0 ], [ 106.691957282000033, -5.971329393999952, 0.0 ], [ 106.69211432600008, -5.971300839999969, 0.0 ], [ 106.692342754000038, -5.971247302999927, 0.0 ], [ 106.692549768000049, -5.971258009999929, 0.0 ], [ 106.692638997000074, -5.971322255999951, 0.0 ], [ 106.692749642000081, -5.971525699999972, 0.0 ] ] ], [ [ [ 106.845715275000089, -5.960491813999965, 0.0 ], [ 106.845713749000083, -5.960491196999953, 0.0 ], [ 106.845712099000082, -5.960490637999953, 0.0 ], [ 106.845710509000071, -5.960490208999943, 0.0 ], [ 106.845630398000083, -5.960460103999935, 0.0 ], [ 106.845531128000061, -5.960410494999962, 0.0 ], [ 106.845431274000077, -5.960360596999976, 0.0 ], [ 106.845309110000073, -5.960303535999969, 0.0 ], [ 106.845308181000064, -5.960303158999977, 0.0 ], [ 106.845222710000087, -5.960274948999938, 0.0 ], [ 106.845117006000066, -5.960218958999974, 0.0 ], [ 106.844966807000048, -5.960069588999943, 0.0 ], [ 106.844830028000047, -5.95994787099994, 0.0 ], [ 106.844657975000075, -5.959791018999965, 0.0 ], [ 106.844529283000043, -5.959641707999936, 0.0 ], [ 106.844327896000038, -5.959327182999971, 0.0 ], [ 106.84432700900004, -5.959326006999959, 0.0 ], [ 106.844017510000072, -5.958989558999974, 0.0 ], [ 106.844016558000078, -5.958988653999938, 0.0 ], [ 106.843874652000068, -5.95887244499994, 0.0 ], [ 106.843452913000078, -5.958527075999939, 0.0 ], [ 106.843377679000071, -5.95844601899995, 0.0 ], [ 106.843376438000064, -5.958444905999954, 0.0 ], [ 106.843172197000058, -5.958303900999965, 0.0 ], [ 106.843018284000038, -5.95820747099998, 0.0 ], [ 106.842825763000064, -5.958115276999933, 0.0 ], [ 106.842561939000063, -5.958094000999949, 0.0 ], [ 106.842511308000041, -5.958149153999955, 0.0 ], [ 106.842478148000055, -5.958141698999952, 0.0 ], [ 106.842319900000064, -5.958068517999948, 0.0 ], [ 106.841854439000087, -5.957520707999947, 0.0 ], [ 106.841654829000049, -5.957247339999981, 0.0 ], [ 106.841516365000075, -5.957091761999948, 0.0 ], [ 106.841356902000086, -5.956796186999952, 0.0 ], [ 106.841287851000061, -5.956528128999935, 0.0 ], [ 106.841342233000034, -5.956346019999955, 0.0 ], [ 106.841567301000055, -5.95594310599995, 0.0 ], [ 106.841689077000069, -5.955732121999972, 0.0 ], [ 106.841886081000041, -5.95558263199996, 0.0 ], [ 106.841886875000057, -5.955581927999958, 0.0 ], [ 106.842072015000042, -5.955397769999934, 0.0 ], [ 106.842264039000042, -5.955213663999928, 0.0 ], [ 106.842392588000052, -5.955065299999944, 0.0 ], [ 106.842615567000053, -5.954908044999968, 0.0 ], [ 106.842779058000076, -5.954824558999974, 0.0 ], [ 106.842987246000064, -5.954754037999976, 0.0 ], [ 106.84320862800007, -5.954704002999961, 0.0 ], [ 106.843253301000061, -5.954700485999979, 0.0 ], [ 106.843717006000077, -5.954620376999969, 0.0 ], [ 106.843785306000086, -5.954623055999946, 0.0 ], [ 106.844033645000081, -5.954682242999979, 0.0 ], [ 106.844041417000085, -5.954687820999936, 0.0 ], [ 106.845071837000035, -5.955058670999961, 0.0 ], [ 106.845462162000047, -5.955259875999957, 0.0 ], [ 106.845767090000038, -5.955471476999946, 0.0 ], [ 106.845768464000059, -5.955472211999961, 0.0 ], [ 106.846018947000061, -5.955579716999978, 0.0 ], [ 106.84617210600004, -5.955693279999934, 0.0 ], [ 106.846466601000088, -5.955939711999974, 0.0 ], [ 106.846467837000034, -5.955940591999934, 0.0 ], [ 106.84662133900008, -5.956032820999951, 0.0 ], [ 106.846783348000088, -5.956186890999959, 0.0 ], [ 106.847125417000086, -5.956490545999941, 0.0 ], [ 106.847244088000082, -5.956708610999954, 0.0 ], [ 106.847279914000069, -5.956890664999946, 0.0 ], [ 106.84720457800006, -5.957334658999969, 0.0 ], [ 106.847094757000036, -5.957445351999979, 0.0 ], [ 106.846870524000053, -5.957558547999952, 0.0 ], [ 106.846754687000043, -5.957587955999941, 0.0 ], [ 106.846690810000041, -5.957604170999957, 0.0 ], [ 106.846618211000077, -5.957570117999978, 0.0 ], [ 106.846533567000051, -5.957654304999949, 0.0 ], [ 106.846469393000064, -5.957803233999925, 0.0 ], [ 106.846419481000055, -5.958228746999964, 0.0 ], [ 106.846390959000075, -5.958845738999969, 0.0 ], [ 106.846362437000039, -5.959257066999953, 0.0 ], [ 106.846107858000039, -5.960116373999938, 0.0 ], [ 106.845949480000058, -5.96039415599995, 0.0 ], [ 106.845868378000034, -5.960493432999954, 0.0 ], [ 106.845794218000037, -5.960521214999972, 0.0 ], [ 106.845716767000056, -5.960492525999939, 0.0 ], [ 106.845715275000089, -5.960491813999965, 0.0 ] ] ], [ [ [ 106.633211528000061, -5.944706000999929, 0.0 ], [ 106.632991447000052, -5.945157015999939, 0.0 ], [ 106.632878083000037, -5.94526265099995, 0.0 ], [ 106.632839896000064, -5.945326135999949, 0.0 ], [ 106.632647596000083, -5.945505499999967, 0.0 ], [ 106.63242630600007, -5.945633990999966, 0.0 ], [ 106.63221986800005, -5.945643721999943, 0.0 ], [ 106.632129626000051, -5.945600592999938, 0.0 ], [ 106.631799713000078, -5.945442912999965, 0.0 ], [ 106.631334134000042, -5.945212826999978, 0.0 ], [ 106.630912969000065, -5.945112888999972, 0.0 ], [ 106.629940481000062, -5.944857224999964, 0.0 ], [ 106.629463877000035, -5.944656032999944, 0.0 ], [ 106.628992744000072, -5.944449019999979, 0.0 ], [ 106.628771454000059, -5.944341943999973, 0.0 ], [ 106.628514472000063, -5.944149207999942, 0.0 ], [ 106.628221799000073, -5.943899363999947, 0.0 ], [ 106.627954378000084, -5.943707767999967, 0.0 ], [ 106.627884903000052, -5.94356421599997, 0.0 ], [ 106.627907710000045, -5.943285462999938, 0.0 ], [ 106.627947453000047, -5.943094239999937, 0.0 ], [ 106.628535136000039, -5.942771638999943, 0.0 ], [ 106.629893361000086, -5.942444590999969, 0.0 ], [ 106.63012578300004, -5.942410863999953, 0.0 ], [ 106.630527535000056, -5.94239261499996, 0.0 ], [ 106.630566180000073, -5.942386260999967, 0.0 ], [ 106.631177089000062, -5.942364611999949, 0.0 ], [ 106.631719606000047, -5.942414579999934, 0.0 ], [ 106.632176463000064, -5.942414579999934, 0.0 ], [ 106.632404891000078, -5.942457410999964, 0.0 ], [ 106.632726118000051, -5.942571624999971, 0.0 ], [ 106.633290051000074, -5.942850021999959, 0.0 ], [ 106.63360851300007, -5.943011196999976, 0.0 ], [ 106.633674591000045, -5.943065311999931, 0.0 ], [ 106.633775461000084, -5.94330687799993, 0.0 ], [ 106.633761184000036, -5.943392538999944, 0.0 ], [ 106.633646970000086, -5.943599551999966, 0.0 ], [ 106.633589863000054, -5.94382084199998, 0.0 ], [ 106.633489925000049, -5.944149207999942, 0.0 ], [ 106.633211528000061, -5.944706000999929, 0.0 ] ] ], [ [ [ 106.628225331000067, -5.854995714999973, 0.0 ], [ 106.628017361000047, -5.85498389299994, 0.0 ], [ 106.627619248000087, -5.855072556999971, 0.0 ], [ 106.627310264000073, -5.855184865999945, 0.0 ], [ 106.627001281000048, -5.855297174999976, 0.0 ], [ 106.626692297000034, -5.855421305999926, 0.0 ], [ 106.626151576000041, -5.855586813999935, 0.0 ], [ 106.625622945000089, -5.855776521999928, 0.0 ], [ 106.625141437000082, -5.855953294999949, 0.0 ], [ 106.624927525000032, -5.856030137999937, 0.0 ], [ 106.624922557000048, -5.85603337699996, 0.0 ], [ 106.624654193000083, -5.85607151499994, 0.0 ], [ 106.624404630000072, -5.856130623999945, 0.0 ], [ 106.624119414000063, -5.856219288999966, 0.0 ], [ 106.623840140000084, -5.856272487999945, 0.0 ], [ 106.623602461000075, -5.856384796999976, 0.0 ], [ 106.623156811000058, -5.856603502999974, 0.0 ], [ 106.622806233000063, -5.856816297999956, 0.0 ], [ 106.622473482000032, -5.857076380999956, 0.0 ], [ 106.622372468000037, -5.857224154999926, 0.0 ], [ 106.622105078000061, -5.857377840999959, 0.0 ], [ 106.622027832000072, -5.857377840999959, 0.0 ], [ 106.621867399000053, -5.857460593999974, 0.0 ], [ 106.621891167000058, -5.857531525999946, 0.0 ], [ 106.621802037000066, -5.857590634999951, 0.0 ], [ 106.621742617000052, -5.857578813999964, 0.0 ], [ 106.621665371000063, -5.857626100999937, 0.0 ], [ 106.621617835000052, -5.857708854999942, 0.0 ], [ 106.621582183000044, -5.857726587999935, 0.0 ], [ 106.621516821000057, -5.857632011999954, 0.0 ], [ 106.621136533000083, -5.857945292999943, 0.0 ], [ 106.620946390000086, -5.857708854999942, 0.0 ], [ 106.620690884000055, -5.857714765999958, 0.0 ], [ 106.620381900000041, -5.857909827999947, 0.0 ], [ 106.620179872000051, -5.858152176999965, 0.0 ], [ 106.620126395000057, -5.858294039999976, 0.0 ], [ 106.620144221000032, -5.85840634799996, 0.0 ], [ 106.619960019000075, -5.858613231999925, 0.0 ], [ 106.619918425000037, -5.858743272999959, 0.0 ], [ 106.61993030900004, -5.858914690999939, 0.0 ], [ 106.619989729000054, -5.859233881999955, 0.0 ], [ 106.620001613000056, -5.859375744999966, 0.0 ], [ 106.619954077000045, -5.859411210999951, 0.0 ], [ 106.619585673000074, -5.858613231999925, 0.0 ], [ 106.619217270000036, -5.858784649999961, 0.0 ], [ 106.619157850000079, -5.858701895999957, 0.0 ], [ 106.618450752000058, -5.859162950999973, 0.0 ], [ 106.618563650000056, -5.859275258999958, 0.0 ], [ 106.618724084000064, -5.859375744999966, 0.0 ], [ 106.618973648000065, -5.859405299999935, 0.0 ], [ 106.61918739500004, -5.859409096999968, 0.0 ], [ 106.619291270000076, -5.85945215199996, 0.0 ], [ 106.619355777000067, -5.859602296999981, 0.0 ], [ 106.619905510000081, -5.860881842999959, 0.0 ], [ 106.619741511000086, -5.860938587999954, 0.0 ], [ 106.619104372000038, -5.859600360999934, 0.0 ], [ 106.618712200000061, -5.859529429999952, 0.0 ], [ 106.618438868000055, -5.859428942999955, 0.0 ], [ 106.618284377000066, -5.859352100999956, 0.0 ], [ 106.618141769000033, -5.859316634999971, 0.0 ], [ 106.617969451000079, -5.85934618999994, 0.0 ], [ 106.617565395000042, -5.859635826999977, 0.0 ], [ 106.61755806900004, -5.859652020999931, 0.0 ], [ 106.616941486000087, -5.860020037999959, 0.0 ], [ 106.616596851000054, -5.860215098999959, 0.0 ], [ 106.616329461000078, -5.860262386999977, 0.0 ], [ 106.616062071000044, -5.860339228999976, 0.0 ], [ 106.615848159000052, -5.860516556999926, 0.0 ], [ 106.615693668000063, -5.86062295399995, 0.0 ], [ 106.615420336000057, -5.860711617999925, 0.0 ], [ 106.615135120000048, -5.860865301999979, 0.0 ], [ 106.614962802000036, -5.861001252999927, 0.0 ], [ 106.614808311000047, -5.861202224999943, 0.0 ], [ 106.61461816700006, -5.861344086999964, 0.0 ], [ 106.614463675000081, -5.861503681999977, 0.0 ], [ 106.614309183000046, -5.861645544999931, 0.0 ], [ 106.614071503000048, -5.861793317999968, 0.0 ], [ 106.613637738000079, -5.862147972999935, 0.0 ], [ 106.613108901000032, -5.862490805999926, 0.0 ], [ 106.612865279000061, -5.862703598999929, 0.0 ], [ 106.612681077000047, -5.862845460999949, 0.0 ], [ 106.612455281000052, -5.862945946999957, 0.0 ], [ 106.612336441000082, -5.863016877999939, 0.0 ], [ 106.612158182000087, -5.863111451999941, 0.0 ], [ 106.611905741000044, -5.863116683999976, 0.0 ], [ 106.611755513000048, -5.86305927199993, 0.0 ], [ 106.611607718000073, -5.863034720999963, 0.0 ], [ 106.611527955000042, -5.863116615999957, 0.0 ], [ 106.611245619000044, -5.863489112999957, 0.0 ], [ 106.610981667000033, -5.863637522999966, 0.0 ], [ 106.610565727000051, -5.863850314999979, 0.0 ], [ 106.610221092000074, -5.863986265999927, 0.0 ], [ 106.610066600000039, -5.864039463999973, 0.0 ], [ 106.610001238000052, -5.864009909999936, 0.0 ], [ 106.609965586000044, -5.863927156999978, 0.0 ], [ 106.609828920000041, -5.863891691999925, 0.0 ], [ 106.609454575000086, -5.863921245999961, 0.0 ], [ 106.609364337000045, -5.86390721999993, 0.0 ], [ 106.609357646000035, -5.863893907999966, 0.0 ], [ 106.609496526000044, -5.863755629999957, 0.0 ], [ 106.609560308000084, -5.863703836999946, 0.0 ], [ 106.609828920000041, -5.86357841399996, 0.0 ], [ 106.609989354000049, -5.863531126999931, 0.0 ], [ 106.610084426000071, -5.863466106999965, 0.0 ], [ 106.610194295000042, -5.863155481999968, 0.0 ], [ 106.610217452000086, -5.863099043999966, 0.0 ], [ 106.610426359000087, -5.862730535999958, 0.0 ], [ 106.610572092000041, -5.862678337999967, 0.0 ], [ 106.610845465000068, -5.86255968699993, 0.0 ], [ 106.611898265000036, -5.862003117999961, 0.0 ], [ 106.612110591000032, -5.861918254999978, 0.0 ], [ 106.612382700000069, -5.86169605799995, 0.0 ], [ 106.612705237000057, -5.861403181999947, 0.0 ], [ 106.612929092000059, -5.861204199999975, 0.0 ], [ 106.613266473000067, -5.860970655999949, 0.0 ], [ 106.613444492000042, -5.860690412999929, 0.0 ], [ 106.613919303000046, -5.859913440999946, 0.0 ], [ 106.614231128000085, -5.859346940999956, 0.0 ], [ 106.614251017000072, -5.859144061999928, 0.0 ], [ 106.614431275000072, -5.858873804999973, 0.0 ], [ 106.614440370000068, -5.858612902999937, 0.0 ], [ 106.614523095000038, -5.85855412199993, 0.0 ], [ 106.614612225000087, -5.85852456799995, 0.0 ], [ 106.614677587000074, -5.858435902999929, 0.0 ], [ 106.614671645000044, -5.858187642999951, 0.0 ], [ 106.614653819000068, -5.857720676999975, 0.0 ], [ 106.614641935000066, -5.857300997999971, 0.0 ], [ 106.614737007000087, -5.856958161999955, 0.0 ], [ 106.614790485000071, -5.856816297999956, 0.0 ], [ 106.614928248000069, -5.856721671999935, 0.0 ], [ 106.615064734000043, -5.856701809999947, 0.0 ], [ 106.615181910000047, -5.856718959999967, 0.0 ], [ 106.61547975600007, -5.856828119999932, 0.0 ], [ 106.615931347000071, -5.856875407999951, 0.0 ], [ 106.61621656300008, -5.856875407999951, 0.0 ], [ 106.616478011000083, -5.856804475999979, 0.0 ], [ 106.616538088000084, -5.856778988999963, 0.0 ], [ 106.616622774000064, -5.856756864999966, 0.0 ], [ 106.617352854000046, -5.856446344999938, 0.0 ], [ 106.617954273000066, -5.856151486999977, 0.0 ], [ 106.618284090000088, -5.856106143999966, 0.0 ], [ 106.618765103000044, -5.856037476999973, 0.0 ], [ 106.619447084000058, -5.855801632999942, 0.0 ], [ 106.619902614000068, -5.855673753999952, 0.0 ], [ 106.620600179000064, -5.855616196999961, 0.0 ], [ 106.621626384000081, -5.855324854999935, 0.0 ], [ 106.621676099000069, -5.855229388999931, 0.0 ], [ 106.62165348700006, -5.855013447999966, 0.0 ], [ 106.62165348700006, -5.854847939999956, 0.0 ], [ 106.621724791000076, -5.854765185999952, 0.0 ], [ 106.621885225000085, -5.854711986999973, 0.0 ], [ 106.621947855000087, -5.854714546999958, 0.0 ], [ 106.62212566900007, -5.854701374999934, 0.0 ], [ 106.623536361000049, -5.854811104999953, 0.0 ], [ 106.624652680000054, -5.854869208999958, 0.0 ], [ 106.624999482000078, -5.854802679999977, 0.0 ], [ 106.625121311000044, -5.854779312999938, 0.0 ], [ 106.62551013500007, -5.85464295099996, 0.0 ], [ 106.625859099000081, -5.854539990999967, 0.0 ], [ 106.62627096600005, -5.854509063999956, 0.0 ], [ 106.627702584000076, -5.854324886999962, 0.0 ], [ 106.628150391000077, -5.854235003999975, 0.0 ], [ 106.629356305000044, -5.854207112999973, 0.0 ], [ 106.630084350000061, -5.854233897999961, 0.0 ], [ 106.630665449000048, -5.854197945999942, 0.0 ], [ 106.63087506800008, -5.854197389999968, 0.0 ], [ 106.631065681000052, -5.854255516999956, 0.0 ], [ 106.631255748000058, -5.854357326999946, 0.0 ], [ 106.631332994000047, -5.854434169999934, 0.0 ], [ 106.631315168000071, -5.854534656999931, 0.0 ], [ 106.631154734000063, -5.854635143999928, 0.0 ], [ 106.63081009800004, -5.854771096999968, 0.0 ], [ 106.630507057000045, -5.854871583999966, 0.0 ], [ 106.63016242100008, -5.854912960999968, 0.0 ], [ 106.629805901000054, -5.854924782999944, 0.0 ], [ 106.629473150000081, -5.854877494999926, 0.0 ], [ 106.62921764400005, -5.854865672999949, 0.0 ], [ 106.628742285000044, -5.854895227999975, 0.0 ], [ 106.628415475000054, -5.854948426999954, 0.0 ], [ 106.628225331000067, -5.854995714999973, 0.0 ] ] ], [ [ [ 106.606739756000081, -5.85628272799994, 0.0 ], [ 106.607402198000045, -5.856225620999965, 0.0 ], [ 106.608024665000073, -5.856111406999958, 0.0 ], [ 106.608510075000083, -5.856071431999965, 0.0 ], [ 106.608812742000055, -5.856054299999926, 0.0 ], [ 106.608909824000079, -5.856191356999943, 0.0 ], [ 106.608875560000058, -5.856711030999975, 0.0 ], [ 106.608858428000076, -5.857322076999935, 0.0 ], [ 106.608829874000037, -5.857841750999967, 0.0 ], [ 106.60872708100004, -5.85788172599996, 0.0 ], [ 106.608732792000069, -5.858144417999938, 0.0 ], [ 106.608715660000087, -5.858458506999966, 0.0 ], [ 106.608618578000062, -5.858492771999977, 0.0 ], [ 106.60860144600008, -5.858681224999941, 0.0 ], [ 106.608041797000055, -5.858909652999955, 0.0 ], [ 106.607436462000067, -5.859143791999941, 0.0 ], [ 106.607139505000077, -5.859195187999944, 0.0 ], [ 106.606762598000046, -5.859223741999926, 0.0 ], [ 106.606248635000043, -5.859303691999969, 0.0 ], [ 106.605957389000082, -5.859349376999944, 0.0 ], [ 106.605860307000057, -5.859297980999941, 0.0 ], [ 106.605854596000086, -5.858989602999941, 0.0 ], [ 106.60574609300005, -5.858989602999941, 0.0 ], [ 106.605671853000047, -5.859075263999955, 0.0 ], [ 106.605671853000047, -5.859292269999969, 0.0 ], [ 106.605620457000043, -5.859543540999937, 0.0 ], [ 106.605449136000061, -5.859634912999979, 0.0 ], [ 106.605180733000054, -5.859743415999958, 0.0 ], [ 106.605089361000068, -5.859789101999979, 0.0 ], [ 106.605066519000047, -5.85976054799994, 0.0 ], [ 106.605060808000076, -5.859674887999972, 0.0 ], [ 106.604912330000047, -5.859680597999954, 0.0 ], [ 106.604575398000065, -5.85977196999994, 0.0 ], [ 106.604238466000083, -5.859880472999976, 0.0 ], [ 106.603981484000087, -5.859966133999933, 0.0 ], [ 106.603758767000045, -5.860006108999926, 0.0 ], [ 106.603199118000077, -5.860217404999958, 0.0 ], [ 106.602925004000042, -5.860348750999947, 0.0 ], [ 106.602856475000067, -5.860251668999979, 0.0 ], [ 106.602211165000085, -5.860462964999954, 0.0 ], [ 106.602079819000039, -5.860497228999975, 0.0 ], [ 106.601988448000043, -5.860634285999936, 0.0 ], [ 106.601765730000068, -5.860714235999978, 0.0 ], [ 106.601605831000086, -5.860822739999946, 0.0 ], [ 106.601337427000033, -5.860868424999978, 0.0 ], [ 106.601228924000054, -5.860571468999979, 0.0 ], [ 106.601103288000047, -5.860223115999929, 0.0 ], [ 106.601023338000061, -5.859983265999972, 0.0 ], [ 106.60098907400004, -5.859766258999969, 0.0 ], [ 106.600943389000065, -5.859526408999955, 0.0 ], [ 106.601023338000061, -5.859115238999948, 0.0 ], [ 106.601188949000061, -5.859126659999959, 0.0 ], [ 106.601280320000058, -5.85881257099993, 0.0 ], [ 106.601314585000068, -5.858749752999927, 0.0 ], [ 106.601748598000086, -5.858875388999934, 0.0 ], [ 106.601720045000036, -5.859143791999941, 0.0 ], [ 106.601742887000057, -5.859400773999937, 0.0 ], [ 106.601548723000064, -5.85946930199998, 0.0 ], [ 106.601777152000068, -5.860183140999936, 0.0 ], [ 106.603004954000085, -5.859857629999965, 0.0 ], [ 106.602993532000085, -5.859646333999933, 0.0 ], [ 106.602782236000053, -5.859497855999962, 0.0 ], [ 106.602517749000071, -5.859455070999957, 0.0 ], [ 106.602393908000067, -5.859435037999958, 0.0 ], [ 106.602294031000042, -5.85937195799994, 0.0 ], [ 106.602285405000089, -5.859366509999973, 0.0 ], [ 106.602273983000089, -5.858955338999976, 0.0 ], [ 106.602328730000067, -5.858850225999959, 0.0 ], [ 106.602450281000074, -5.85861684799994, 0.0 ], [ 106.602559519000067, -5.858407110999963, 0.0 ], [ 106.602856475000067, -5.858270053999945, 0.0 ], [ 106.603256225000052, -5.858098732999963, 0.0 ], [ 106.603438967000045, -5.857973096999956, 0.0 ], [ 106.603387571000042, -5.857796064999945, 0.0 ], [ 106.603250514000081, -5.85758476899997, 0.0 ], [ 106.603321263000055, -5.85753257999994, 0.0 ], [ 106.603545884000084, -5.85744882299997, 0.0 ], [ 106.603740048000077, -5.857372679999969, 0.0 ], [ 106.603736241000036, -5.857307958999968, 0.0 ], [ 106.604189291000068, -5.857049072999928, 0.0 ], [ 106.604459597000073, -5.85689298099993, 0.0 ], [ 106.604455790000088, -5.856793994999975, 0.0 ], [ 106.604691833000061, -5.856656937999958, 0.0 ], [ 106.604943104000085, -5.856588409999972, 0.0 ], [ 106.605038282000066, -5.856557951999946, 0.0 ], [ 106.605064932000062, -5.856497037999929, 0.0 ], [ 106.605449453000062, -5.856474194999976, 0.0 ], [ 106.605510367000079, -5.85645896699998, 0.0 ], [ 106.605495139000084, -5.855941195999947, 0.0 ], [ 106.605476103000058, -5.855925967999951, 0.0 ], [ 106.605392346000087, -5.855929774999936, 0.0 ], [ 106.605144565000046, -5.855941512999948, 0.0 ], [ 106.605101735000062, -5.85476130099994, 0.0 ], [ 106.605111252000086, -5.854423416999964, 0.0 ], [ 106.604997038000079, -5.854352032999941, 0.0 ], [ 106.604958967000073, -5.854285408999942, 0.0 ], [ 106.604935172000069, -5.854199747999928, 0.0 ], [ 106.60494944900006, -5.85413312299994, 0.0 ], [ 106.605025592000061, -5.854137881999975, 0.0 ], [ 106.605063663000067, -5.854095051999934, 0.0 ], [ 106.605030351000039, -5.853971319999971, 0.0 ], [ 106.604925655000045, -5.853961801999958, 0.0 ], [ 106.604854271000079, -5.853914212999939, 0.0 ], [ 106.60482571700004, -5.853842828999973, 0.0 ], [ 106.60482571700004, -5.853766685999972, 0.0 ], [ 106.604897101000063, -5.853728614999966, 0.0 ], [ 106.605016074000048, -5.85370957899994, 0.0 ], [ 106.605096976000084, -5.853690542999971, 0.0 ], [ 106.605177877000074, -5.853666748999956, 0.0 ], [ 106.605330163000076, -5.853595364999933, 0.0 ], [ 106.605406306000077, -5.853576328999964, 0.0 ], [ 106.605506243000036, -5.853543016999936, 0.0 ], [ 106.605568109000046, -5.853547775999971, 0.0 ], [ 106.605549073000077, -5.854347274999952, 0.0 ], [ 106.60529209200007, -5.854352032999941, 0.0 ], [ 106.60529209200007, -5.855789227999935, 0.0 ], [ 106.606101108000075, -5.855822539999963, 0.0 ], [ 106.606120144000045, -5.855722602999947, 0.0 ], [ 106.606229599000073, -5.85573212099996, 0.0 ], [ 106.606224840000039, -5.856008137999936, 0.0 ], [ 106.606129662000058, -5.856027173999962, 0.0 ], [ 106.60609634900004, -5.855960548999974, 0.0 ], [ 106.605753707000076, -5.855951030999961, 0.0 ], [ 106.605725153000037, -5.856336503999955, 0.0 ], [ 106.606288610000036, -5.856328413999961, 0.0 ], [ 106.606739756000081, -5.85628272799994, 0.0 ] ] ], [ [ [ 106.614279600000089, -5.85377103899998, 0.0 ], [ 106.614334611000061, -5.853799292999952, 0.0 ], [ 106.614512526000055, -5.853955447999965, 0.0 ], [ 106.614649290000045, -5.854208514999925, 0.0 ], [ 106.614761497000075, -5.854564144999927, 0.0 ], [ 106.614783986000077, -5.854721591999976, 0.0 ], [ 106.614786957000035, -5.854913698999951, 0.0 ], [ 106.614772102000074, -5.855058518999954, 0.0 ], [ 106.614700798000058, -5.855161960999965, 0.0 ], [ 106.614634012000067, -5.855201121999926, 0.0 ], [ 106.614586476000056, -5.855212943999959, 0.0 ], [ 106.614509230000067, -5.85517452199997, 0.0 ], [ 106.614423071000033, -5.855100634999928, 0.0 ], [ 106.614325029000042, -5.855000147999931, 0.0 ], [ 106.61411705900008, -5.854731196999978, 0.0 ], [ 106.613903147000087, -5.854459290999955, 0.0 ], [ 106.613894234000043, -5.85439131499993, 0.0 ], [ 106.613906118000045, -5.854329248999932, 0.0 ], [ 106.613956625000071, -5.85424353999997, 0.0 ], [ 106.614021987000058, -5.854007099999933, 0.0 ], [ 106.614090320000059, -5.853803169999935, 0.0 ], [ 106.614170537000064, -5.85375292599997, 0.0 ], [ 106.614236154000082, -5.853754379999941, 0.0 ], [ 106.614279600000089, -5.85377103899998, 0.0 ] ] ], [ [ [ 106.622744405000049, -5.854161721999958, 0.0 ], [ 106.622695086000078, -5.85422024099995, 0.0 ], [ 106.622657057000083, -5.854267528999969, 0.0 ], [ 106.622621405000075, -5.854317180999942, 0.0 ], [ 106.622616652000033, -5.85435973999995, 0.0 ], [ 106.622614275000046, -5.854390477999971, 0.0 ], [ 106.622614275000046, -5.854425943999956, 0.0 ], [ 106.622588130000054, -5.854435400999932, 0.0 ], [ 106.622564362000048, -5.854418849999945, 0.0 ], [ 106.622561985000061, -5.854366833999961, 0.0 ], [ 106.622583377000069, -5.854293536999933, 0.0 ], [ 106.622621405000075, -5.854210782999928, 0.0 ], [ 106.622640420000039, -5.854158765999955, 0.0 ], [ 106.622664188000044, -5.854078967999953, 0.0 ], [ 106.62269389800008, -5.854016901999955, 0.0 ], [ 106.622729550000088, -5.85395779199996, 0.0 ], [ 106.622774115000084, -5.85394892599993, 0.0 ], [ 106.622824621000063, -5.853963702999977, 0.0 ], [ 106.622842447000039, -5.854037590999951, 0.0 ], [ 106.622821650000049, -5.85409078999993, 0.0 ], [ 106.622744405000049, -5.854161721999958, 0.0 ] ] ], [ [ [ 106.619708789000072, -5.854704252999966, 0.0 ], [ 106.619667195000034, -5.854733807999935, 0.0 ], [ 106.619586775000073, -5.854718807999973, 0.0 ], [ 106.619572508000033, -5.854684492999979, 0.0 ], [ 106.619487981000077, -5.854497423999931, 0.0 ], [ 106.619371553000065, -5.854241894999973, 0.0 ], [ 106.619387091000078, -5.853999727999962, 0.0 ], [ 106.619470767000053, -5.85370295499996, 0.0 ], [ 106.619629966000048, -5.853468096999961, 0.0 ], [ 106.620224353000083, -5.852790149999976, 0.0 ], [ 106.620543122000072, -5.852540144999978, 0.0 ], [ 106.620810842000083, -5.85243371599995, 0.0 ], [ 106.620847424000033, -5.85244966099998, 0.0 ], [ 106.620880871000054, -5.852487380999946, 0.0 ], [ 106.620931149000057, -5.852628167999967, 0.0 ], [ 106.620917954000049, -5.852790225999968, 0.0 ], [ 106.620814143000075, -5.852986772999941, 0.0 ], [ 106.620587939000075, -5.853299239999956, 0.0 ], [ 106.620466890000046, -5.853326483999979, 0.0 ], [ 106.620402130000059, -5.853286890999925, 0.0 ], [ 106.620336661000067, -5.853138787999967, 0.0 ], [ 106.620268921000047, -5.853048979999926, 0.0 ], [ 106.620185076000041, -5.853082951999966, 0.0 ], [ 106.620090240000081, -5.853191377999963, 0.0 ], [ 106.619846456000062, -5.853623459999937, 0.0 ], [ 106.619719952000082, -5.854067826999938, 0.0 ], [ 106.619742135000081, -5.854232730999968, 0.0 ], [ 106.619814242000075, -5.854634917999931, 0.0 ], [ 106.619836447000068, -5.854710163999925, 0.0 ], [ 106.619762267000056, -5.854710163999925, 0.0 ], [ 106.619708789000072, -5.854704252999966, 0.0 ] ] ], [ [ [ 106.622028451000062, -5.852576991999968, 0.0 ], [ 106.622090785000069, -5.852627518999952, 0.0 ], [ 106.622117524000032, -5.852683672999945, 0.0 ], [ 106.622141292000038, -5.852790071999948, 0.0 ], [ 106.622135350000065, -5.852875780999966, 0.0 ], [ 106.622099698000056, -5.852949668999941, 0.0 ], [ 106.622072959000036, -5.853011734999939, 0.0 ], [ 106.622031365000055, -5.853094488999943, 0.0 ], [ 106.621995713000047, -5.853174287999934, 0.0 ], [ 106.621974916000056, -5.853265907999969, 0.0 ], [ 106.62193035100006, -5.853316151999934, 0.0 ], [ 106.621862019000048, -5.85334570699996, 0.0 ], [ 106.621799628000076, -5.853351617999976, 0.0 ], [ 106.621737237000048, -5.853330928999981, 0.0 ], [ 106.621636223000053, -5.853295462999938, 0.0 ], [ 106.621574364000082, -5.853232168999966, 0.0 ], [ 106.62154012600007, -5.853157994999947, 0.0 ], [ 106.621501131000059, -5.85299589899995, 0.0 ], [ 106.621503562000044, -5.852917763999926, 0.0 ], [ 106.621541151000088, -5.852793026999962, 0.0 ], [ 106.621567890000051, -5.852716183999974, 0.0 ], [ 106.621606513000074, -5.852660028999935, 0.0 ], [ 106.621680788000049, -5.852627518999952, 0.0 ], [ 106.621772889000056, -5.852583185999947, 0.0 ], [ 106.621921881000048, -5.852553305999947, 0.0 ], [ 106.622028451000062, -5.852576991999968, 0.0 ] ] ], [ [ [ 106.608430369000075, -5.759583469999939, 0.0 ], [ 106.608427990000052, -5.75965961299994, 0.0 ], [ 106.608358985000052, -5.759747652999977, 0.0 ], [ 106.608309017000067, -5.759788103999938, 0.0 ], [ 106.608282842000051, -5.759828554999956, 0.0 ], [ 106.608278084000062, -5.759864246999939, 0.0 ], [ 106.608287601000086, -5.759902317999945, 0.0 ], [ 106.608282842000051, -5.759928491999972, 0.0 ], [ 106.608256668000081, -5.759942768999963, 0.0 ], [ 106.608218597000075, -5.759938009999928, 0.0 ], [ 106.608180526000069, -5.75990707699998, 0.0 ], [ 106.608121039000082, -5.759880902999953, 0.0 ], [ 106.608052035000071, -5.759866625999962, 0.0 ], [ 106.607923544000073, -5.75987852399993, 0.0 ], [ 106.607583281000075, -5.759961804999932, 0.0 ], [ 106.607345335000048, -5.759957045999954, 0.0 ], [ 106.607093112000086, -5.759942768999963, 0.0 ], [ 106.606981277000045, -5.759902317999945, 0.0 ], [ 106.606952724000053, -5.75984521099997, 0.0 ], [ 106.606964621000088, -5.759790482999961, 0.0 ], [ 106.606997934000049, -5.759745273999954, 0.0 ], [ 106.607059800000059, -5.759702442999981, 0.0 ], [ 106.607088353000051, -5.75963343899997, 0.0 ], [ 106.607114527000078, -5.759531121999942, 0.0 ], [ 106.60712880400007, -5.759454978999941, 0.0 ], [ 106.60716211600004, -5.75938597499993, 0.0 ], [ 106.607273951000082, -5.759326488999932, 0.0 ], [ 106.607259674000034, -5.759283657999958, 0.0 ], [ 106.607359612000039, -5.75924320699994, 0.0 ], [ 106.607392924000067, -5.759302693999928, 0.0 ], [ 106.607440513000086, -5.759286037999971, 0.0 ], [ 106.607485723000082, -5.759295555999927, 0.0 ], [ 106.607526174000043, -5.759312211999941, 0.0 ], [ 106.607576143000074, -5.759314590999963, 0.0 ], [ 106.607633250000049, -5.75930507299995, 0.0 ], [ 106.60776412000007, -5.75930507299995, 0.0 ], [ 106.607921164000061, -5.759314590999963, 0.0 ], [ 106.608092486000032, -5.759316970999976, 0.0 ], [ 106.608168628000044, -5.759324108999976, 0.0 ], [ 106.608259048000036, -5.759350282999947, 0.0 ], [ 106.60833757000006, -5.759402630999944, 0.0 ], [ 106.608394677000035, -5.759478773999945, 0.0 ], [ 106.608430369000075, -5.759583469999939, 0.0 ] ] ], [ [ [ 106.616107149000072, -5.746986865999929, 0.0 ], [ 106.616188050000062, -5.747096320999958, 0.0 ], [ 106.616235639000081, -5.747220052999978, 0.0 ], [ 106.616226122000057, -5.74732950799995, 0.0 ], [ 106.616202327000053, -5.747448480999935, 0.0 ], [ 106.616130943000087, -5.747572212999955, 0.0 ], [ 106.616031006000071, -5.747705462999932, 0.0 ], [ 106.61595486300007, -5.74771973999998, 0.0 ], [ 106.615907274000051, -5.74775305199995, 0.0 ], [ 106.615845408000041, -5.747819676999939, 0.0 ], [ 106.615740712000047, -5.747910096999931, 0.0 ], [ 106.615636015000064, -5.748010033999947, 0.0 ], [ 106.615617092000036, -5.748005894999949, 0.0 ], [ 106.615478971000073, -5.748024310999938, 0.0 ], [ 106.615421864000041, -5.748033828999951, 0.0 ], [ 106.61538855100008, -5.748010033999947, 0.0 ], [ 106.615374275000079, -5.747981479999964, 0.0 ], [ 106.615383792000046, -5.74793864999998, 0.0 ], [ 106.615391147000082, -5.747916585999974, 0.0 ], [ 106.615436141000089, -5.747857747999944, 0.0 ], [ 106.615588426000045, -5.747914854999976, 0.0 ], [ 106.616078595000033, -5.747148668999955, 0.0 ], [ 106.615283855000087, -5.746729883999933, 0.0 ], [ 106.614846034000038, -5.747529382999971, 0.0 ], [ 106.615079221000087, -5.747676908999949, 0.0 ], [ 106.615031632000068, -5.748119488999976, 0.0 ], [ 106.614974525000036, -5.748138524999945, 0.0 ], [ 106.614884106000034, -5.748148042999958, 0.0 ], [ 106.614826999000059, -5.748124247999954, 0.0 ], [ 106.614836516000082, -5.748052863999931, 0.0 ], [ 106.614931695000053, -5.748010033999947, 0.0 ], [ 106.615022114000055, -5.747729257999936, 0.0 ], [ 106.614603329000033, -5.747457998999948, 0.0 ], [ 106.614597739000033, -5.747452408999948, 0.0 ], [ 106.614595648000034, -5.747459184999968, 0.0 ], [ 106.614595475000044, -5.747459563999939, 0.0 ], [ 106.614571441000066, -5.747443848999978, 0.0 ], [ 106.614428674000067, -5.74763420599993, 0.0 ], [ 106.614166933000035, -5.747995883999977, 0.0 ], [ 106.61398609400004, -5.748238588999925, 0.0 ], [ 106.613700559000051, -5.748519364999936, 0.0 ], [ 106.613395987000047, -5.748800141999936, 0.0 ], [ 106.61320087200005, -5.749052364999955, 0.0 ], [ 106.612943890000054, -5.749280792999969, 0.0 ], [ 106.612615524000034, -5.749542533999943, 0.0 ], [ 106.612406132000046, -5.749647229999937, 0.0 ], [ 106.612011141000039, -5.749580604999949, 0.0 ], [ 106.611754159000043, -5.749494944999981, 0.0 ], [ 106.611573320000048, -5.749380729999928, 0.0 ], [ 106.611482840000065, -5.749242854999977, 0.0 ], [ 106.611473383000089, -5.749228444999972, 0.0 ], [ 106.611449588000085, -5.749118989999943, 0.0 ], [ 106.611463865000076, -5.748957185999927, 0.0 ], [ 106.61150669500006, -5.748652614999969, 0.0 ], [ 106.61163042700008, -5.748471775999974, 0.0 ], [ 106.611701811000046, -5.74824334799996, 0.0 ], [ 106.611820784000088, -5.747862633999944, 0.0 ], [ 106.611882650000041, -5.74763420599993, 0.0 ], [ 106.611934998000038, -5.74745812599997, 0.0 ], [ 106.611906445000045, -5.747343911999963, 0.0 ], [ 106.611811266000075, -5.747239214999979, 0.0 ], [ 106.611482901000045, -5.74706789399994, 0.0 ], [ 106.61142579400007, -5.746929885999975, 0.0 ], [ 106.611516213000073, -5.746710974999928, 0.0 ], [ 106.611639945000036, -5.746444474999976, 0.0 ], [ 106.611706570000081, -5.746206528999949, 0.0 ], [ 106.611806508000086, -5.746244600999944, 0.0 ], [ 106.611758918000078, -5.746349296999938, 0.0 ], [ 106.611692293000033, -5.74656344899995, 0.0 ], [ 106.611606633000065, -5.746787117999929, 0.0 ], [ 106.612139632000037, -5.746996509999974, 0.0 ], [ 106.612168186000076, -5.746944161999977, 0.0 ], [ 106.612220534000073, -5.746806153999955, 0.0 ], [ 106.612329989000045, -5.746701456999972, 0.0 ], [ 106.612439444000074, -5.746525376999955, 0.0 ], [ 106.612525105000088, -5.746306466999954, 0.0 ], [ 106.612547114000051, -5.74615973799996, 0.0 ], [ 106.612158668000063, -5.746039966999945, 0.0 ], [ 106.612225293000051, -5.74585912799995, 0.0 ], [ 106.612368060000051, -5.745492690999981, 0.0 ], [ 106.612420408000048, -5.745288056999925, 0.0 ], [ 106.61251082800004, -5.744940655999926, 0.0 ], [ 106.612897370000042, -5.745013669999935, 0.0 ], [ 106.61326680600007, -5.744441085999938, 0.0 ], [ 106.613348521000034, -5.744232688999944, 0.0 ], [ 106.613353550000056, -5.744219869999938, 0.0 ], [ 106.61335734000005, -5.744212958999981, 0.0 ], [ 106.613462989000084, -5.74402059099998, 0.0 ], [ 106.613560671000073, -5.743842703999974, 0.0 ], [ 106.613797229000056, -5.743435233999946, 0.0 ], [ 106.613813160000063, -5.743385841999952, 0.0 ], [ 106.613836971000069, -5.743316541999945, 0.0 ], [ 106.614035012000045, -5.742734915999961, 0.0 ], [ 106.614035792000038, -5.742733212999951, 0.0 ], [ 106.614042011000038, -5.742719730999966, 0.0 ], [ 106.61412664900007, -5.742536174999941, 0.0 ], [ 106.614240473000052, -5.742419570999971, 0.0 ], [ 106.614288815000066, -5.742370042999937, 0.0 ], [ 106.614304187000073, -5.742362330999981, 0.0 ], [ 106.614767313000073, -5.74213001399994, 0.0 ], [ 106.615024519000087, -5.742056735999938, 0.0 ], [ 106.615239129000088, -5.742050251999956, 0.0 ], [ 106.61555334500008, -5.742158420999942, 0.0 ], [ 106.615782085000035, -5.742302947999974, 0.0 ], [ 106.615912469000079, -5.742446351999945, 0.0 ], [ 106.616021259000036, -5.742680100999962, 0.0 ], [ 106.616108872000041, -5.743132809999963, 0.0 ], [ 106.615973833000055, -5.74431359099998, 0.0 ], [ 106.615871745000049, -5.744776005999938, 0.0 ], [ 106.615557916000057, -5.745510422999928, 0.0 ], [ 106.615528923000056, -5.745560249999926, 0.0 ], [ 106.615506761000063, -5.745605933999968, 0.0 ], [ 106.615190784000049, -5.746241716999975, 0.0 ], [ 106.615157491000048, -5.746338849999972, 0.0 ], [ 106.61503226800005, -5.74661439099998, 0.0 ], [ 106.615174400000058, -5.746706088999929, 0.0 ], [ 106.615226748000055, -5.746644222999976, 0.0 ], [ 106.615586596000071, -5.74678890499996, 0.0 ], [ 106.615621738000073, -5.746810785999969, 0.0 ], [ 106.615788301000066, -5.74684409799994, 0.0 ], [ 106.615878720000069, -5.746877409999968, 0.0 ], [ 106.615988175000041, -5.746939275999978, 0.0 ], [ 106.616107149000072, -5.746986865999929, 0.0 ] ] ], [ [ [ 106.602616786000056, -5.74100679999998, 0.0 ], [ 106.60235868500007, -5.740687001999959, 0.0 ], [ 106.602103440000064, -5.740503842999942, 0.0 ], [ 106.601741762000074, -5.74014692399993, 0.0 ], [ 106.601480750000064, -5.739736895999954, 0.0 ], [ 106.601168837000046, -5.739438221999933, 0.0 ], [ 106.600876828000082, -5.739343855999948, 0.0 ], [ 106.600549652000041, -5.739284368999961, 0.0 ], [ 106.600299809000035, -5.739296266999929, 0.0 ], [ 106.600174887000037, -5.739391444999967, 0.0 ], [ 106.60011540000005, -5.739563955999927, 0.0 ], [ 106.600103503000071, -5.73970077499996, 0.0 ], [ 106.600044016000084, -5.739801901999954, 0.0 ], [ 106.599913146000063, -5.739784055999962, 0.0 ], [ 106.599835814000073, -5.739671031999933, 0.0 ], [ 106.599782276000042, -5.739486623999937, 0.0 ], [ 106.599687097000071, -5.739409290999959, 0.0 ], [ 106.599550278000038, -5.739379547999931, 0.0 ], [ 106.599383716000034, -5.739421187999938, 0.0 ], [ 106.599248087000035, -5.739452120999943, 0.0 ], [ 106.599110078000081, -5.739337906999936, 0.0 ], [ 106.598955413000056, -5.739266522999969, 0.0 ], [ 106.598604443000056, -5.739046422999934, 0.0 ], [ 106.598301061000086, -5.73894529599994, 0.0 ], [ 106.598271318000059, -5.738844168999947, 0.0 ], [ 106.598150599000064, -5.738669963999939, 0.0 ], [ 106.597927881000032, -5.738601095999968, 0.0 ], [ 106.597892737000052, -5.738527540999939, 0.0 ], [ 106.598083591000034, -5.738261647999934, 0.0 ], [ 106.598205431000054, -5.738162784999929, 0.0 ], [ 106.598467870000036, -5.737986518999946, 0.0 ], [ 106.598729036000066, -5.737846138999942, 0.0 ], [ 106.598917371000084, -5.737744910999936, 0.0 ], [ 106.599592362000067, -5.737555373999953, 0.0 ], [ 106.599602935000064, -5.737552404999974, 0.0 ], [ 106.599666057000036, -5.737544912999965, 0.0 ], [ 106.600095794000083, -5.737493929999971, 0.0 ], [ 106.600519263000081, -5.737470365999968, 0.0 ], [ 106.600636356000052, -5.737463850999973, 0.0 ], [ 106.600790689000064, -5.737456039999927, 0.0 ], [ 106.601002680000079, -5.737445315999935, 0.0 ], [ 106.601661257000046, -5.737344315999962, 0.0 ], [ 106.602024125000071, -5.737397852999948, 0.0 ], [ 106.602345352000043, -5.737695285999962, 0.0 ], [ 106.602684425000064, -5.73833179199994, 0.0 ], [ 106.602916422000078, -5.739224089999936, 0.0 ], [ 106.603186662000041, -5.74027487799998, 0.0 ], [ 106.603287378000061, -5.740600049999955, 0.0 ], [ 106.603330756000048, -5.740766769999937, 0.0 ], [ 106.603467742000078, -5.741293288999941, 0.0 ], [ 106.603575052000053, -5.741542146999961, 0.0 ], [ 106.603776738000079, -5.742140429999949, 0.0 ], [ 106.603957671000046, -5.742578548999973, 0.0 ], [ 106.603946333000067, -5.742692946999966, 0.0 ], [ 106.603815462000057, -5.742663203999939, 0.0 ], [ 106.603416902000049, -5.742092132999971, 0.0 ], [ 106.603291981000041, -5.74172331699998, 0.0 ], [ 106.603149213000052, -5.741437781999934, 0.0 ], [ 106.602816089000044, -5.74111060599995, 0.0 ], [ 106.602616786000056, -5.74100679999998, 0.0 ] ] ], [ [ [ 106.619128299000067, -5.739596893999931, 0.0 ], [ 106.619142576000058, -5.739642579999952, 0.0 ], [ 106.619128299000067, -5.739708252999947, 0.0 ], [ 106.619111167000085, -5.739716818999966, 0.0 ], [ 106.619068337000044, -5.739719674999947, 0.0 ], [ 106.619019796000089, -5.739733950999948, 0.0 ], [ 106.618979821000039, -5.739751082999931, 0.0 ], [ 106.618954123000037, -5.739725384999929, 0.0 ], [ 106.618951268000046, -5.739705397999955, 0.0 ], [ 106.618974110000067, -5.739656856999943, 0.0 ], [ 106.618985532000067, -5.73961688199995, 0.0 ], [ 106.618985532000067, -5.73959403899994, 0.0 ], [ 106.618976966000048, -5.739568340999938, 0.0 ], [ 106.618948412000066, -5.739539786999956, 0.0 ], [ 106.618959834000066, -5.739514088999954, 0.0 ], [ 106.61900266400005, -5.739499811999963, 0.0 ], [ 106.619048350000071, -5.739508377999925, 0.0 ], [ 106.619074048000073, -5.739531220999936, 0.0 ], [ 106.619096891000083, -5.739556918999938, 0.0 ], [ 106.619128299000067, -5.739596893999931, 0.0 ] ] ], [ [ [ 106.610009951000052, -5.736864036999975, 0.0 ], [ 106.610005985000043, -5.736875932999965, 0.0 ], [ 106.609992608000084, -5.736882269999967, 0.0 ], [ 106.60995458900004, -5.737030121999965, 0.0 ], [ 106.609903193000036, -5.737224285999957, 0.0 ], [ 106.609920325000076, -5.73741844999995, 0.0 ], [ 106.609934528000053, -5.737464932999956, 0.0 ], [ 106.60993420300008, -5.737469153999939, 0.0 ], [ 106.609918577000087, -5.737599372999966, 0.0 ], [ 106.609891771000036, -5.737635456999953, 0.0 ], [ 106.609823243000051, -5.737801067999953, 0.0 ], [ 106.609753534000049, -5.737949198999956, 0.0 ], [ 106.609731871000065, -5.737995231999946, 0.0 ], [ 106.60963478900004, -5.737995231999946, 0.0 ], [ 106.609503443000051, -5.737920991999943, 0.0 ], [ 106.609389229000044, -5.737829620999946, 0.0 ], [ 106.609320700000069, -5.737761092999961, 0.0 ], [ 106.609320700000069, -5.737658299999964, 0.0 ], [ 106.609383518000072, -5.737492688999964, 0.0 ], [ 106.609382168000081, -5.737469153999939, 0.0 ], [ 106.609387599000058, -5.737289927999939, 0.0 ], [ 106.609286436000048, -5.737247128999968, 0.0 ], [ 106.60932641100004, -5.737121492999961, 0.0 ], [ 106.609412072000055, -5.736870221999936, 0.0 ], [ 106.609514865000051, -5.736698900999954, 0.0 ], [ 106.610017407000043, -5.736841668999944, 0.0 ], [ 106.610009951000052, -5.736864036999975, 0.0 ] ] ], [ [ [ 106.60101024800008, -5.736080955999967, 0.0 ], [ 106.600993961000086, -5.736084210999934, 0.0 ], [ 106.599907200000075, -5.736184199999968, 0.0 ], [ 106.599753930000077, -5.736113569999929, 0.0 ], [ 106.59899673700005, -5.735670357999936, 0.0 ], [ 106.598678067000037, -5.735494621999976, 0.0 ], [ 106.598663615000078, -5.73542727399996, 0.0 ], [ 106.598727211000039, -5.735297854999942, 0.0 ], [ 106.598855450000087, -5.735224356999936, 0.0 ], [ 106.598950310000077, -5.735174743999949, 0.0 ], [ 106.600083377000033, -5.734348871999941, 0.0 ], [ 106.600597340000036, -5.734077612999954, 0.0 ], [ 106.601011367000069, -5.73403478299997, 0.0 ], [ 106.601511053000081, -5.734091889999945, 0.0 ], [ 106.601932218000059, -5.734206103999952, 0.0 ], [ 106.602538980000077, -5.73433459499995, 0.0 ], [ 106.602881623000087, -5.734306040999968, 0.0 ], [ 106.603102913000043, -5.73418468899996, 0.0 ], [ 106.60320998900005, -5.734163273999968, 0.0 ], [ 106.603295649000074, -5.734241795999935, 0.0 ], [ 106.603345618000048, -5.734441670999956, 0.0 ], [ 106.603353180000056, -5.734708095999963, 0.0 ], [ 106.603276953000034, -5.734851979999974, 0.0 ], [ 106.60296151600005, -5.735226371999943, 0.0 ], [ 106.602656384000056, -5.735434191999957, 0.0 ], [ 106.601972021000051, -5.735763958999939, 0.0 ], [ 106.601344429000051, -5.736014096999952, 0.0 ], [ 106.601188654000055, -5.736045260999958, 0.0 ], [ 106.60101024800008, -5.736080955999967, 0.0 ] ] ], [ [ [ 106.71290818500006, -5.695490951999943, 0.0 ], [ 106.712808247000055, -5.695526643999926, 0.0 ], [ 106.712694033000048, -5.695569473999967, 0.0 ], [ 106.712479882000082, -5.695805040999971, 0.0 ], [ 106.71227286900006, -5.695954946999962, 0.0 ], [ 106.712044440000057, -5.696062022999968, 0.0 ], [ 106.711773182000059, -5.696311865999974, 0.0 ], [ 106.711544754000045, -5.696511740999938, 0.0 ], [ 106.711380571000063, -5.69671875399996, 0.0 ], [ 106.711294910000049, -5.696740168999952, 0.0 ], [ 106.71115928100005, -5.696647369999937, 0.0 ], [ 106.711059344000034, -5.69641894199998, 0.0 ], [ 106.711052205000044, -5.696169097999928, 0.0 ], [ 106.711123589000067, -5.69590497799993, 0.0 ], [ 106.711352017000081, -5.695476674999952, 0.0 ], [ 106.711509062000061, -5.69511975599994, 0.0 ], [ 106.711694660000035, -5.694677175999971, 0.0 ], [ 106.711880258000065, -5.694377363999934, 0.0 ], [ 106.711987333000081, -5.694127520999928, 0.0 ], [ 106.712258592000069, -5.693949060999955, 0.0 ], [ 106.712586958000088, -5.693763462999925, 0.0 ], [ 106.71275114000008, -5.69374918699998, 0.0 ], [ 106.713086644000043, -5.693692079999948, 0.0 ], [ 106.713322211000047, -5.693649248999975, 0.0 ], [ 106.713422148000063, -5.693634971999927, 0.0 ], [ 106.713429287000054, -5.693727770999942, 0.0 ], [ 106.713336488000039, -5.693884815999979, 0.0 ], [ 106.713307934000056, -5.694056136999961, 0.0 ], [ 106.713379318000079, -5.694156073999977, 0.0 ], [ 106.713422148000063, -5.694248872999935, 0.0 ], [ 106.713400733000071, -5.694491577999941, 0.0 ], [ 106.713229412000032, -5.694812805999959, 0.0 ], [ 106.713150890000065, -5.695069786999966, 0.0 ], [ 106.713193720000049, -5.69526966199993, 0.0 ], [ 106.713400733000071, -5.695440982999969, 0.0 ], [ 106.713550639000061, -5.695662272999925, 0.0 ], [ 106.713614885000084, -5.69590497799993, 0.0 ], [ 106.713629162000075, -5.696190513999966, 0.0 ], [ 106.713593470000035, -5.69641894199998, 0.0 ], [ 106.713529224000069, -5.696526017999929, 0.0 ], [ 106.713422148000063, -5.696540293999931, 0.0 ], [ 106.713422148000063, -5.696426079999981, 0.0 ], [ 106.713422148000063, -5.696047745999977, 0.0 ], [ 106.713372180000079, -5.695776486999932, 0.0 ], [ 106.713229412000032, -5.695526643999926, 0.0 ], [ 106.713093783000033, -5.695391014999927, 0.0 ], [ 106.713008122000076, -5.695405290999929, 0.0 ], [ 106.71290818500006, -5.695490951999943, 0.0 ] ] ], [ [ [ 106.603717306000078, -5.604703990999951, 0.0 ], [ 106.603706598000088, -5.604825343999948, 0.0 ], [ 106.603635214000064, -5.604925280999964, 0.0 ], [ 106.60355312300004, -5.605071617999954, 0.0 ], [ 106.603488878000064, -5.605232231999935, 0.0 ], [ 106.603456755000082, -5.605321461999949, 0.0 ], [ 106.603421063000042, -5.605360722999933, 0.0 ], [ 106.603335402000084, -5.605389275999926, 0.0 ], [ 106.603210481000076, -5.605432106999956, 0.0 ], [ 106.603124820000062, -5.605453521999948, 0.0 ], [ 106.603007037000054, -5.605414260999964, 0.0 ], [ 106.602889253000058, -5.605335737999951, 0.0 ], [ 106.602814300000034, -5.605278630999976, 0.0 ], [ 106.602764332000049, -5.605207246999953, 0.0 ], [ 106.602782178000041, -5.605110878999938, 0.0 ], [ 106.602832146000083, -5.60499309599993, 0.0 ], [ 106.60292137600004, -5.604886019999981, 0.0 ], [ 106.603060575000086, -5.604775374999974, 0.0 ], [ 106.603137608000054, -5.604711622999957, 0.0 ], [ 106.603345159000071, -5.604673236999929, 0.0 ], [ 106.603598435000038, -5.604634608999959, 0.0 ], [ 106.603686447000086, -5.604643761999967, 0.0 ], [ 106.603717306000078, -5.604703990999951, 0.0 ] ] ] ] } }
]
}
